  2026-07-08T21:41:32.480513Z  INFO  2026-07-08 17:41:32.480132 -04:00: *********** New Whack A Mole game run started ***********
    at src/main.rs:55 on ThreadId(1)

  2026-07-08T21:41:32.480820Z  INFO  2026-07-08 17:41:32.480742 -04:00: Started tracing with logging to logs/mole_trace.log
    at src/main.rs:60 on ThreadId(1)

  2026-07-08T21:41:32.480859Z  INFO  2026-07-08 17:41:32.480856 -04:00: Initialized game with 4 moles
    at src/main.rs:65 on ThreadId(1)

  2026-07-08T21:41:32.480923Z  INFO  2026-07-08 17:41:32.480920 -04:00: Spawned game task
    at src/main.rs:72 on ThreadId(1)

  2026-07-08T21:41:32.480962Z  INFO  2026-07-08 17:41:32.480959 -04:00: Spawned renderer task
    at src/main.rs:74 on ThreadId(1)

  2026-07-08T21:41:32.481172Z  INFO  2026-07-08 17:41:32.480993 -04:00: Entered Game::run() with tick interval 50ms
    at src/game.rs:50 on ThreadId(12)

  2026-07-08T21:41:32.481265Z TRACE  registering event source with poller: token=Token(0), interests=READABLE
    at /Users/eric/.cargo/registry/src/index.crates.io-1949cf8c6b5b557f/mio-1.2.1/src/poll.rs:578 on ThreadId(12)

  2026-07-08T21:41:32.481423Z TRACE  registering event source with poller: token=Token(1), interests=READABLE
    at /Users/eric/.cargo/registry/src/index.crates.io-1949cf8c6b5b557f/mio-1.2.1/src/poll.rs:578 on ThreadId(12)

  2026-07-08T21:41:32.487102Z  INFO  2026-07-08 17:41:32.487059 -04:00: Entering Renderer::recv_panel_updates() loop
    at src/renderer.rs:117 on ThreadId(11)

  2026-07-08T21:55:38.584365Z  INFO  *********** New Whack A Mole game run started ***********
    at src/main.rs:55 on ThreadId(1)

  2026-07-08T21:55:38.585127Z  INFO  Started tracing with logging to logs/mole_trace.log
    at src/main.rs:57 on ThreadId(1)

  2026-07-08T21:55:38.585168Z  INFO  Initialized game with 4 moles
    at src/main.rs:61 on ThreadId(1)

  2026-07-08T21:55:38.585249Z  INFO  Spawned game task
    at src/main.rs:64 on ThreadId(1)

  2026-07-08T21:55:38.585313Z  INFO  Spawned renderer task
    at src/main.rs:66 on ThreadId(1)

  2026-07-08T21:55:38.585323Z  INFO  Entered Game::run() with tick interval 50ms
    at src/game.rs:49 on ThreadId(4)

  2026-07-08T21:55:38.585491Z TRACE  registering event source with poller: token=Token(0), interests=READABLE
    at /Users/eric/.cargo/registry/src/index.crates.io-1949cf8c6b5b557f/mio-1.2.1/src/poll.rs:578 on ThreadId(4)

  2026-07-08T21:55:38.585553Z TRACE  registering event source with poller: token=Token(1), interests=READABLE
    at /Users/eric/.cargo/registry/src/index.crates.io-1949cf8c6b5b557f/mio-1.2.1/src/poll.rs:578 on ThreadId(4)

  2026-07-08T21:55:38.589519Z  INFO  Entering Renderer::recv_panel_updates() loop
    at src/renderer.rs:113 on ThreadId(12)

  2026-07-08T22:03:27.101840Z  INFO  *********** New Whack A Mole game run started ***********
    at src/main.rs:55 on ThreadId(1)

  2026-07-08T22:03:27.102523Z  INFO  Started tracing with logging to logs/mole_trace.log
    at src/main.rs:57 on ThreadId(1)

  2026-07-08T22:03:27.102539Z  INFO  Initialized game with 4 moles
    at src/main.rs:61 on ThreadId(1)

  2026-07-08T22:03:27.102582Z  INFO  Spawned game task
    at src/main.rs:64 on ThreadId(1)

  2026-07-08T22:03:27.102597Z  INFO  Spawned renderer task
    at src/main.rs:66 on ThreadId(1)

  2026-07-08T22:03:27.102606Z  INFO  Entered Game::run() with tick interval 50ms
    at src/game.rs:49 on ThreadId(12)

  2026-07-08T22:03:27.102751Z TRACE  registering event source with poller: token=Token(0), interests=READABLE
    at /Users/eric/.cargo/registry/src/index.crates.io-1949cf8c6b5b557f/mio-1.2.1/src/poll.rs:578 on ThreadId(12)

  2026-07-08T22:03:27.102812Z TRACE  registering event source with poller: token=Token(1), interests=READABLE
    at /Users/eric/.cargo/registry/src/index.crates.io-1949cf8c6b5b557f/mio-1.2.1/src/poll.rs:578 on ThreadId(12)

  2026-07-08T22:03:27.105381Z  INFO  Entering Renderer::recv_panel_updates() loop
    at src/renderer.rs:113 on ThreadId(10)

  2026-07-08T22:03:47.179533Z  INFO  *********** New Whack A Mole game run started ***********
    at src/main.rs:55 on ThreadId(1)

  2026-07-08T22:03:47.185775Z  INFO  Started tracing with logging to logs/mole_trace.log
    at src/main.rs:57 on ThreadId(1)

  2026-07-08T22:03:47.185844Z  INFO  Initialized game with 4 moles
    at src/main.rs:61 on ThreadId(1)

  2026-07-08T22:03:47.185946Z  INFO  Spawned game task
    at src/main.rs:64 on ThreadId(1)

  2026-07-08T22:03:47.185982Z  INFO  Spawned renderer task
    at src/main.rs:66 on ThreadId(1)

  2026-07-08T22:03:47.185985Z  INFO  Entered Game::run() with tick interval 50ms
    at src/game.rs:49 on ThreadId(12)

  2026-07-08T22:03:47.186236Z TRACE  registering event source with poller: token=Token(0), interests=READABLE
    at /Users/eric/.cargo/registry/src/index.crates.io-1949cf8c6b5b557f/mio-1.2.1/src/poll.rs:578 on ThreadId(12)

  2026-07-08T22:03:47.186361Z TRACE  registering event source with poller: token=Token(1), interests=READABLE
    at /Users/eric/.cargo/registry/src/index.crates.io-1949cf8c6b5b557f/mio-1.2.1/src/poll.rs:578 on ThreadId(12)

  2026-07-08T22:03:47.191793Z  INFO  Entering Renderer::recv_panel_updates() loop
    at src/renderer.rs:113 on ThreadId(11)

  2026-07-08T22:59:59.353294Z  INFO  *********** New Whack A Mole game run started ***********
    at src/main.rs:55 on ThreadId(1)

  2026-07-08T22:59:59.354245Z  INFO  Started tracing with logging to logs/mole_trace.log
    at src/main.rs:57 on ThreadId(1)

  2026-07-08T22:59:59.354282Z  INFO  Initialized game with 4 moles
    at src/main.rs:61 on ThreadId(1)

  2026-07-08T22:59:59.354326Z  INFO  Spawned game task
    at src/main.rs:64 on ThreadId(1)

  2026-07-08T22:59:59.354342Z  INFO  Spawned renderer task
    at src/main.rs:66 on ThreadId(1)

  2026-07-08T22:59:59.354356Z  INFO  Entered Game::run() with tick interval 50ms
    at src/game.rs:49 on ThreadId(11)

  2026-07-08T22:59:59.354503Z TRACE  registering event source with poller: token=Token(0), interests=READABLE
    at /Users/eric/.cargo/registry/src/index.crates.io-1949cf8c6b5b557f/mio-1.2.1/src/poll.rs:578 on ThreadId(11)

  2026-07-08T22:59:59.354563Z TRACE  registering event source with poller: token=Token(1), interests=READABLE
    at /Users/eric/.cargo/registry/src/index.crates.io-1949cf8c6b5b557f/mio-1.2.1/src/poll.rs:578 on ThreadId(11)

  2026-07-08T22:59:59.357139Z  INFO  Entering Renderer::recv_panel_updates() loop
    at src/renderer.rs:113 on ThreadId(10)

  2026-07-09T20:32:04.689205Z  INFO  *********** New Whack A Mole game run started ***********
    at src/main.rs:55 on ThreadId(1)

  2026-07-09T20:32:04.690246Z  INFO  Started tracing with logging to logs/mole_trace.log
    at src/main.rs:57 on ThreadId(1)

  2026-07-09T20:32:04.690296Z  INFO  Initialized game with 4 moles
    at src/main.rs:61 on ThreadId(1)

  2026-07-09T20:32:04.690353Z  INFO  Spawned game task
    at src/main.rs:64 on ThreadId(1)

  2026-07-09T20:32:04.690382Z  INFO  Spawned renderer task
    at src/main.rs:66 on ThreadId(1)

  2026-07-09T20:32:04.690409Z  INFO  Entered Game::run() with tick interval 50ms
    at src/game.rs:49 on ThreadId(13)

  2026-07-09T20:32:04.690705Z TRACE  registering event source with poller: token=Token(0), interests=READABLE
    at /Users/eric/.cargo/registry/src/index.crates.io-1949cf8c6b5b557f/mio-1.2.1/src/poll.rs:578 on ThreadId(13)

  2026-07-09T20:32:04.690836Z TRACE  registering event source with poller: token=Token(1), interests=READABLE
    at /Users/eric/.cargo/registry/src/index.crates.io-1949cf8c6b5b557f/mio-1.2.1/src/poll.rs:578 on ThreadId(13)

  2026-07-09T20:32:38.425708Z  INFO  *********** New Whack A Mole game run started ***********
    at src/main.rs:55 on ThreadId(1)

  2026-07-09T20:32:38.426091Z  INFO  Started tracing with logging to logs/mole_trace.log
    at src/main.rs:57 on ThreadId(1)

  2026-07-09T20:32:38.426112Z  INFO  Initialized game with 4 moles
    at src/main.rs:61 on ThreadId(1)

  2026-07-09T20:32:38.426144Z  INFO  Spawned game task
    at src/main.rs:64 on ThreadId(1)

  2026-07-09T20:32:38.426158Z  INFO  Spawned renderer task
    at src/main.rs:66 on ThreadId(1)

  2026-07-09T20:32:38.426181Z  INFO  Entered Game::run() with tick interval 50ms
    at src/game.rs:49 on ThreadId(11)

  2026-07-09T20:32:38.426287Z TRACE  registering event source with poller: token=Token(0), interests=READABLE
    at /Users/eric/.cargo/registry/src/index.crates.io-1949cf8c6b5b557f/mio-1.2.1/src/poll.rs:578 on ThreadId(11)

  2026-07-09T20:32:38.426344Z TRACE  registering event source with poller: token=Token(1), interests=READABLE
    at /Users/eric/.cargo/registry/src/index.crates.io-1949cf8c6b5b557f/mio-1.2.1/src/poll.rs:578 on ThreadId(11)

  2026-07-09T20:32:38.428562Z  INFO  Entering Renderer::recv_panel_updates() loop
    at src/renderer.rs:115 on ThreadId(10)

  2026-07-09T22:20:50.928926Z  INFO  *********** New Whack A Mole game run started ***********
    at src/main.rs:55 on ThreadId(1)

  2026-07-09T22:20:50.929746Z  INFO  Started tracing with logging to logs/mole_trace.log
    at src/main.rs:57 on ThreadId(1)

  2026-07-09T22:20:50.929761Z  INFO  Initialized game with 4 moles
    at src/main.rs:61 on ThreadId(1)

  2026-07-09T22:20:50.929790Z  INFO  Spawned game task
    at src/main.rs:64 on ThreadId(1)

  2026-07-09T22:20:50.929804Z  INFO  Spawned renderer task
    at src/main.rs:66 on ThreadId(1)

  2026-07-09T22:20:50.929830Z  INFO  Entered Game::run() with tick interval 50ms
    at src/game.rs:49 on ThreadId(12)

  2026-07-09T22:20:50.929966Z TRACE  registering event source with poller: token=Token(0), interests=READABLE
    at /Users/eric/.cargo/registry/src/index.crates.io-1949cf8c6b5b557f/mio-1.2.1/src/poll.rs:578 on ThreadId(12)

  2026-07-09T22:20:50.930080Z TRACE  registering event source with poller: token=Token(1), interests=READABLE
    at /Users/eric/.cargo/registry/src/index.crates.io-1949cf8c6b5b557f/mio-1.2.1/src/poll.rs:578 on ThreadId(12)

  2026-07-09T22:20:50.933064Z  INFO  Entering Renderer::recv_panel_updates() loop
    at src/renderer.rs:117 on ThreadId(13)

  2026-07-09T22:48:38.419447Z  INFO  *********** New Whack A Mole game run started ***********
    at src/main.rs:55 on ThreadId(1)

  2026-07-09T22:48:38.420505Z  INFO  Started tracing with logging to logs/mole_trace.log
    at src/main.rs:57 on ThreadId(1)

  2026-07-09T22:48:38.420523Z  INFO  Initialized game with 4 moles
    at src/main.rs:61 on ThreadId(1)

  2026-07-09T22:48:38.420557Z  INFO  Spawned game task
    at src/main.rs:64 on ThreadId(1)

  2026-07-09T22:48:38.420573Z  INFO  Spawned renderer task
    at src/main.rs:66 on ThreadId(1)

  2026-07-09T22:48:38.420595Z  INFO  Entered Game::run() with tick interval 50ms
    at src/game.rs:49 on ThreadId(13)

  2026-07-09T22:48:38.420792Z TRACE  registering event source with poller: token=Token(0), interests=READABLE
    at /Users/eric/.cargo/registry/src/index.crates.io-1949cf8c6b5b557f/mio-1.2.1/src/poll.rs:578 on ThreadId(13)

  2026-07-09T22:48:38.420853Z TRACE  registering event source with poller: token=Token(1), interests=READABLE
    at /Users/eric/.cargo/registry/src/index.crates.io-1949cf8c6b5b557f/mio-1.2.1/src/poll.rs:578 on ThreadId(13)

  2026-07-09T22:48:38.425553Z  INFO  Entering Renderer::recv_panel_updates() loop
    at src/renderer.rs:117 on ThreadId(11)

  2026-07-09T22:51:32.553107Z  INFO  *********** New Whack A Mole game run started ***********
    at src/main.rs:55 on ThreadId(1)

  2026-07-09T22:51:32.553660Z  INFO  Started tracing with logging to logs/mole_trace.log
    at src/main.rs:57 on ThreadId(1)

  2026-07-09T22:51:32.553677Z  INFO  Initialized game with 4 moles
    at src/main.rs:61 on ThreadId(1)

  2026-07-09T22:51:32.553714Z  INFO  Spawned game task
    at src/main.rs:64 on ThreadId(1)

  2026-07-09T22:51:32.553730Z  INFO  Spawned renderer task
    at src/main.rs:66 on ThreadId(1)

  2026-07-09T22:51:32.553768Z  INFO  Entered Game::run() with tick interval 50ms
    at src/game.rs:49 on ThreadId(12)

  2026-07-09T22:51:32.553909Z TRACE  registering event source with poller: token=Token(0), interests=READABLE
    at /Users/eric/.cargo/registry/src/index.crates.io-1949cf8c6b5b557f/mio-1.2.1/src/poll.rs:578 on ThreadId(12)

  2026-07-09T22:51:32.553963Z TRACE  registering event source with poller: token=Token(1), interests=READABLE
    at /Users/eric/.cargo/registry/src/index.crates.io-1949cf8c6b5b557f/mio-1.2.1/src/poll.rs:578 on ThreadId(12)

  2026-07-09T22:51:32.559595Z  INFO  Entering Renderer::recv_panel_updates() loop
    at src/renderer.rs:117 on ThreadId(11)

  2026-07-09T23:07:08.580193Z  INFO  *********** New Whack A Mole game run started ***********
    at src/main.rs:55 on ThreadId(1)

  2026-07-09T23:07:08.581190Z  INFO  Started tracing with logging to logs/mole_trace.log
    at src/main.rs:57 on ThreadId(1)

  2026-07-09T23:07:08.581249Z  INFO  Initialized game with 4 moles
    at src/main.rs:61 on ThreadId(1)

  2026-07-09T23:07:08.581336Z  INFO  Spawned game task
    at src/main.rs:64 on ThreadId(1)

  2026-07-09T23:07:08.581365Z  INFO  Spawned renderer task
    at src/main.rs:66 on ThreadId(1)

  2026-07-09T23:07:08.581399Z  INFO  Entered Game::run() with tick interval 50ms
    at src/game.rs:49 on ThreadId(12)

  2026-07-09T23:07:08.581639Z TRACE  registering event source with poller: token=Token(0), interests=READABLE
    at /Users/eric/.cargo/registry/src/index.crates.io-1949cf8c6b5b557f/mio-1.2.1/src/poll.rs:578 on ThreadId(12)

  2026-07-09T23:07:08.581705Z TRACE  registering event source with poller: token=Token(1), interests=READABLE
    at /Users/eric/.cargo/registry/src/index.crates.io-1949cf8c6b5b557f/mio-1.2.1/src/poll.rs:578 on ThreadId(12)

  2026-07-09T23:07:08.586233Z  INFO  Entered Renderer::recv_panel_updates() with tick interval 17ms
    at src/renderer.rs:127 on ThreadId(10)

  2026-07-09T23:12:32.133967Z  INFO  *********** New Whack A Mole game run started ***********
    at src/main.rs:55 on ThreadId(1)

  2026-07-09T23:12:32.134864Z  INFO  Started tracing with logging to logs/mole_trace.log
    at src/main.rs:57 on ThreadId(1)

  2026-07-09T23:12:32.134882Z  INFO  Initialized game with 4 moles
    at src/main.rs:61 on ThreadId(1)

  2026-07-09T23:12:32.134927Z  INFO  Spawned game task
    at src/main.rs:64 on ThreadId(1)

  2026-07-09T23:12:32.134944Z  INFO  Spawned renderer task
    at src/main.rs:66 on ThreadId(1)

  2026-07-09T23:12:32.134965Z  INFO  Entered Game::run() with tick interval 50ms
    at src/game.rs:49 on ThreadId(12)

  2026-07-09T23:12:32.135119Z TRACE  registering event source with poller: token=Token(0), interests=READABLE
    at /Users/eric/.cargo/registry/src/index.crates.io-1949cf8c6b5b557f/mio-1.2.1/src/poll.rs:578 on ThreadId(12)

  2026-07-09T23:12:32.135165Z TRACE  registering event source with poller: token=Token(1), interests=READABLE
    at /Users/eric/.cargo/registry/src/index.crates.io-1949cf8c6b5b557f/mio-1.2.1/src/poll.rs:578 on ThreadId(12)

  2026-07-09T23:12:32.138113Z  INFO  Entered Renderer::recv_panel_updates() with tick interval 17ms
    at src/renderer.rs:127 on ThreadId(13)

  2026-07-10T00:53:03.088708Z  INFO  *********** New Whack A Mole game run started ***********
    at src/main.rs:55 on ThreadId(1)

  2026-07-10T00:53:03.089604Z  INFO  Started tracing with logging to logs/mole_trace.log
    at src/main.rs:57 on ThreadId(1)

  2026-07-10T00:53:03.089626Z  INFO  Initialized game with 4 moles
    at src/main.rs:61 on ThreadId(1)

  2026-07-10T00:53:03.089671Z  INFO  Spawned game task
    at src/main.rs:64 on ThreadId(1)

  2026-07-10T00:53:03.089686Z  INFO  Spawned renderer task
    at src/main.rs:66 on ThreadId(1)

  2026-07-10T00:53:03.089711Z  INFO  Entered Game::run() with tick interval 50ms
    at src/game.rs:49 on ThreadId(13)

  2026-07-10T00:53:03.089861Z TRACE  registering event source with poller: token=Token(0), interests=READABLE
    at /Users/eric/.cargo/registry/src/index.crates.io-1949cf8c6b5b557f/mio-1.2.1/src/poll.rs:578 on ThreadId(13)

  2026-07-10T00:53:03.089937Z TRACE  registering event source with poller: token=Token(1), interests=READABLE
    at /Users/eric/.cargo/registry/src/index.crates.io-1949cf8c6b5b557f/mio-1.2.1/src/poll.rs:578 on ThreadId(13)

  2026-07-10T00:53:03.092781Z  INFO  Entered Renderer::recv_panel_updates() with tick interval 17ms
    at src/renderer.rs:127 on ThreadId(12)

  2026-07-10T13:26:26.605872Z  INFO  *********** New Whack A Mole game run started ***********
    at src/main.rs:55 on ThreadId(1)

  2026-07-10T13:26:26.607781Z  INFO  Started tracing with logging to logs/mole_trace.log
    at src/main.rs:57 on ThreadId(1)

  2026-07-10T13:26:26.607816Z  INFO  Initialized game with 4 moles
    at src/main.rs:61 on ThreadId(1)

  2026-07-10T13:26:26.607883Z  INFO  Spawned game task
    at src/main.rs:64 on ThreadId(1)

  2026-07-10T13:26:26.607904Z  INFO  Spawned renderer task
    at src/main.rs:66 on ThreadId(1)

  2026-07-10T13:26:26.607940Z  INFO  Entered Game::run() with tick interval 50ms
    at src/game.rs:49 on ThreadId(13)

  2026-07-10T13:26:26.608100Z TRACE  registering event source with poller: token=Token(0), interests=READABLE
    at /Users/eric/.cargo/registry/src/index.crates.io-1949cf8c6b5b557f/mio-1.2.1/src/poll.rs:578 on ThreadId(13)

  2026-07-10T13:26:26.608152Z TRACE  registering event source with poller: token=Token(1), interests=READABLE
    at /Users/eric/.cargo/registry/src/index.crates.io-1949cf8c6b5b557f/mio-1.2.1/src/poll.rs:578 on ThreadId(13)

  2026-07-10T13:26:26.611064Z  INFO  Entered Renderer::recv_panel_updates() with tick interval 17ms
    at src/renderer.rs:127 on ThreadId(11)

  2026-07-10T13:29:03.581794Z  INFO  *********** New Whack A Mole game run started ***********
    at src/main.rs:55 on ThreadId(1)

  2026-07-10T13:29:03.582356Z  INFO  Started tracing with logging to logs/mole_trace.log
    at src/main.rs:57 on ThreadId(1)

  2026-07-10T13:29:03.582377Z  INFO  Initialized game with 4 moles
    at src/main.rs:61 on ThreadId(1)

  2026-07-10T13:29:03.582440Z  INFO  Spawned game task
    at src/main.rs:64 on ThreadId(1)

  2026-07-10T13:29:03.582456Z  INFO  Spawned renderer task
    at src/main.rs:66 on ThreadId(1)

  2026-07-10T13:29:03.582489Z  INFO  Entered Game::run() with tick interval 50ms
    at src/game.rs:49 on ThreadId(11)

  2026-07-10T13:29:03.582656Z TRACE  registering event source with poller: token=Token(0), interests=READABLE
    at /Users/eric/.cargo/registry/src/index.crates.io-1949cf8c6b5b557f/mio-1.2.1/src/poll.rs:578 on ThreadId(11)

  2026-07-10T13:29:03.582723Z TRACE  registering event source with poller: token=Token(1), interests=READABLE
    at /Users/eric/.cargo/registry/src/index.crates.io-1949cf8c6b5b557f/mio-1.2.1/src/poll.rs:578 on ThreadId(11)

  2026-07-10T13:29:03.588898Z  INFO  Entered Renderer::recv_panel_updates() with tick interval 17ms
    at src/renderer.rs:127 on ThreadId(10)

  2026-07-10T13:37:03.912359Z  INFO  *********** New Whack A Mole game run started ***********
    at src/main.rs:55 on ThreadId(1)

  2026-07-10T13:37:03.912961Z  INFO  Started tracing with logging to logs/mole_trace.log
    at src/main.rs:57 on ThreadId(1)

  2026-07-10T13:37:03.912980Z  INFO  Initialized game with 4 moles
    at src/main.rs:61 on ThreadId(1)

  2026-07-10T13:37:03.913027Z  INFO  Spawned game task
    at src/main.rs:64 on ThreadId(1)

  2026-07-10T13:37:03.913042Z  INFO  Spawned renderer task
    at src/main.rs:66 on ThreadId(1)

  2026-07-10T13:37:03.913085Z  INFO  Entered Game::run() with tick interval 50ms
    at src/game.rs:49 on ThreadId(12)

  2026-07-10T13:37:03.913225Z TRACE  registering event source with poller: token=Token(0), interests=READABLE
    at /Users/eric/.cargo/registry/src/index.crates.io-1949cf8c6b5b557f/mio-1.2.1/src/poll.rs:578 on ThreadId(12)

  2026-07-10T13:37:03.913277Z TRACE  registering event source with poller: token=Token(1), interests=READABLE
    at /Users/eric/.cargo/registry/src/index.crates.io-1949cf8c6b5b557f/mio-1.2.1/src/poll.rs:578 on ThreadId(12)

  2026-07-10T13:37:03.916155Z  INFO  Entered Renderer::recv_panel_updates() with tick interval 17ms
    at src/renderer.rs:127 on ThreadId(11)

  2026-07-10T13:49:55.113772Z  INFO  *********** New Whack A Mole game run started ***********
    at src/main.rs:55 on ThreadId(1)

  2026-07-10T13:49:55.114629Z  INFO  Started tracing with logging to logs/mole_trace.log
    at src/main.rs:57 on ThreadId(1)

  2026-07-10T13:49:55.114709Z  INFO  Initialized game with 4 moles
    at src/main.rs:61 on ThreadId(1)

  2026-07-10T13:49:55.114799Z  INFO  Spawned game task
    at src/main.rs:64 on ThreadId(1)

  2026-07-10T13:49:55.114833Z  INFO  Spawned renderer task
    at src/main.rs:66 on ThreadId(1)

  2026-07-10T13:49:55.114903Z  INFO  Entered Game::run() with tick interval 50ms
    at src/game.rs:49 on ThreadId(12)

  2026-07-10T13:49:55.115257Z TRACE  registering event source with poller: token=Token(0), interests=READABLE
    at /Users/eric/.cargo/registry/src/index.crates.io-1949cf8c6b5b557f/mio-1.2.1/src/poll.rs:578 on ThreadId(12)

  2026-07-10T13:49:55.115393Z TRACE  registering event source with poller: token=Token(1), interests=READABLE
    at /Users/eric/.cargo/registry/src/index.crates.io-1949cf8c6b5b557f/mio-1.2.1/src/poll.rs:578 on ThreadId(12)

  2026-07-10T13:49:55.122338Z  INFO  Entered Renderer::recv_panel_updates() with tick interval 17ms
    at src/renderer.rs:127 on ThreadId(11)

  2026-07-12T20:24:34.913634Z  INFO  *********** New Whack A Mole game run started ***********
    at src/main.rs:56 on ThreadId(1)

  2026-07-12T20:24:34.914358Z  INFO  Started tracing with logging to logs/mole_trace.log
    at src/main.rs:58 on ThreadId(1)

  2026-07-12T20:24:34.914377Z  INFO  Initialized game with 8 moles
    at src/main.rs:62 on ThreadId(1)

  2026-07-12T20:24:34.914423Z  INFO  Spawned game task
    at src/main.rs:65 on ThreadId(1)

  2026-07-12T20:24:34.914441Z  INFO  Spawned renderer task
    at src/main.rs:67 on ThreadId(1)

  2026-07-12T20:24:34.914474Z  INFO  Entered Game::run() with tick interval 50ms
    at src/game.rs:63 on ThreadId(6)

  2026-07-12T20:24:34.914677Z TRACE  registering event source with poller: token=Token(0), interests=READABLE
    at /Users/eric/.cargo/registry/src/index.crates.io-1949cf8c6b5b557f/mio-1.2.1/src/poll.rs:578 on ThreadId(6)

  2026-07-12T20:24:34.914728Z TRACE  registering event source with poller: token=Token(1), interests=READABLE
    at /Users/eric/.cargo/registry/src/index.crates.io-1949cf8c6b5b557f/mio-1.2.1/src/poll.rs:578 on ThreadId(6)

  2026-07-12T20:24:34.917268Z  INFO  Entered Renderer::recv_panel_updates() with tick interval 17ms
    at src/renderer.rs:130 on ThreadId(11)

  2026-07-12T20:25:30.158366Z  INFO  *********** New Whack A Mole game run started ***********
    at src/main.rs:56 on ThreadId(1)

  2026-07-12T20:25:30.159260Z  INFO  Started tracing with logging to logs/mole_trace.log
    at src/main.rs:58 on ThreadId(1)

  2026-07-12T20:25:30.159344Z  INFO  Initialized game with 8 moles
    at src/main.rs:62 on ThreadId(1)

  2026-07-12T20:25:30.159401Z  INFO  Spawned game task
    at src/main.rs:65 on ThreadId(1)

  2026-07-12T20:25:30.159457Z  INFO  Entered Game::run() with tick interval 50ms
    at src/game.rs:63 on ThreadId(13)

  2026-07-12T20:25:30.159472Z  INFO  Spawned renderer task
    at src/main.rs:67 on ThreadId(1)

  2026-07-12T20:25:30.159716Z TRACE  registering event source with poller: token=Token(0), interests=READABLE
    at /Users/eric/.cargo/registry/src/index.crates.io-1949cf8c6b5b557f/mio-1.2.1/src/poll.rs:578 on ThreadId(13)

  2026-07-12T20:25:30.159815Z TRACE  registering event source with poller: token=Token(1), interests=READABLE
    at /Users/eric/.cargo/registry/src/index.crates.io-1949cf8c6b5b557f/mio-1.2.1/src/poll.rs:578 on ThreadId(13)

  2026-07-12T20:25:30.163057Z  INFO  Entered Renderer::recv_panel_updates() with tick interval 17ms
    at src/renderer.rs:130 on ThreadId(12)

  2026-07-12T20:26:01.136228Z  INFO  Increasing number of moles from 8 to 9
    at src/game.rs:137 on ThreadId(10)

  2026-07-12T20:26:01.136502Z  INFO  Generating 9 moles
    at src/game.rs:170 on ThreadId(10)

  2026-07-12T20:26:01.136537Z  INFO  Increasing number of holes from 8 to 9
    at src/game.rs:144 on ThreadId(10)

  2026-07-12T20:26:01.136556Z  INFO  Generating 9 holes
    at src/game.rs:182 on ThreadId(10)

  2026-07-12T20:26:01.136571Z  INFO  Square root of 9 is 3
    at src/game.rs:192 on ThreadId(10)

  2026-07-12T20:26:04.134965Z  INFO  Decreasing number of moles from 9 to 8
    at src/game.rs:114 on ThreadId(10)

  2026-07-12T20:26:04.135151Z  INFO  Generating 8 moles
    at src/game.rs:170 on ThreadId(10)

  2026-07-12T20:26:04.135179Z  INFO  Decreasing number of holes from 9 to 8
    at src/game.rs:121 on ThreadId(10)

  2026-07-12T20:26:04.135194Z  INFO  Generating 8 holes
    at src/game.rs:182 on ThreadId(10)

  2026-07-12T20:26:04.135207Z  INFO  Square root of 8 is 3
    at src/game.rs:192 on ThreadId(10)

  2026-07-12T20:26:41.034257Z  INFO  *********** New Whack A Mole game run started ***********
    at src/main.rs:56 on ThreadId(1)

  2026-07-12T20:26:41.034772Z  INFO  Started tracing with logging to logs/mole_trace.log
    at src/main.rs:58 on ThreadId(1)

  2026-07-12T20:26:41.034810Z  INFO  Initialized game with 8 moles
    at src/main.rs:62 on ThreadId(1)

  2026-07-12T20:26:41.034857Z  INFO  Spawned game task
    at src/main.rs:65 on ThreadId(1)

  2026-07-12T20:26:41.034886Z  INFO  Spawned renderer task
    at src/main.rs:67 on ThreadId(1)

  2026-07-12T20:26:41.034927Z  INFO  Entered Game::run() with tick interval 50ms
    at src/game.rs:63 on ThreadId(13)

  2026-07-12T20:26:41.035168Z TRACE  registering event source with poller: token=Token(0), interests=READABLE
    at /Users/eric/.cargo/registry/src/index.crates.io-1949cf8c6b5b557f/mio-1.2.1/src/poll.rs:578 on ThreadId(13)

  2026-07-12T20:26:41.035256Z TRACE  registering event source with poller: token=Token(1), interests=READABLE
    at /Users/eric/.cargo/registry/src/index.crates.io-1949cf8c6b5b557f/mio-1.2.1/src/poll.rs:578 on ThreadId(13)

  2026-07-12T20:26:41.041796Z  INFO  Entered Renderer::recv_panel_updates() with tick interval 17ms
    at src/renderer.rs:130 on ThreadId(12)

  2026-07-12T20:26:42.004058Z  INFO  Decreasing number of moles from 8 to 7
    at src/game.rs:114 on ThreadId(13)

  2026-07-12T20:26:42.004156Z  INFO  Generating 7 moles
    at src/game.rs:170 on ThreadId(13)

  2026-07-12T20:26:42.004182Z  INFO  Decreasing number of holes from 8 to 7
    at src/game.rs:121 on ThreadId(13)

  2026-07-12T20:26:42.004200Z  INFO  Generating 7 holes
    at src/game.rs:182 on ThreadId(13)

  2026-07-12T20:26:42.004216Z  INFO  Square root of 7 is 3
    at src/game.rs:192 on ThreadId(13)

  2026-07-12T20:26:48.341801Z  INFO  Increasing number of moles from 7 to 8
    at src/game.rs:137 on ThreadId(12)

  2026-07-12T20:26:48.341963Z  INFO  Generating 8 moles
    at src/game.rs:170 on ThreadId(12)

  2026-07-12T20:26:48.341992Z  INFO  Increasing number of holes from 7 to 8
    at src/game.rs:144 on ThreadId(12)

  2026-07-12T20:26:48.342007Z  INFO  Generating 8 holes
    at src/game.rs:182 on ThreadId(12)

  2026-07-12T20:26:48.342021Z  INFO  Square root of 8 is 3
    at src/game.rs:192 on ThreadId(12)

  2026-07-12T21:22:25.547426Z  INFO  *********** New Whack A Mole game run started ***********
    at src/main.rs:56 on ThreadId(1)

  2026-07-12T21:22:25.547995Z  INFO  Started tracing with logging to logs/mole_trace.log
    at src/main.rs:58 on ThreadId(1)

  2026-07-12T21:22:25.548016Z  INFO  Initialized game with 8 moles
    at src/main.rs:62 on ThreadId(1)

  2026-07-12T21:22:25.548048Z  INFO  Spawned game task
    at src/main.rs:65 on ThreadId(1)

  2026-07-12T21:22:25.548075Z  INFO  Spawned renderer task
    at src/main.rs:67 on ThreadId(1)

  2026-07-12T21:22:25.548076Z  INFO  Entered Game::run() with tick interval 50ms
    at src/game.rs:63 on ThreadId(11)

  2026-07-12T21:22:25.548401Z TRACE  registering event source with poller: token=Token(0), interests=READABLE
    at /Users/eric/.cargo/registry/src/index.crates.io-1949cf8c6b5b557f/mio-1.2.1/src/poll.rs:578 on ThreadId(11)

  2026-07-12T21:22:25.548527Z TRACE  registering event source with poller: token=Token(1), interests=READABLE
    at /Users/eric/.cargo/registry/src/index.crates.io-1949cf8c6b5b557f/mio-1.2.1/src/poll.rs:578 on ThreadId(11)

  2026-07-12T21:22:25.551219Z  INFO  Entered Renderer::recv_panel_updates() with tick interval 17ms
    at src/renderer.rs:130 on ThreadId(10)

  2026-07-12T21:22:31.464480Z  INFO  Decreasing number of moles from 8 to 7
    at src/game.rs:114 on ThreadId(3)

  2026-07-12T21:22:31.464711Z  INFO  Generating 7 moles
    at src/game.rs:170 on ThreadId(3)

  2026-07-12T21:22:31.464748Z  INFO  Decreasing number of holes from 8 to 7
    at src/game.rs:121 on ThreadId(3)

  2026-07-12T21:22:31.464764Z  INFO  Generating 7 holes
    at src/game.rs:182 on ThreadId(3)

  2026-07-12T21:22:31.464777Z  INFO  Assigned hole #0to x/y position 0/0
    at src/game.rs:203 on ThreadId(3)

  2026-07-12T21:22:31.464789Z  INFO  Assigned hole #1to x/y position 0/0
    at src/game.rs:203 on ThreadId(3)

  2026-07-12T21:22:31.464803Z  INFO  Assigned hole #2to x/y position 0/0
    at src/game.rs:203 on ThreadId(3)

  2026-07-12T21:22:31.464815Z  INFO  Assigned hole #3to x/y position 0/0
    at src/game.rs:203 on ThreadId(3)

  2026-07-12T21:22:31.464826Z  INFO  Assigned hole #4to x/y position 0/0
    at src/game.rs:203 on ThreadId(3)

  2026-07-12T21:22:31.464836Z  INFO  Assigned hole #5to x/y position 0/0
    at src/game.rs:203 on ThreadId(3)

  2026-07-12T21:22:31.464846Z  INFO  Assigned hole #6to x/y position 0/0
    at src/game.rs:203 on ThreadId(3)

  2026-07-12T21:23:10.420212Z  INFO  *********** New Whack A Mole game run started ***********
    at src/main.rs:56 on ThreadId(1)

  2026-07-12T21:23:10.421054Z  INFO  Started tracing with logging to logs/mole_trace.log
    at src/main.rs:58 on ThreadId(1)

  2026-07-12T21:23:10.421118Z  INFO  Initialized game with 8 moles
    at src/main.rs:62 on ThreadId(1)

  2026-07-12T21:23:10.421192Z  INFO  Spawned game task
    at src/main.rs:65 on ThreadId(1)

  2026-07-12T21:23:10.421344Z  INFO  Spawned renderer task
    at src/main.rs:67 on ThreadId(1)

  2026-07-12T21:23:10.421317Z  INFO  Entered Game::run() with tick interval 50ms
    at src/game.rs:63 on ThreadId(12)

  2026-07-12T21:23:10.421729Z TRACE  registering event source with poller: token=Token(0), interests=READABLE
    at /Users/eric/.cargo/registry/src/index.crates.io-1949cf8c6b5b557f/mio-1.2.1/src/poll.rs:578 on ThreadId(12)

  2026-07-12T21:23:10.421866Z TRACE  registering event source with poller: token=Token(1), interests=READABLE
    at /Users/eric/.cargo/registry/src/index.crates.io-1949cf8c6b5b557f/mio-1.2.1/src/poll.rs:578 on ThreadId(12)

  2026-07-12T21:23:10.428899Z  INFO  Entered Renderer::recv_panel_updates() with tick interval 17ms
    at src/renderer.rs:130 on ThreadId(11)

  2026-07-12T21:23:11.977019Z  INFO  Decreasing number of moles from 8 to 7
    at src/game.rs:114 on ThreadId(10)

  2026-07-12T21:23:11.977321Z  INFO  Generating 7 moles
    at src/game.rs:170 on ThreadId(10)

  2026-07-12T21:23:11.977364Z  INFO  Decreasing number of holes from 8 to 7
    at src/game.rs:121 on ThreadId(10)

  2026-07-12T21:23:11.977382Z  INFO  Generating 7 holes
    at src/game.rs:182 on ThreadId(10)

  2026-07-12T21:23:11.977396Z  INFO  Assigned hole #0 to x/y position 1/0
    at src/game.rs:205 on ThreadId(10)

  2026-07-12T21:23:11.977409Z  INFO  Assigned hole #1 to x/y position 2/0
    at src/game.rs:205 on ThreadId(10)

  2026-07-12T21:23:11.977422Z  INFO  Assigned hole #2 to x/y position 0/1
    at src/game.rs:205 on ThreadId(10)

  2026-07-12T21:23:11.977434Z  INFO  Assigned hole #3 to x/y position 1/1
    at src/game.rs:205 on ThreadId(10)

  2026-07-12T21:23:11.977448Z  INFO  Assigned hole #4 to x/y position 0/2
    at src/game.rs:205 on ThreadId(10)

  2026-07-12T21:23:11.977462Z  INFO  Assigned hole #5 to x/y position 1/2
    at src/game.rs:205 on ThreadId(10)

  2026-07-12T21:23:11.977475Z  INFO  Assigned hole #6 to x/y position 2/2
    at src/game.rs:205 on ThreadId(10)

  2026-07-12T21:25:14.901193Z  INFO  Started tracing with logging to logs/mole_trace.log
    at src/main.rs:50 on ThreadId(1)

  2026-07-12T21:25:14.901925Z  INFO  Generating 8 moles
    at src/game.rs:170 on ThreadId(1)

  2026-07-12T21:25:14.901972Z  INFO  Generating 8 holes
    at src/game.rs:182 on ThreadId(1)

  2026-07-12T21:25:14.901998Z  INFO  Assigned hole #0 to x/y position 1/0
    at src/game.rs:205 on ThreadId(1)

  2026-07-12T21:25:14.902040Z  INFO  Assigned hole #1 to x/y position 2/0
    at src/game.rs:205 on ThreadId(1)

  2026-07-12T21:25:14.902059Z  INFO  Assigned hole #2 to x/y position 0/1
    at src/game.rs:205 on ThreadId(1)

  2026-07-12T21:25:14.902077Z  INFO  Assigned hole #3 to x/y position 1/1
    at src/game.rs:205 on ThreadId(1)

  2026-07-12T21:25:14.902098Z  INFO  Assigned hole #4 to x/y position 0/2
    at src/game.rs:205 on ThreadId(1)

  2026-07-12T21:25:14.902153Z  INFO  Assigned hole #5 to x/y position 1/2
    at src/game.rs:205 on ThreadId(1)

  2026-07-12T21:25:14.902209Z  INFO  Assigned hole #6 to x/y position 2/2
    at src/game.rs:205 on ThreadId(1)

  2026-07-12T21:25:14.902235Z  INFO  Assigned hole #7 to x/y position 0/3
    at src/game.rs:205 on ThreadId(1)

  2026-07-12T21:25:14.903534Z  INFO  *********** New Whack A Mole game run started ***********
    at src/main.rs:63 on ThreadId(1)

  2026-07-12T21:25:14.903574Z  INFO  Initialized game with 8 moles
    at src/main.rs:64 on ThreadId(1)

  2026-07-12T21:25:14.903626Z  INFO  Spawned game task
    at src/main.rs:67 on ThreadId(1)

  2026-07-12T21:25:14.903665Z  INFO  Spawned renderer task
    at src/main.rs:69 on ThreadId(1)

  2026-07-12T21:25:14.903705Z  INFO  Entered Game::run() with tick interval 50ms
    at src/game.rs:63 on ThreadId(12)

  2026-07-12T21:25:14.904029Z TRACE  registering event source with poller: token=Token(0), interests=READABLE
    at /Users/eric/.cargo/registry/src/index.crates.io-1949cf8c6b5b557f/mio-1.2.1/src/poll.rs:578 on ThreadId(12)

  2026-07-12T21:25:14.904127Z TRACE  registering event source with poller: token=Token(1), interests=READABLE
    at /Users/eric/.cargo/registry/src/index.crates.io-1949cf8c6b5b557f/mio-1.2.1/src/poll.rs:578 on ThreadId(12)

  2026-07-12T21:25:14.910277Z  INFO  Entered Renderer::recv_panel_updates() with tick interval 17ms
    at src/renderer.rs:130 on ThreadId(10)

  2026-07-12T23:25:23.810415Z  INFO  Started tracing with logging to logs/mole_trace.log
    at src/main.rs:50 on ThreadId(1)

  2026-07-12T23:25:23.811280Z  INFO  *********** New Whack A Mole game run started ***********
    at src/main.rs:55 on ThreadId(1)

  2026-07-12T23:25:23.811368Z  INFO  Generating 8 moles
    at src/game.rs:226 on ThreadId(1)

  2026-07-12T23:25:23.811398Z  INFO  Reading mole names from file ./mole_names.txt
    at src/game.rs:267 on ThreadId(1)

  2026-07-12T23:25:46.124741Z  INFO  Started tracing with logging to logs/mole_trace.log
    at src/main.rs:50 on ThreadId(1)

  2026-07-12T23:25:46.125184Z  INFO  *********** New Whack A Mole game run started ***********
    at src/main.rs:55 on ThreadId(1)

  2026-07-12T23:25:46.125247Z  INFO  Generating 8 moles
    at src/game.rs:226 on ThreadId(1)

  2026-07-12T23:25:46.125276Z  INFO  Reading mole names from file ./mole_names.txt
    at src/game.rs:267 on ThreadId(1)

  2026-07-12T23:25:46.125919Z  INFO  Generating 8 holes
    at src/game.rs:232 on ThreadId(1)

  2026-07-12T23:25:46.125983Z  INFO  Assigned hole #0 to x/y position 1/0
    at src/game.rs:256 on ThreadId(1)

  2026-07-12T23:25:46.126008Z  INFO  Assigned hole #1 to x/y position 2/0
    at src/game.rs:256 on ThreadId(1)

  2026-07-12T23:25:46.126029Z  INFO  Assigned hole #2 to x/y position 0/1
    at src/game.rs:256 on ThreadId(1)

  2026-07-12T23:25:46.126049Z  INFO  Assigned hole #3 to x/y position 1/1
    at src/game.rs:256 on ThreadId(1)

  2026-07-12T23:25:46.126069Z  INFO  Assigned hole #4 to x/y position 0/2
    at src/game.rs:256 on ThreadId(1)

  2026-07-12T23:25:46.126089Z  INFO  Assigned hole #5 to x/y position 1/2
    at src/game.rs:256 on ThreadId(1)

  2026-07-12T23:25:46.126109Z  INFO  Assigned hole #6 to x/y position 2/2
    at src/game.rs:256 on ThreadId(1)

  2026-07-12T23:25:46.126129Z  INFO  Assigned hole #7 to x/y position 0/3
    at src/game.rs:256 on ThreadId(1)

  2026-07-12T23:25:46.127269Z  INFO  Initialized game with 8 moles
    at src/main.rs:65 on ThreadId(1)

  2026-07-12T23:25:46.127371Z  INFO  Spawned game task
    at src/main.rs:68 on ThreadId(1)

  2026-07-12T23:25:46.127426Z  INFO  Entered Game::run() with tick interval 50ms
    at src/game.rs:72 on ThreadId(4)

  2026-07-12T23:25:46.127441Z  INFO  Spawned renderer task
    at src/main.rs:70 on ThreadId(1)

  2026-07-12T23:25:46.127744Z TRACE  registering event source with poller: token=Token(0), interests=READABLE
    at /Users/eric/.cargo/registry/src/index.crates.io-1949cf8c6b5b557f/mio-1.2.1/src/poll.rs:578 on ThreadId(4)

  2026-07-12T23:25:46.127856Z TRACE  registering event source with poller: token=Token(1), interests=READABLE
    at /Users/eric/.cargo/registry/src/index.crates.io-1949cf8c6b5b557f/mio-1.2.1/src/poll.rs:578 on ThreadId(4)

  2026-07-12T23:25:46.135261Z  INFO  Entered Renderer::recv_panel_updates() with tick interval 17ms
    at src/renderer.rs:130 on ThreadId(11)

  2026-07-12T23:33:52.858318Z  INFO  Started tracing with logging to logs/mole_trace.log
    at src/main.rs:50 on ThreadId(1)

  2026-07-12T23:33:52.858992Z  INFO  *********** New Whack A Mole game run started ***********
    at src/main.rs:55 on ThreadId(1)

  2026-07-12T23:33:52.859062Z  INFO  Generating 8 moles
    at src/game.rs:236 on ThreadId(1)

  2026-07-12T23:33:52.859092Z  INFO  Reading mole names from file ./mole_names.txt
    at src/game.rs:277 on ThreadId(1)

  2026-07-12T23:33:52.859892Z  INFO  Generating 8 holes
    at src/game.rs:242 on ThreadId(1)

  2026-07-12T23:33:52.859980Z  INFO  Assigned hole #0 to x/y position 1/0
    at src/game.rs:266 on ThreadId(1)

  2026-07-12T23:33:52.860010Z  INFO  Assigned hole #1 to x/y position 2/0
    at src/game.rs:266 on ThreadId(1)

  2026-07-12T23:33:52.860034Z  INFO  Assigned hole #2 to x/y position 0/1
    at src/game.rs:266 on ThreadId(1)

  2026-07-12T23:33:52.860058Z  INFO  Assigned hole #3 to x/y position 1/1
    at src/game.rs:266 on ThreadId(1)

  2026-07-12T23:33:52.860083Z  INFO  Assigned hole #4 to x/y position 0/2
    at src/game.rs:266 on ThreadId(1)

  2026-07-12T23:33:52.860104Z  INFO  Assigned hole #5 to x/y position 1/2
    at src/game.rs:266 on ThreadId(1)

  2026-07-12T23:33:52.860124Z  INFO  Assigned hole #6 to x/y position 2/2
    at src/game.rs:266 on ThreadId(1)

  2026-07-12T23:33:52.860144Z  INFO  Assigned hole #7 to x/y position 0/3
    at src/game.rs:266 on ThreadId(1)

  2026-07-12T23:33:52.861228Z  INFO  Initialized game with 8 moles
    at src/main.rs:65 on ThreadId(1)

  2026-07-12T23:33:52.861307Z  INFO  Spawned game task
    at src/main.rs:68 on ThreadId(1)

  2026-07-12T23:33:52.861375Z  INFO  Spawned renderer task
    at src/main.rs:70 on ThreadId(1)

  2026-07-12T23:33:52.861376Z  INFO  Entered Game::run() with tick interval 50ms
    at src/game.rs:82 on ThreadId(8)

  2026-07-12T23:33:52.861777Z TRACE  registering event source with poller: token=Token(0), interests=READABLE
    at /Users/eric/.cargo/registry/src/index.crates.io-1949cf8c6b5b557f/mio-1.2.1/src/poll.rs:578 on ThreadId(8)

  2026-07-12T23:33:52.861902Z TRACE  registering event source with poller: token=Token(1), interests=READABLE
    at /Users/eric/.cargo/registry/src/index.crates.io-1949cf8c6b5b557f/mio-1.2.1/src/poll.rs:578 on ThreadId(8)

  2026-07-12T23:33:52.866422Z  INFO  Entered Renderer::recv_panel_updates() with tick interval 17ms
    at src/renderer.rs:130 on ThreadId(6)

  2026-07-12T23:34:58.692188Z  INFO  Started tracing with logging to logs/mole_trace.log
    at src/main.rs:50 on ThreadId(1)

  2026-07-12T23:34:58.692657Z  INFO  *********** New Whack A Mole game run started ***********
    at src/main.rs:55 on ThreadId(1)

  2026-07-12T23:34:58.692734Z  INFO  Generating 8 moles
    at src/game.rs:236 on ThreadId(1)

  2026-07-12T23:34:58.692763Z  INFO  Reading mole names from file ./mole_names.txt
    at src/game.rs:277 on ThreadId(1)

  2026-07-12T23:34:58.693640Z  INFO  Generating 8 holes
    at src/game.rs:242 on ThreadId(1)

  2026-07-12T23:34:58.693694Z  INFO  Assigned hole #0 to x/y position 1/0
    at src/game.rs:266 on ThreadId(1)

  2026-07-12T23:34:58.693717Z  INFO  Assigned hole #1 to x/y position 2/0
    at src/game.rs:266 on ThreadId(1)

  2026-07-12T23:34:58.693758Z  INFO  Assigned hole #2 to x/y position 3/0
    at src/game.rs:266 on ThreadId(1)

  2026-07-12T23:34:58.693777Z  INFO  Assigned hole #3 to x/y position 0/1
    at src/game.rs:266 on ThreadId(1)

  2026-07-12T23:34:58.693795Z  INFO  Assigned hole #4 to x/y position 1/1
    at src/game.rs:266 on ThreadId(1)

  2026-07-12T23:34:58.693812Z  INFO  Assigned hole #5 to x/y position 2/1
    at src/game.rs:266 on ThreadId(1)

  2026-07-12T23:34:58.693830Z  INFO  Assigned hole #6 to x/y position 0/2
    at src/game.rs:266 on ThreadId(1)

  2026-07-12T23:34:58.693847Z  INFO  Assigned hole #7 to x/y position 1/2
    at src/game.rs:266 on ThreadId(1)

  2026-07-12T23:34:58.695307Z  INFO  Initialized game with 8 moles
    at src/main.rs:65 on ThreadId(1)

  2026-07-12T23:34:58.695421Z  INFO  Spawned game task
    at src/main.rs:68 on ThreadId(1)

  2026-07-12T23:34:58.695519Z  INFO  Spawned renderer task
    at src/main.rs:70 on ThreadId(1)

  2026-07-12T23:34:58.695507Z  INFO  Entered Game::run() with tick interval 50ms
    at src/game.rs:82 on ThreadId(12)

  2026-07-12T23:34:58.695989Z TRACE  registering event source with poller: token=Token(0), interests=READABLE
    at /Users/eric/.cargo/registry/src/index.crates.io-1949cf8c6b5b557f/mio-1.2.1/src/poll.rs:578 on ThreadId(12)

  2026-07-12T23:34:58.696175Z TRACE  registering event source with poller: token=Token(1), interests=READABLE
    at /Users/eric/.cargo/registry/src/index.crates.io-1949cf8c6b5b557f/mio-1.2.1/src/poll.rs:578 on ThreadId(12)

  2026-07-12T23:34:58.702568Z  INFO  Entered Renderer::recv_panel_updates() with tick interval 17ms
    at src/renderer.rs:130 on ThreadId(11)

  2026-07-12T23:37:24.805234Z  INFO  Started tracing with logging to logs/mole_trace.log
    at src/main.rs:50 on ThreadId(1)

  2026-07-12T23:37:24.805685Z  INFO  *********** New Whack A Mole game run started ***********
    at src/main.rs:55 on ThreadId(1)

  2026-07-12T23:37:24.805762Z  INFO  Generating 8 moles
    at src/game.rs:236 on ThreadId(1)

  2026-07-12T23:37:24.805805Z  INFO  Reading mole names from file ./mole_names.txt
    at src/game.rs:277 on ThreadId(1)

  2026-07-12T23:37:24.806794Z  INFO  Generating 8 holes
    at src/game.rs:242 on ThreadId(1)

  2026-07-12T23:37:24.806857Z  INFO  Assigned hole #0 to x/y position 0/0
    at src/game.rs:255 on ThreadId(1)

  2026-07-12T23:37:24.806882Z  INFO  Assigned hole #1 to x/y position 1/0
    at src/game.rs:255 on ThreadId(1)

  2026-07-12T23:37:24.806905Z  INFO  Assigned hole #2 to x/y position 2/0
    at src/game.rs:255 on ThreadId(1)

  2026-07-12T23:37:24.806926Z  INFO  Assigned hole #3 to x/y position 3/0
    at src/game.rs:255 on ThreadId(1)

  2026-07-12T23:37:24.806947Z  INFO  Assigned hole #4 to x/y position 0/1
    at src/game.rs:255 on ThreadId(1)

  2026-07-12T23:37:24.807008Z  INFO  Assigned hole #5 to x/y position 1/1
    at src/game.rs:255 on ThreadId(1)

  2026-07-12T23:37:24.807029Z  INFO  Assigned hole #6 to x/y position 2/1
    at src/game.rs:255 on ThreadId(1)

  2026-07-12T23:37:24.807049Z  INFO  Assigned hole #7 to x/y position 0/2
    at src/game.rs:255 on ThreadId(1)

  2026-07-12T23:37:24.808187Z  INFO  Initialized game with 8 moles
    at src/main.rs:65 on ThreadId(1)

  2026-07-12T23:37:24.808251Z  INFO  Spawned game task
    at src/main.rs:68 on ThreadId(1)

  2026-07-12T23:37:24.808300Z  INFO  Spawned renderer task
    at src/main.rs:70 on ThreadId(1)

  2026-07-12T23:37:24.808297Z  INFO  Entered Game::run() with tick interval 50ms
    at src/game.rs:82 on ThreadId(9)

  2026-07-12T23:37:24.808470Z TRACE  registering event source with poller: token=Token(0), interests=READABLE
    at /Users/eric/.cargo/registry/src/index.crates.io-1949cf8c6b5b557f/mio-1.2.1/src/poll.rs:578 on ThreadId(9)

  2026-07-12T23:37:24.808532Z TRACE  registering event source with poller: token=Token(1), interests=READABLE
    at /Users/eric/.cargo/registry/src/index.crates.io-1949cf8c6b5b557f/mio-1.2.1/src/poll.rs:578 on ThreadId(9)

  2026-07-12T23:37:24.811224Z  INFO  Entered Renderer::recv_panel_updates() with tick interval 17ms
    at src/renderer.rs:130 on ThreadId(7)

  2026-07-12T23:37:43.107458Z  INFO  Started tracing with logging to logs/mole_trace.log
    at src/main.rs:50 on ThreadId(1)

  2026-07-12T23:37:43.108296Z  INFO  *********** New Whack A Mole game run started ***********
    at src/main.rs:55 on ThreadId(1)

  2026-07-12T23:37:43.108377Z  INFO  Generating 8 moles
    at src/game.rs:236 on ThreadId(1)

  2026-07-12T23:37:43.108407Z  INFO  Reading mole names from file ./mole_names.txt
    at src/game.rs:277 on ThreadId(1)

  2026-07-12T23:37:43.109060Z  INFO  Generating 8 holes
    at src/game.rs:242 on ThreadId(1)

  2026-07-12T23:37:43.109110Z  INFO  Assigned hole #0 to x/y position 0/0
    at src/game.rs:255 on ThreadId(1)

  2026-07-12T23:37:43.109122Z  INFO  Assigned hole #1 to x/y position 1/0
    at src/game.rs:255 on ThreadId(1)

  2026-07-12T23:37:43.109132Z  INFO  Assigned hole #2 to x/y position 2/0
    at src/game.rs:255 on ThreadId(1)

  2026-07-12T23:37:43.109141Z  INFO  Assigned hole #3 to x/y position 0/1
    at src/game.rs:255 on ThreadId(1)

  2026-07-12T23:37:43.109149Z  INFO  Assigned hole #4 to x/y position 1/1
    at src/game.rs:255 on ThreadId(1)

  2026-07-12T23:37:43.109158Z  INFO  Assigned hole #5 to x/y position 0/2
    at src/game.rs:255 on ThreadId(1)

  2026-07-12T23:37:43.109167Z  INFO  Assigned hole #6 to x/y position 1/2
    at src/game.rs:255 on ThreadId(1)

  2026-07-12T23:37:43.109176Z  INFO  Assigned hole #7 to x/y position 2/2
    at src/game.rs:255 on ThreadId(1)

  2026-07-12T23:37:43.109673Z  INFO  Initialized game with 8 moles
    at src/main.rs:65 on ThreadId(1)

  2026-07-12T23:37:43.109716Z  INFO  Spawned game task
    at src/main.rs:68 on ThreadId(1)

  2026-07-12T23:37:43.109730Z  INFO  Spawned renderer task
    at src/main.rs:70 on ThreadId(1)

  2026-07-12T23:37:43.109747Z  INFO  Entered Game::run() with tick interval 50ms
    at src/game.rs:82 on ThreadId(11)

  2026-07-12T23:37:43.109912Z TRACE  registering event source with poller: token=Token(0), interests=READABLE
    at /Users/eric/.cargo/registry/src/index.crates.io-1949cf8c6b5b557f/mio-1.2.1/src/poll.rs:578 on ThreadId(11)

  2026-07-12T23:37:43.109970Z TRACE  registering event source with poller: token=Token(1), interests=READABLE
    at /Users/eric/.cargo/registry/src/index.crates.io-1949cf8c6b5b557f/mio-1.2.1/src/poll.rs:578 on ThreadId(11)

  2026-07-12T23:37:43.115527Z  INFO  Entered Renderer::recv_panel_updates() with tick interval 17ms
    at src/renderer.rs:130 on ThreadId(10)

  2026-07-12T23:38:08.916956Z  INFO  Started tracing with logging to logs/mole_trace.log
    at src/main.rs:50 on ThreadId(1)

  2026-07-12T23:38:08.917410Z  INFO  *********** New Whack A Mole game run started ***********
    at src/main.rs:55 on ThreadId(1)

  2026-07-12T23:38:08.917475Z  INFO  Generating 8 moles
    at src/game.rs:236 on ThreadId(1)

  2026-07-12T23:38:08.917505Z  INFO  Reading mole names from file ./mole_names.txt
    at src/game.rs:277 on ThreadId(1)

  2026-07-12T23:38:08.918419Z  INFO  Generating 8 holes
    at src/game.rs:242 on ThreadId(1)

  2026-07-12T23:38:08.918549Z DEBUG  Assigned hole #0 to x/y position 0/0
    at src/game.rs:255 on ThreadId(1)

  2026-07-12T23:38:08.918567Z DEBUG  Assigned hole #1 to x/y position 1/0
    at src/game.rs:255 on ThreadId(1)

  2026-07-12T23:38:08.918581Z DEBUG  Assigned hole #2 to x/y position 2/0
    at src/game.rs:255 on ThreadId(1)

  2026-07-12T23:38:08.918591Z DEBUG  Assigned hole #3 to x/y position 0/1
    at src/game.rs:255 on ThreadId(1)

  2026-07-12T23:38:08.918605Z DEBUG  Assigned hole #4 to x/y position 1/1
    at src/game.rs:255 on ThreadId(1)

  2026-07-12T23:38:08.918615Z DEBUG  Assigned hole #5 to x/y position 0/2
    at src/game.rs:255 on ThreadId(1)

  2026-07-12T23:38:08.918625Z DEBUG  Assigned hole #6 to x/y position 1/2
    at src/game.rs:255 on ThreadId(1)

  2026-07-12T23:38:08.918635Z DEBUG  Assigned hole #7 to x/y position 2/2
    at src/game.rs:255 on ThreadId(1)

  2026-07-12T23:38:08.919192Z  INFO  Initialized game with 8 moles
    at src/main.rs:65 on ThreadId(1)

  2026-07-12T23:38:08.919243Z  INFO  Spawned game task
    at src/main.rs:68 on ThreadId(1)

  2026-07-12T23:38:08.919261Z  INFO  Spawned renderer task
    at src/main.rs:70 on ThreadId(1)

  2026-07-12T23:38:08.919282Z  INFO  Entered Game::run() with tick interval 50ms
    at src/game.rs:82 on ThreadId(4)

  2026-07-12T23:38:08.919441Z TRACE  registering event source with poller: token=Token(0), interests=READABLE
    at /Users/eric/.cargo/registry/src/index.crates.io-1949cf8c6b5b557f/mio-1.2.1/src/poll.rs:578 on ThreadId(4)

  2026-07-12T23:38:08.919492Z TRACE  registering event source with poller: token=Token(1), interests=READABLE
    at /Users/eric/.cargo/registry/src/index.crates.io-1949cf8c6b5b557f/mio-1.2.1/src/poll.rs:578 on ThreadId(4)

  2026-07-12T23:38:08.924773Z  INFO  Entered Renderer::recv_panel_updates() with tick interval 17ms
    at src/renderer.rs:130 on ThreadId(11)

  2026-07-12T23:38:35.275354Z  INFO  Started tracing with logging to logs/mole_trace.log
    at src/main.rs:50 on ThreadId(1)

  2026-07-12T23:38:35.275862Z  INFO  *********** New Whack A Mole game run started ***********
    at src/main.rs:55 on ThreadId(1)

  2026-07-12T23:38:35.275934Z  INFO  Generating 8 moles
    at src/game.rs:236 on ThreadId(1)

  2026-07-12T23:38:35.275965Z  INFO  Reading mole names from file ./mole_names.txt
    at src/game.rs:277 on ThreadId(1)

  2026-07-12T23:38:35.276857Z  INFO  Generating 8 holes
    at src/game.rs:242 on ThreadId(1)

  2026-07-12T23:38:35.277986Z  INFO  Initialized game with 8 moles
    at src/main.rs:65 on ThreadId(1)

  2026-07-12T23:38:35.278122Z  INFO  Spawned game task
    at src/main.rs:68 on ThreadId(1)

  2026-07-12T23:38:35.278203Z  INFO  Spawned renderer task
    at src/main.rs:70 on ThreadId(1)

  2026-07-12T23:38:35.278199Z  INFO  Entered Game::run() with tick interval 50ms
    at src/game.rs:82 on ThreadId(10)

  2026-07-12T23:38:35.278679Z TRACE  registering event source with poller: token=Token(0), interests=READABLE
    at /Users/eric/.cargo/registry/src/index.crates.io-1949cf8c6b5b557f/mio-1.2.1/src/poll.rs:578 on ThreadId(10)

  2026-07-12T23:38:35.278783Z TRACE  registering event source with poller: token=Token(1), interests=READABLE
    at /Users/eric/.cargo/registry/src/index.crates.io-1949cf8c6b5b557f/mio-1.2.1/src/poll.rs:578 on ThreadId(10)

  2026-07-12T23:38:35.285755Z  INFO  Entered Renderer::recv_panel_updates() with tick interval 17ms
    at src/renderer.rs:130 on ThreadId(13)

  2026-07-12T23:40:00.224322Z  INFO  Started tracing with logging to logs/mole_trace.log
    at src/main.rs:50 on ThreadId(1)

  2026-07-12T23:40:00.224823Z  INFO  *********** New Whack A Mole game run started ***********
    at src/main.rs:55 on ThreadId(1)

  2026-07-12T23:40:00.224925Z  INFO  Generating 8 moles
    at src/game.rs:236 on ThreadId(1)

  2026-07-12T23:40:00.224956Z  INFO  Reading mole names from file ./mole_names.txt
    at src/game.rs:277 on ThreadId(1)

  2026-07-12T23:40:00.225502Z  INFO  Generating 8 holes
    at src/game.rs:242 on ThreadId(1)

  2026-07-12T23:40:00.225524Z DEBUG  Assigned hole #0 to x/y position 0/0
    at src/game.rs:255 on ThreadId(1)

  2026-07-12T23:40:00.225534Z DEBUG  Assigned hole #1 to x/y position 1/0
    at src/game.rs:255 on ThreadId(1)

  2026-07-12T23:40:00.225542Z DEBUG  Assigned hole #2 to x/y position 2/0
    at src/game.rs:255 on ThreadId(1)

  2026-07-12T23:40:00.225550Z DEBUG  Assigned hole #3 to x/y position 0/1
    at src/game.rs:255 on ThreadId(1)

  2026-07-12T23:40:00.225558Z DEBUG  Assigned hole #4 to x/y position 1/1
    at src/game.rs:255 on ThreadId(1)

  2026-07-12T23:40:00.225566Z DEBUG  Assigned hole #5 to x/y position 0/2
    at src/game.rs:255 on ThreadId(1)

  2026-07-12T23:40:00.225574Z DEBUG  Assigned hole #6 to x/y position 1/2
    at src/game.rs:255 on ThreadId(1)

  2026-07-12T23:40:00.225581Z DEBUG  Assigned hole #7 to x/y position 2/2
    at src/game.rs:255 on ThreadId(1)

  2026-07-12T23:40:00.225588Z  INFO  Init: Naming 8 moles from pool of 1000 names and 8 holes
    at src/game.rs:70 on ThreadId(1)

  2026-07-12T23:40:00.225604Z  INFO  Naming 8 moles and assigning them to holes
    at src/game.rs:183 on ThreadId(1)

  2026-07-12T23:40:00.225656Z DEBUG  Assigned mole Jerry to hole at x/y 1/2
    at src/game.rs:203 on ThreadId(1)

  2026-07-12T23:40:00.225665Z DEBUG  Assigned mole Harold to hole at x/y 2/2
    at src/game.rs:203 on ThreadId(1)

  2026-07-12T23:40:00.225674Z DEBUG  Assigned mole Roy to hole at x/y 1/1
    at src/game.rs:203 on ThreadId(1)

  2026-07-12T23:40:00.225682Z DEBUG  Assigned mole Bobby to hole at x/y 0/1
    at src/game.rs:203 on ThreadId(1)

  2026-07-12T23:40:00.225691Z DEBUG  Assigned mole Austin to hole at x/y 1/0
    at src/game.rs:203 on ThreadId(1)

  2026-07-12T23:40:00.225698Z DEBUG  Assigned mole Steven to hole at x/y 0/0
    at src/game.rs:203 on ThreadId(1)

  2026-07-12T23:40:00.225705Z DEBUG  Assigned mole Danielle to hole at x/y 0/2
    at src/game.rs:203 on ThreadId(1)

  2026-07-12T23:40:00.225713Z DEBUG  Assigned mole Richard to hole at x/y 2/0
    at src/game.rs:203 on ThreadId(1)

  2026-07-12T23:40:00.225720Z  INFO  Initialized game with 8 moles and 8 holes
    at src/main.rs:64 on ThreadId(1)

  2026-07-12T23:40:00.226216Z  INFO  Spawned game task
    at src/main.rs:73 on ThreadId(1)

  2026-07-12T23:40:00.226236Z  INFO  Spawned renderer task
    at src/main.rs:75 on ThreadId(1)

  2026-07-12T23:40:00.226253Z  INFO  Entered Game::run() with tick interval 50ms
    at src/game.rs:82 on ThreadId(5)

  2026-07-12T23:40:00.226384Z TRACE  registering event source with poller: token=Token(0), interests=READABLE
    at /Users/eric/.cargo/registry/src/index.crates.io-1949cf8c6b5b557f/mio-1.2.1/src/poll.rs:578 on ThreadId(5)

  2026-07-12T23:40:00.226441Z TRACE  registering event source with poller: token=Token(1), interests=READABLE
    at /Users/eric/.cargo/registry/src/index.crates.io-1949cf8c6b5b557f/mio-1.2.1/src/poll.rs:578 on ThreadId(5)

  2026-07-12T23:40:00.230462Z  INFO  Entered Renderer::recv_panel_updates() with tick interval 17ms
    at src/renderer.rs:130 on ThreadId(4)

  2026-07-12T23:43:33.268967Z  INFO  Started tracing with logging to logs/mole_trace.log
    at src/main.rs:50 on ThreadId(1)

  2026-07-12T23:43:33.269653Z  INFO  *********** New Whack A Mole game run started ***********
    at src/main.rs:55 on ThreadId(1)

  2026-07-12T23:43:33.269752Z  INFO  Generating 8 moles
    at src/game.rs:236 on ThreadId(1)

  2026-07-12T23:43:33.269786Z  INFO  Reading mole names from file ./mole_names.txt
    at src/game.rs:277 on ThreadId(1)

  2026-07-12T23:43:33.270642Z  INFO  Generating 8 holes
    at src/game.rs:242 on ThreadId(1)

  2026-07-12T23:43:33.270762Z DEBUG  Assigned hole #0 to x/y position 0/0
    at src/game.rs:255 on ThreadId(1)

  2026-07-12T23:43:33.270793Z DEBUG  Assigned hole #1 to x/y position 1/0
    at src/game.rs:255 on ThreadId(1)

  2026-07-12T23:43:33.270816Z DEBUG  Assigned hole #2 to x/y position 2/0
    at src/game.rs:255 on ThreadId(1)

  2026-07-12T23:43:33.270838Z DEBUG  Assigned hole #3 to x/y position 0/1
    at src/game.rs:255 on ThreadId(1)

  2026-07-12T23:43:33.270859Z DEBUG  Assigned hole #4 to x/y position 1/1
    at src/game.rs:255 on ThreadId(1)

  2026-07-12T23:43:33.270880Z DEBUG  Assigned hole #5 to x/y position 0/2
    at src/game.rs:255 on ThreadId(1)

  2026-07-12T23:43:33.270901Z DEBUG  Assigned hole #6 to x/y position 1/2
    at src/game.rs:255 on ThreadId(1)

  2026-07-12T23:43:33.270921Z DEBUG  Assigned hole #7 to x/y position 2/2
    at src/game.rs:255 on ThreadId(1)

  2026-07-12T23:43:33.270943Z  INFO  Init: Naming 8 moles from pool of 1000 names and 8 holes
    at src/game.rs:70 on ThreadId(1)

  2026-07-12T23:43:33.271011Z  INFO  Naming 8 moles and assigning them to holes
    at src/game.rs:183 on ThreadId(1)

  2026-07-12T23:43:33.271180Z DEBUG  Assigned mole Stephen to hole at x/y 2/2
    at src/game.rs:203 on ThreadId(1)

  2026-07-12T23:43:33.271219Z DEBUG  Assigned mole Jack to hole at x/y 1/2
    at src/game.rs:203 on ThreadId(1)

  2026-07-12T23:43:33.271248Z DEBUG  Assigned mole Theresa to hole at x/y 1/0
    at src/game.rs:203 on ThreadId(1)

  2026-07-12T23:43:33.271290Z DEBUG  Assigned mole Kayla to hole at x/y 0/2
    at src/game.rs:203 on ThreadId(1)

  2026-07-12T23:43:33.271315Z DEBUG  Assigned mole Nathan to hole at x/y 0/0
    at src/game.rs:203 on ThreadId(1)

  2026-07-12T23:43:33.271338Z DEBUG  Assigned mole Larry to hole at x/y 1/1
    at src/game.rs:203 on ThreadId(1)

  2026-07-12T23:43:33.271359Z DEBUG  Assigned mole Adam to hole at x/y 2/0
    at src/game.rs:203 on ThreadId(1)

  2026-07-12T23:43:33.271380Z DEBUG  Assigned mole Billy to hole at x/y 0/1
    at src/game.rs:203 on ThreadId(1)

  2026-07-12T23:43:33.271401Z  INFO  Initialized game with 8 moles and 8 holes
    at src/main.rs:64 on ThreadId(1)

  2026-07-12T23:43:33.272664Z  INFO  Spawned game task
    at src/main.rs:73 on ThreadId(1)

  2026-07-12T23:43:33.272686Z  INFO  Spawned renderer task
    at src/main.rs:75 on ThreadId(1)

  2026-07-12T23:43:33.272705Z  INFO  Entered Game::run() with tick interval 50ms
    at src/game.rs:82 on ThreadId(2)

  2026-07-12T23:43:33.272843Z TRACE  registering event source with poller: token=Token(0), interests=READABLE
    at /Users/eric/.cargo/registry/src/index.crates.io-1949cf8c6b5b557f/mio-1.2.1/src/poll.rs:578 on ThreadId(2)

  2026-07-12T23:43:33.272904Z TRACE  registering event source with poller: token=Token(1), interests=READABLE
    at /Users/eric/.cargo/registry/src/index.crates.io-1949cf8c6b5b557f/mio-1.2.1/src/poll.rs:578 on ThreadId(2)

  2026-07-12T23:43:33.276306Z  INFO  Entered Renderer::recv_panel_updates() with tick interval 17ms
    at src/renderer.rs:130 on ThreadId(13)

  2026-07-13T00:06:07.977643Z  INFO  Started tracing with logging to logs/mole_trace.log
    at src/main.rs:50 on ThreadId(1)

  2026-07-13T00:06:07.978459Z  INFO  *********** New Whack A Mole game run started ***********
    at src/main.rs:55 on ThreadId(1)

  2026-07-13T00:06:07.978570Z  INFO  Generating 8 moles
    at src/game.rs:236 on ThreadId(1)

  2026-07-13T00:06:07.978605Z  INFO  Reading mole names from file ./mole_names.txt
    at src/game.rs:277 on ThreadId(1)

  2026-07-13T00:06:07.979333Z  INFO  Generating 8 holes
    at src/game.rs:242 on ThreadId(1)

  2026-07-13T00:06:07.979385Z DEBUG  Assigned hole #0 to x/y position 0/0
    at src/game.rs:255 on ThreadId(1)

  2026-07-13T00:06:07.979398Z DEBUG  Assigned hole #1 to x/y position 1/0
    at src/game.rs:255 on ThreadId(1)

  2026-07-13T00:06:07.979407Z DEBUG  Assigned hole #2 to x/y position 2/0
    at src/game.rs:255 on ThreadId(1)

  2026-07-13T00:06:07.979415Z DEBUG  Assigned hole #3 to x/y position 0/1
    at src/game.rs:255 on ThreadId(1)

  2026-07-13T00:06:07.979425Z DEBUG  Assigned hole #4 to x/y position 1/1
    at src/game.rs:255 on ThreadId(1)

  2026-07-13T00:06:07.979433Z DEBUG  Assigned hole #5 to x/y position 0/2
    at src/game.rs:255 on ThreadId(1)

  2026-07-13T00:06:07.979441Z DEBUG  Assigned hole #6 to x/y position 1/2
    at src/game.rs:255 on ThreadId(1)

  2026-07-13T00:06:07.979449Z DEBUG  Assigned hole #7 to x/y position 2/2
    at src/game.rs:255 on ThreadId(1)

  2026-07-13T00:06:07.979457Z  INFO  Init: Naming 8 moles from pool of 1000 names and 8 holes
    at src/game.rs:70 on ThreadId(1)

  2026-07-13T00:06:07.979473Z  INFO  Naming 8 moles and assigning them to holes
    at src/game.rs:183 on ThreadId(1)

  2026-07-13T00:06:07.979536Z DEBUG  Assigned mole Gerald to hole at x/y 2/2
    at src/game.rs:203 on ThreadId(1)

  2026-07-13T00:06:07.979550Z DEBUG  Assigned mole Isabella to hole at x/y 1/2
    at src/game.rs:203 on ThreadId(1)

  2026-07-13T00:06:07.979562Z DEBUG  Assigned mole Daniel to hole at x/y 2/0
    at src/game.rs:203 on ThreadId(1)

  2026-07-13T00:06:07.979571Z DEBUG  Assigned mole George to hole at x/y 0/1
    at src/game.rs:203 on ThreadId(1)

  2026-07-13T00:06:07.979580Z DEBUG  Assigned mole Sarah to hole at x/y 0/2
    at src/game.rs:203 on ThreadId(1)

  2026-07-13T00:06:07.979589Z DEBUG  Assigned mole Olivia to hole at x/y 1/0
    at src/game.rs:203 on ThreadId(1)

  2026-07-13T00:06:07.979605Z DEBUG  Assigned mole Raymond to hole at x/y 1/1
    at src/game.rs:203 on ThreadId(1)

  2026-07-13T00:06:07.979612Z DEBUG  Assigned mole Gerald to hole at x/y 0/0
    at src/game.rs:203 on ThreadId(1)

  2026-07-13T00:06:07.979620Z  INFO  Initialized game with 8 moles and 8 holes
    at src/main.rs:64 on ThreadId(1)

  2026-07-13T00:06:07.980151Z  INFO  Spawned game task
    at src/main.rs:73 on ThreadId(1)

  2026-07-13T00:06:07.980166Z  INFO  Spawned renderer task
    at src/main.rs:75 on ThreadId(1)

  2026-07-13T00:06:07.980184Z  INFO  Entered Game::run() with tick interval 50ms
    at src/game.rs:82 on ThreadId(12)

  2026-07-13T00:06:07.980325Z TRACE  registering event source with poller: token=Token(0), interests=READABLE
    at /Users/eric/.cargo/registry/src/index.crates.io-1949cf8c6b5b557f/mio-1.2.1/src/poll.rs:578 on ThreadId(12)

  2026-07-13T00:06:07.980399Z TRACE  registering event source with poller: token=Token(1), interests=READABLE
    at /Users/eric/.cargo/registry/src/index.crates.io-1949cf8c6b5b557f/mio-1.2.1/src/poll.rs:578 on ThreadId(12)

  2026-07-13T00:06:07.983191Z  INFO  Entered Renderer::recv_panel_updates() with tick interval 17ms
    at src/renderer.rs:130 on ThreadId(11)

  2026-07-13T00:06:11.510587Z  INFO  Increasing number of moles from 8 to 9
    at src/game.rs:156 on ThreadId(11)

  2026-07-13T00:06:11.510760Z  INFO  Generating 9 moles
    at src/game.rs:236 on ThreadId(11)

  2026-07-13T00:06:11.510795Z  INFO  Increasing number of holes from 8 to 9
    at src/game.rs:163 on ThreadId(11)

  2026-07-13T00:06:11.510810Z  INFO  Generating 9 holes
    at src/game.rs:242 on ThreadId(11)

  2026-07-13T00:06:11.510822Z DEBUG  Assigned hole #0 to x/y position 0/0
    at src/game.rs:255 on ThreadId(11)

  2026-07-13T00:06:11.510833Z DEBUG  Assigned hole #1 to x/y position 1/0
    at src/game.rs:255 on ThreadId(11)

  2026-07-13T00:06:11.510844Z DEBUG  Assigned hole #2 to x/y position 2/0
    at src/game.rs:255 on ThreadId(11)

  2026-07-13T00:06:11.510855Z DEBUG  Assigned hole #3 to x/y position 0/1
    at src/game.rs:255 on ThreadId(11)

  2026-07-13T00:06:11.510867Z DEBUG  Assigned hole #4 to x/y position 1/1
    at src/game.rs:255 on ThreadId(11)

  2026-07-13T00:06:11.510877Z DEBUG  Assigned hole #5 to x/y position 0/2
    at src/game.rs:255 on ThreadId(11)

  2026-07-13T00:06:11.510886Z DEBUG  Assigned hole #6 to x/y position 1/2
    at src/game.rs:255 on ThreadId(11)

  2026-07-13T00:06:11.510896Z DEBUG  Assigned hole #7 to x/y position 2/2
    at src/game.rs:255 on ThreadId(11)

  2026-07-13T00:06:11.510906Z DEBUG  Assigned hole #8 to x/y position 0/3
    at src/game.rs:255 on ThreadId(11)

  2026-07-13T00:06:13.840707Z  INFO  Increasing number of moles from 9 to 10
    at src/game.rs:156 on ThreadId(13)

  2026-07-13T00:06:13.840921Z  INFO  Generating 10 moles
    at src/game.rs:236 on ThreadId(13)

  2026-07-13T00:06:13.840948Z  INFO  Increasing number of holes from 9 to 10
    at src/game.rs:163 on ThreadId(13)

  2026-07-13T00:06:13.840962Z  INFO  Generating 10 holes
    at src/game.rs:242 on ThreadId(13)

  2026-07-13T00:06:13.840973Z DEBUG  Assigned hole #0 to x/y position 0/0
    at src/game.rs:255 on ThreadId(13)

  2026-07-13T00:06:13.840984Z DEBUG  Assigned hole #1 to x/y position 1/0
    at src/game.rs:255 on ThreadId(13)

  2026-07-13T00:06:13.840994Z DEBUG  Assigned hole #2 to x/y position 2/0
    at src/game.rs:255 on ThreadId(13)

  2026-07-13T00:06:13.841005Z DEBUG  Assigned hole #3 to x/y position 3/0
    at src/game.rs:255 on ThreadId(13)

  2026-07-13T00:06:13.841015Z DEBUG  Assigned hole #4 to x/y position 0/1
    at src/game.rs:255 on ThreadId(13)

  2026-07-13T00:06:13.841025Z DEBUG  Assigned hole #5 to x/y position 1/1
    at src/game.rs:255 on ThreadId(13)

  2026-07-13T00:06:13.841034Z DEBUG  Assigned hole #6 to x/y position 2/1
    at src/game.rs:255 on ThreadId(13)

  2026-07-13T00:06:13.841043Z DEBUG  Assigned hole #7 to x/y position 0/2
    at src/game.rs:255 on ThreadId(13)

  2026-07-13T00:06:13.841052Z DEBUG  Assigned hole #8 to x/y position 1/2
    at src/game.rs:255 on ThreadId(13)

  2026-07-13T00:06:13.841082Z DEBUG  Assigned hole #9 to x/y position 2/2
    at src/game.rs:255 on ThreadId(13)

  2026-07-13T00:06:14.316037Z  INFO  Increasing number of moles from 10 to 11
    at src/game.rs:156 on ThreadId(11)

  2026-07-13T00:06:14.316166Z  INFO  Generating 11 moles
    at src/game.rs:236 on ThreadId(11)

  2026-07-13T00:06:14.316198Z  INFO  Increasing number of holes from 10 to 11
    at src/game.rs:163 on ThreadId(11)

  2026-07-13T00:06:14.316211Z  INFO  Generating 11 holes
    at src/game.rs:242 on ThreadId(11)

  2026-07-13T00:06:14.316223Z DEBUG  Assigned hole #0 to x/y position 0/0
    at src/game.rs:255 on ThreadId(11)

  2026-07-13T00:06:14.316235Z DEBUG  Assigned hole #1 to x/y position 1/0
    at src/game.rs:255 on ThreadId(11)

  2026-07-13T00:06:14.316245Z DEBUG  Assigned hole #2 to x/y position 2/0
    at src/game.rs:255 on ThreadId(11)

  2026-07-13T00:06:14.316255Z DEBUG  Assigned hole #3 to x/y position 3/0
    at src/game.rs:255 on ThreadId(11)

  2026-07-13T00:06:14.316266Z DEBUG  Assigned hole #4 to x/y position 0/1
    at src/game.rs:255 on ThreadId(11)

  2026-07-13T00:06:14.316276Z DEBUG  Assigned hole #5 to x/y position 1/1
    at src/game.rs:255 on ThreadId(11)

  2026-07-13T00:06:14.316285Z DEBUG  Assigned hole #6 to x/y position 2/1
    at src/game.rs:255 on ThreadId(11)

  2026-07-13T00:06:14.316294Z DEBUG  Assigned hole #7 to x/y position 0/2
    at src/game.rs:255 on ThreadId(11)

  2026-07-13T00:06:14.316303Z DEBUG  Assigned hole #8 to x/y position 1/2
    at src/game.rs:255 on ThreadId(11)

  2026-07-13T00:06:14.316312Z DEBUG  Assigned hole #9 to x/y position 2/2
    at src/game.rs:255 on ThreadId(11)

  2026-07-13T00:06:14.316322Z DEBUG  Assigned hole #10 to x/y position 3/2
    at src/game.rs:255 on ThreadId(11)

  2026-07-13T00:06:15.264499Z  INFO  Increasing number of moles from 11 to 12
    at src/game.rs:156 on ThreadId(13)

  2026-07-13T00:06:15.264621Z  INFO  Generating 12 moles
    at src/game.rs:236 on ThreadId(13)

  2026-07-13T00:06:15.264650Z  INFO  Increasing number of holes from 11 to 12
    at src/game.rs:163 on ThreadId(13)

  2026-07-13T00:06:15.264665Z  INFO  Generating 12 holes
    at src/game.rs:242 on ThreadId(13)

  2026-07-13T00:06:15.264678Z DEBUG  Assigned hole #0 to x/y position 0/0
    at src/game.rs:255 on ThreadId(13)

  2026-07-13T00:06:15.264691Z DEBUG  Assigned hole #1 to x/y position 1/0
    at src/game.rs:255 on ThreadId(13)

  2026-07-13T00:06:15.264704Z DEBUG  Assigned hole #2 to x/y position 2/0
    at src/game.rs:255 on ThreadId(13)

  2026-07-13T00:06:15.264715Z DEBUG  Assigned hole #3 to x/y position 3/0
    at src/game.rs:255 on ThreadId(13)

  2026-07-13T00:06:15.264728Z DEBUG  Assigned hole #4 to x/y position 0/1
    at src/game.rs:255 on ThreadId(13)

  2026-07-13T00:06:15.264740Z DEBUG  Assigned hole #5 to x/y position 1/1
    at src/game.rs:255 on ThreadId(13)

  2026-07-13T00:06:15.264752Z DEBUG  Assigned hole #6 to x/y position 2/1
    at src/game.rs:255 on ThreadId(13)

  2026-07-13T00:06:15.264763Z DEBUG  Assigned hole #7 to x/y position 0/2
    at src/game.rs:255 on ThreadId(13)

  2026-07-13T00:06:15.264775Z DEBUG  Assigned hole #8 to x/y position 1/2
    at src/game.rs:255 on ThreadId(13)

  2026-07-13T00:06:15.264786Z DEBUG  Assigned hole #9 to x/y position 2/2
    at src/game.rs:255 on ThreadId(13)

  2026-07-13T00:06:15.264796Z DEBUG  Assigned hole #10 to x/y position 3/2
    at src/game.rs:255 on ThreadId(13)

  2026-07-13T00:06:15.264809Z DEBUG  Assigned hole #11 to x/y position 0/3
    at src/game.rs:255 on ThreadId(13)

  2026-07-13T00:06:15.654973Z  INFO  Increasing number of moles from 12 to 13
    at src/game.rs:156 on ThreadId(13)

  2026-07-13T00:06:15.655020Z  INFO  Generating 13 moles
    at src/game.rs:236 on ThreadId(13)

  2026-07-13T00:06:15.655037Z  INFO  Increasing number of holes from 12 to 13
    at src/game.rs:163 on ThreadId(13)

  2026-07-13T00:06:15.655049Z  INFO  Generating 13 holes
    at src/game.rs:242 on ThreadId(13)

  2026-07-13T00:06:15.655080Z DEBUG  Assigned hole #0 to x/y position 0/0
    at src/game.rs:255 on ThreadId(13)

  2026-07-13T00:06:15.655091Z DEBUG  Assigned hole #1 to x/y position 1/0
    at src/game.rs:255 on ThreadId(13)

  2026-07-13T00:06:15.655100Z DEBUG  Assigned hole #2 to x/y position 2/0
    at src/game.rs:255 on ThreadId(13)

  2026-07-13T00:06:15.655110Z DEBUG  Assigned hole #3 to x/y position 3/0
    at src/game.rs:255 on ThreadId(13)

  2026-07-13T00:06:15.655120Z DEBUG  Assigned hole #4 to x/y position 0/1
    at src/game.rs:255 on ThreadId(13)

  2026-07-13T00:06:15.655135Z DEBUG  Assigned hole #5 to x/y position 1/1
    at src/game.rs:255 on ThreadId(13)

  2026-07-13T00:06:15.655144Z DEBUG  Assigned hole #6 to x/y position 2/1
    at src/game.rs:255 on ThreadId(13)

  2026-07-13T00:06:15.655154Z DEBUG  Assigned hole #7 to x/y position 0/2
    at src/game.rs:255 on ThreadId(13)

  2026-07-13T00:06:15.655163Z DEBUG  Assigned hole #8 to x/y position 1/2
    at src/game.rs:255 on ThreadId(13)

  2026-07-13T00:06:15.655172Z DEBUG  Assigned hole #9 to x/y position 2/2
    at src/game.rs:255 on ThreadId(13)

  2026-07-13T00:06:15.655181Z DEBUG  Assigned hole #10 to x/y position 3/2
    at src/game.rs:255 on ThreadId(13)

  2026-07-13T00:06:15.655190Z DEBUG  Assigned hole #11 to x/y position 0/3
    at src/game.rs:255 on ThreadId(13)

  2026-07-13T00:06:15.655198Z DEBUG  Assigned hole #12 to x/y position 1/3
    at src/game.rs:255 on ThreadId(13)

  2026-07-13T00:07:13.277322Z  INFO  Started tracing with logging to logs/mole_trace.log
    at src/main.rs:50 on ThreadId(1)

  2026-07-13T00:07:13.277724Z  INFO  *********** New Whack A Mole game run started ***********
    at src/main.rs:55 on ThreadId(1)

  2026-07-13T00:07:13.277806Z  INFO  Generating 8 moles
    at src/game.rs:238 on ThreadId(1)

  2026-07-13T00:07:13.277835Z  INFO  Reading mole names from file ./mole_names.txt
    at src/game.rs:279 on ThreadId(1)

  2026-07-13T00:07:13.278343Z  INFO  Generating 8 holes
    at src/game.rs:244 on ThreadId(1)

  2026-07-13T00:07:13.278390Z DEBUG  Assigned hole #0 to x/y position 0/0
    at src/game.rs:257 on ThreadId(1)

  2026-07-13T00:07:13.278401Z DEBUG  Assigned hole #1 to x/y position 1/0
    at src/game.rs:257 on ThreadId(1)

  2026-07-13T00:07:13.278410Z DEBUG  Assigned hole #2 to x/y position 2/0
    at src/game.rs:257 on ThreadId(1)

  2026-07-13T00:07:13.278418Z DEBUG  Assigned hole #3 to x/y position 0/1
    at src/game.rs:257 on ThreadId(1)

  2026-07-13T00:07:13.278425Z DEBUG  Assigned hole #4 to x/y position 1/1
    at src/game.rs:257 on ThreadId(1)

  2026-07-13T00:07:13.278433Z DEBUG  Assigned hole #5 to x/y position 0/2
    at src/game.rs:257 on ThreadId(1)

  2026-07-13T00:07:13.278440Z DEBUG  Assigned hole #6 to x/y position 1/2
    at src/game.rs:257 on ThreadId(1)

  2026-07-13T00:07:13.278448Z DEBUG  Assigned hole #7 to x/y position 2/2
    at src/game.rs:257 on ThreadId(1)

  2026-07-13T00:07:13.278456Z  INFO  Init: Naming 8 moles from pool of 1000 names and 8 holes
    at src/game.rs:70 on ThreadId(1)

  2026-07-13T00:07:13.278470Z  INFO  Naming 8 moles and assigning them to holes
    at src/game.rs:185 on ThreadId(1)

  2026-07-13T00:07:13.278521Z DEBUG  Assigned mole Brandon to hole at x/y 0/1
    at src/game.rs:205 on ThreadId(1)

  2026-07-13T00:07:13.278531Z DEBUG  Assigned mole Rachel to hole at x/y 1/1
    at src/game.rs:205 on ThreadId(1)

  2026-07-13T00:07:13.278540Z DEBUG  Assigned mole Margaret to hole at x/y 1/2
    at src/game.rs:205 on ThreadId(1)

  2026-07-13T00:07:13.278549Z DEBUG  Assigned mole Matthew to hole at x/y 2/2
    at src/game.rs:205 on ThreadId(1)

  2026-07-13T00:07:13.278558Z DEBUG  Assigned mole Rebecca to hole at x/y 0/2
    at src/game.rs:205 on ThreadId(1)

  2026-07-13T00:07:13.278566Z DEBUG  Assigned mole Janet to hole at x/y 0/0
    at src/game.rs:205 on ThreadId(1)

  2026-07-13T00:07:13.278574Z DEBUG  Assigned mole Christine to hole at x/y 2/0
    at src/game.rs:205 on ThreadId(1)

  2026-07-13T00:07:13.278582Z DEBUG  Assigned mole Jose to hole at x/y 1/0
    at src/game.rs:205 on ThreadId(1)

  2026-07-13T00:07:13.278590Z  INFO  Initialized game with 8 moles and 8 holes
    at src/main.rs:64 on ThreadId(1)

  2026-07-13T00:07:13.279091Z  INFO  Spawned game task
    at src/main.rs:73 on ThreadId(1)

  2026-07-13T00:07:13.279108Z  INFO  Spawned renderer task
    at src/main.rs:75 on ThreadId(1)

  2026-07-13T00:07:13.279130Z  INFO  Entered Game::run() with tick interval 50ms
    at src/game.rs:82 on ThreadId(11)

  2026-07-13T00:07:13.279319Z TRACE  registering event source with poller: token=Token(0), interests=READABLE
    at /Users/eric/.cargo/registry/src/index.crates.io-1949cf8c6b5b557f/mio-1.2.1/src/poll.rs:578 on ThreadId(11)

  2026-07-13T00:07:13.279378Z TRACE  registering event source with poller: token=Token(1), interests=READABLE
    at /Users/eric/.cargo/registry/src/index.crates.io-1949cf8c6b5b557f/mio-1.2.1/src/poll.rs:578 on ThreadId(11)

  2026-07-13T00:07:13.282342Z  INFO  Entered Renderer::recv_panel_updates() with tick interval 17ms
    at src/renderer.rs:130 on ThreadId(10)

  2026-07-13T00:07:15.428921Z  INFO  Increasing number of moles from 8 to 9
    at src/game.rs:157 on ThreadId(9)

  2026-07-13T00:07:15.429195Z  INFO  Generating 9 moles
    at src/game.rs:238 on ThreadId(9)

  2026-07-13T00:07:15.429250Z  INFO  Increasing number of holes from 8 to 9
    at src/game.rs:164 on ThreadId(9)

  2026-07-13T00:07:15.429271Z  INFO  Generating 9 holes
    at src/game.rs:244 on ThreadId(9)

  2026-07-13T00:07:15.429287Z DEBUG  Assigned hole #0 to x/y position 0/0
    at src/game.rs:257 on ThreadId(9)

  2026-07-13T00:07:15.429300Z DEBUG  Assigned hole #1 to x/y position 1/0
    at src/game.rs:257 on ThreadId(9)

  2026-07-13T00:07:15.429312Z DEBUG  Assigned hole #2 to x/y position 2/0
    at src/game.rs:257 on ThreadId(9)

  2026-07-13T00:07:15.429323Z DEBUG  Assigned hole #3 to x/y position 0/1
    at src/game.rs:257 on ThreadId(9)

  2026-07-13T00:07:15.429338Z DEBUG  Assigned hole #4 to x/y position 1/1
    at src/game.rs:257 on ThreadId(9)

  2026-07-13T00:07:15.429350Z DEBUG  Assigned hole #5 to x/y position 0/2
    at src/game.rs:257 on ThreadId(9)

  2026-07-13T00:07:15.429361Z DEBUG  Assigned hole #6 to x/y position 1/2
    at src/game.rs:257 on ThreadId(9)

  2026-07-13T00:07:15.429372Z DEBUG  Assigned hole #7 to x/y position 2/2
    at src/game.rs:257 on ThreadId(9)

  2026-07-13T00:07:15.429383Z DEBUG  Assigned hole #8 to x/y position 0/3
    at src/game.rs:257 on ThreadId(9)

  2026-07-13T00:07:15.429394Z  INFO  Naming 9 moles and assigning them to holes
    at src/game.rs:185 on ThreadId(9)

  2026-07-13T00:07:15.429476Z DEBUG  Assigned mole Diane to hole at x/y 0/1
    at src/game.rs:205 on ThreadId(9)

  2026-07-13T00:07:15.429499Z DEBUG  Assigned mole Marie to hole at x/y 2/2
    at src/game.rs:205 on ThreadId(9)

  2026-07-13T00:07:15.429515Z DEBUG  Assigned mole Karen to hole at x/y 1/1
    at src/game.rs:205 on ThreadId(9)

  2026-07-13T00:07:15.429527Z DEBUG  Assigned mole Kayla to hole at x/y 1/0
    at src/game.rs:205 on ThreadId(9)

  2026-07-13T00:07:15.429541Z DEBUG  Assigned mole Vincent to hole at x/y 1/2
    at src/game.rs:205 on ThreadId(9)

  2026-07-13T00:07:15.429554Z DEBUG  Assigned mole Jean to hole at x/y 0/2
    at src/game.rs:205 on ThreadId(9)

  2026-07-13T00:07:15.429567Z DEBUG  Assigned mole Adam to hole at x/y 2/0
    at src/game.rs:205 on ThreadId(9)

  2026-07-13T00:07:15.429579Z DEBUG  Assigned mole Melissa to hole at x/y 0/0
    at src/game.rs:205 on ThreadId(9)

  2026-07-13T00:07:15.429593Z DEBUG  Assigned mole Roger to hole at x/y 0/3
    at src/game.rs:205 on ThreadId(9)

  2026-07-13T00:07:19.223819Z  INFO  Increasing number of moles from 9 to 10
    at src/game.rs:157 on ThreadId(11)

  2026-07-13T00:07:19.223959Z  INFO  Generating 10 moles
    at src/game.rs:238 on ThreadId(11)

  2026-07-13T00:07:19.223994Z  INFO  Increasing number of holes from 9 to 10
    at src/game.rs:164 on ThreadId(11)

  2026-07-13T00:07:19.224010Z  INFO  Generating 10 holes
    at src/game.rs:244 on ThreadId(11)

  2026-07-13T00:07:19.224022Z DEBUG  Assigned hole #0 to x/y position 0/0
    at src/game.rs:257 on ThreadId(11)

  2026-07-13T00:07:19.224035Z DEBUG  Assigned hole #1 to x/y position 1/0
    at src/game.rs:257 on ThreadId(11)

  2026-07-13T00:07:19.224047Z DEBUG  Assigned hole #2 to x/y position 2/0
    at src/game.rs:257 on ThreadId(11)

  2026-07-13T00:07:19.224060Z DEBUG  Assigned hole #3 to x/y position 3/0
    at src/game.rs:257 on ThreadId(11)

  2026-07-13T00:07:19.224073Z DEBUG  Assigned hole #4 to x/y position 0/1
    at src/game.rs:257 on ThreadId(11)

  2026-07-13T00:07:19.224084Z DEBUG  Assigned hole #5 to x/y position 1/1
    at src/game.rs:257 on ThreadId(11)

  2026-07-13T00:07:19.224095Z DEBUG  Assigned hole #6 to x/y position 2/1
    at src/game.rs:257 on ThreadId(11)

  2026-07-13T00:07:19.224106Z DEBUG  Assigned hole #7 to x/y position 0/2
    at src/game.rs:257 on ThreadId(11)

  2026-07-13T00:07:19.224118Z DEBUG  Assigned hole #8 to x/y position 1/2
    at src/game.rs:257 on ThreadId(11)

  2026-07-13T00:07:19.224128Z DEBUG  Assigned hole #9 to x/y position 2/2
    at src/game.rs:257 on ThreadId(11)

  2026-07-13T00:07:19.224142Z  INFO  Naming 10 moles and assigning them to holes
    at src/game.rs:185 on ThreadId(11)

  2026-07-13T00:07:19.224217Z DEBUG  Assigned mole Donna to hole at x/y 2/0
    at src/game.rs:205 on ThreadId(11)

  2026-07-13T00:07:19.224234Z DEBUG  Assigned mole Susan to hole at x/y 1/2
    at src/game.rs:205 on ThreadId(11)

  2026-07-13T00:07:19.224247Z DEBUG  Assigned mole Linda to hole at x/y 0/1
    at src/game.rs:205 on ThreadId(11)

  2026-07-13T00:07:19.224260Z DEBUG  Assigned mole Jordan to hole at x/y 1/0
    at src/game.rs:205 on ThreadId(11)

  2026-07-13T00:07:19.224273Z DEBUG  Assigned mole Jeffrey to hole at x/y 2/2
    at src/game.rs:205 on ThreadId(11)

  2026-07-13T00:07:19.224285Z DEBUG  Assigned mole Emily to hole at x/y 3/0
    at src/game.rs:205 on ThreadId(11)

  2026-07-13T00:07:19.224297Z DEBUG  Assigned mole Frank to hole at x/y 2/1
    at src/game.rs:205 on ThreadId(11)

  2026-07-13T00:07:19.224309Z DEBUG  Assigned mole Scott to hole at x/y 0/0
    at src/game.rs:205 on ThreadId(11)

  2026-07-13T00:07:19.224321Z DEBUG  Assigned mole Jaq to hole at x/y 1/1
    at src/game.rs:205 on ThreadId(11)

  2026-07-13T00:07:19.224332Z DEBUG  Assigned mole Michelle to hole at x/y 0/2
    at src/game.rs:205 on ThreadId(11)

  2026-07-13T00:07:19.935514Z  INFO  Increasing number of moles from 10 to 11
    at src/game.rs:157 on ThreadId(3)

  2026-07-13T00:07:19.935735Z  INFO  Generating 11 moles
    at src/game.rs:238 on ThreadId(3)

  2026-07-13T00:07:19.935760Z  INFO  Increasing number of holes from 10 to 11
    at src/game.rs:164 on ThreadId(3)

  2026-07-13T00:07:19.935774Z  INFO  Generating 11 holes
    at src/game.rs:244 on ThreadId(3)

  2026-07-13T00:07:19.935788Z DEBUG  Assigned hole #0 to x/y position 0/0
    at src/game.rs:257 on ThreadId(3)

  2026-07-13T00:07:19.935800Z DEBUG  Assigned hole #1 to x/y position 1/0
    at src/game.rs:257 on ThreadId(3)

  2026-07-13T00:07:19.935812Z DEBUG  Assigned hole #2 to x/y position 2/0
    at src/game.rs:257 on ThreadId(3)

  2026-07-13T00:07:19.935829Z DEBUG  Assigned hole #3 to x/y position 3/0
    at src/game.rs:257 on ThreadId(3)

  2026-07-13T00:07:19.935847Z DEBUG  Assigned hole #4 to x/y position 0/1
    at src/game.rs:257 on ThreadId(3)

  2026-07-13T00:07:19.935858Z DEBUG  Assigned hole #5 to x/y position 1/1
    at src/game.rs:257 on ThreadId(3)

  2026-07-13T00:07:19.935868Z DEBUG  Assigned hole #6 to x/y position 2/1
    at src/game.rs:257 on ThreadId(3)

  2026-07-13T00:07:19.935879Z DEBUG  Assigned hole #7 to x/y position 0/2
    at src/game.rs:257 on ThreadId(3)

  2026-07-13T00:07:19.935889Z DEBUG  Assigned hole #8 to x/y position 1/2
    at src/game.rs:257 on ThreadId(3)

  2026-07-13T00:07:19.935900Z DEBUG  Assigned hole #9 to x/y position 2/2
    at src/game.rs:257 on ThreadId(3)

  2026-07-13T00:07:19.935911Z DEBUG  Assigned hole #10 to x/y position 3/2
    at src/game.rs:257 on ThreadId(3)

  2026-07-13T00:07:19.935922Z  INFO  Naming 11 moles and assigning them to holes
    at src/game.rs:185 on ThreadId(3)

  2026-07-13T00:07:19.935977Z DEBUG  Assigned mole Matthew to hole at x/y 0/2
    at src/game.rs:205 on ThreadId(3)

  2026-07-13T00:07:19.935995Z DEBUG  Assigned mole Angela to hole at x/y 0/1
    at src/game.rs:205 on ThreadId(3)

  2026-07-13T00:07:19.936011Z DEBUG  Assigned mole Patrick to hole at x/y 2/1
    at src/game.rs:205 on ThreadId(3)

  2026-07-13T00:07:19.936024Z DEBUG  Assigned mole Brittany to hole at x/y 2/0
    at src/game.rs:205 on ThreadId(3)

  2026-07-13T00:07:19.936041Z DEBUG  Assigned mole Natalie to hole at x/y 1/2
    at src/game.rs:205 on ThreadId(3)

  2026-07-13T00:07:19.936053Z DEBUG  Assigned mole Evelyn to hole at x/y 1/1
    at src/game.rs:205 on ThreadId(3)

  2026-07-13T00:07:19.936067Z DEBUG  Assigned mole Michael to hole at x/y 3/0
    at src/game.rs:205 on ThreadId(3)

  2026-07-13T00:07:19.936079Z DEBUG  Assigned mole Diana to hole at x/y 1/0
    at src/game.rs:205 on ThreadId(3)

  2026-07-13T00:07:19.936091Z DEBUG  Assigned mole Grace to hole at x/y 0/0
    at src/game.rs:205 on ThreadId(3)

  2026-07-13T00:07:19.936102Z DEBUG  Assigned mole Lori to hole at x/y 2/2
    at src/game.rs:205 on ThreadId(3)

  2026-07-13T00:07:19.936114Z DEBUG  Assigned mole Johnny to hole at x/y 3/2
    at src/game.rs:205 on ThreadId(3)

  2026-07-13T00:07:20.381425Z  INFO  Increasing number of moles from 11 to 12
    at src/game.rs:157 on ThreadId(11)

  2026-07-13T00:07:20.381481Z  INFO  Generating 12 moles
    at src/game.rs:238 on ThreadId(11)

  2026-07-13T00:07:20.381497Z  INFO  Increasing number of holes from 11 to 12
    at src/game.rs:164 on ThreadId(11)

  2026-07-13T00:07:20.381510Z  INFO  Generating 12 holes
    at src/game.rs:244 on ThreadId(11)

  2026-07-13T00:07:20.381522Z DEBUG  Assigned hole #0 to x/y position 0/0
    at src/game.rs:257 on ThreadId(11)

  2026-07-13T00:07:20.381533Z DEBUG  Assigned hole #1 to x/y position 1/0
    at src/game.rs:257 on ThreadId(11)

  2026-07-13T00:07:20.381544Z DEBUG  Assigned hole #2 to x/y position 2/0
    at src/game.rs:257 on ThreadId(11)

  2026-07-13T00:07:20.381554Z DEBUG  Assigned hole #3 to x/y position 3/0
    at src/game.rs:257 on ThreadId(11)

  2026-07-13T00:07:20.381564Z DEBUG  Assigned hole #4 to x/y position 0/1
    at src/game.rs:257 on ThreadId(11)

  2026-07-13T00:07:20.381574Z DEBUG  Assigned hole #5 to x/y position 1/1
    at src/game.rs:257 on ThreadId(11)

  2026-07-13T00:07:20.381584Z DEBUG  Assigned hole #6 to x/y position 2/1
    at src/game.rs:257 on ThreadId(11)

  2026-07-13T00:07:20.381594Z DEBUG  Assigned hole #7 to x/y position 0/2
    at src/game.rs:257 on ThreadId(11)

  2026-07-13T00:07:20.381604Z DEBUG  Assigned hole #8 to x/y position 1/2
    at src/game.rs:257 on ThreadId(11)

  2026-07-13T00:07:20.381614Z DEBUG  Assigned hole #9 to x/y position 2/2
    at src/game.rs:257 on ThreadId(11)

  2026-07-13T00:07:20.381624Z DEBUG  Assigned hole #10 to x/y position 3/2
    at src/game.rs:257 on ThreadId(11)

  2026-07-13T00:07:20.381634Z DEBUG  Assigned hole #11 to x/y position 0/3
    at src/game.rs:257 on ThreadId(11)

  2026-07-13T00:07:20.381644Z  INFO  Naming 12 moles and assigning them to holes
    at src/game.rs:185 on ThreadId(11)

  2026-07-13T00:07:20.381660Z DEBUG  Assigned mole Ethan to hole at x/y 0/3
    at src/game.rs:205 on ThreadId(11)

  2026-07-13T00:07:20.381673Z DEBUG  Assigned mole Ruth to hole at x/y 2/2
    at src/game.rs:205 on ThreadId(11)

  2026-07-13T00:07:20.381686Z DEBUG  Assigned mole Joan to hole at x/y 0/0
    at src/game.rs:205 on ThreadId(11)

  2026-07-13T00:07:20.381699Z DEBUG  Assigned mole Dennis to hole at x/y 2/0
    at src/game.rs:205 on ThreadId(11)

  2026-07-13T00:07:20.381712Z DEBUG  Assigned mole Christine to hole at x/y 1/0
    at src/game.rs:205 on ThreadId(11)

  2026-07-13T00:07:20.381724Z DEBUG  Assigned mole Janet to hole at x/y 3/2
    at src/game.rs:205 on ThreadId(11)

  2026-07-13T00:07:20.381736Z DEBUG  Assigned mole Theresa to hole at x/y 2/1
    at src/game.rs:205 on ThreadId(11)

  2026-07-13T00:07:20.381749Z DEBUG  Assigned mole Theresa to hole at x/y 1/2
    at src/game.rs:205 on ThreadId(11)

  2026-07-13T00:07:20.381761Z DEBUG  Assigned mole Ethan to hole at x/y 0/2
    at src/game.rs:205 on ThreadId(11)

  2026-07-13T00:07:20.381772Z DEBUG  Assigned mole Pamela to hole at x/y 1/1
    at src/game.rs:205 on ThreadId(11)

  2026-07-13T00:07:20.381784Z DEBUG  Assigned mole Amber to hole at x/y 3/0
    at src/game.rs:205 on ThreadId(11)

  2026-07-13T00:07:20.381795Z DEBUG  Assigned mole William to hole at x/y 0/1
    at src/game.rs:205 on ThreadId(11)

  2026-07-13T00:07:20.727508Z  INFO  Increasing number of moles from 12 to 13
    at src/game.rs:157 on ThreadId(3)

  2026-07-13T00:07:20.727593Z  INFO  Generating 13 moles
    at src/game.rs:238 on ThreadId(3)

  2026-07-13T00:07:20.727617Z  INFO  Increasing number of holes from 12 to 13
    at src/game.rs:164 on ThreadId(3)

  2026-07-13T00:07:20.727631Z  INFO  Generating 13 holes
    at src/game.rs:244 on ThreadId(3)

  2026-07-13T00:07:20.727644Z DEBUG  Assigned hole #0 to x/y position 0/0
    at src/game.rs:257 on ThreadId(3)

  2026-07-13T00:07:20.727656Z DEBUG  Assigned hole #1 to x/y position 1/0
    at src/game.rs:257 on ThreadId(3)

  2026-07-13T00:07:20.727667Z DEBUG  Assigned hole #2 to x/y position 2/0
    at src/game.rs:257 on ThreadId(3)

  2026-07-13T00:07:20.727678Z DEBUG  Assigned hole #3 to x/y position 3/0
    at src/game.rs:257 on ThreadId(3)

  2026-07-13T00:07:20.727691Z DEBUG  Assigned hole #4 to x/y position 0/1
    at src/game.rs:257 on ThreadId(3)

  2026-07-13T00:07:20.727705Z DEBUG  Assigned hole #5 to x/y position 1/1
    at src/game.rs:257 on ThreadId(3)

  2026-07-13T00:07:20.727716Z DEBUG  Assigned hole #6 to x/y position 2/1
    at src/game.rs:257 on ThreadId(3)

  2026-07-13T00:07:20.727726Z DEBUG  Assigned hole #7 to x/y position 0/2
    at src/game.rs:257 on ThreadId(3)

  2026-07-13T00:07:20.727737Z DEBUG  Assigned hole #8 to x/y position 1/2
    at src/game.rs:257 on ThreadId(3)

  2026-07-13T00:07:20.727747Z DEBUG  Assigned hole #9 to x/y position 2/2
    at src/game.rs:257 on ThreadId(3)

  2026-07-13T00:07:20.727757Z DEBUG  Assigned hole #10 to x/y position 3/2
    at src/game.rs:257 on ThreadId(3)

  2026-07-13T00:07:20.727767Z DEBUG  Assigned hole #11 to x/y position 0/3
    at src/game.rs:257 on ThreadId(3)

  2026-07-13T00:07:20.727777Z DEBUG  Assigned hole #12 to x/y position 1/3
    at src/game.rs:257 on ThreadId(3)

  2026-07-13T00:07:20.727787Z  INFO  Naming 13 moles and assigning them to holes
    at src/game.rs:185 on ThreadId(3)

  2026-07-13T00:07:20.727808Z DEBUG  Assigned mole Steven to hole at x/y 0/2
    at src/game.rs:205 on ThreadId(3)

  2026-07-13T00:07:20.727822Z DEBUG  Assigned mole Tyler to hole at x/y 3/2
    at src/game.rs:205 on ThreadId(3)

  2026-07-13T00:07:20.727841Z DEBUG  Assigned mole Joshua to hole at x/y 2/2
    at src/game.rs:205 on ThreadId(3)

  2026-07-13T00:07:20.727858Z DEBUG  Assigned mole Andrew to hole at x/y 0/0
    at src/game.rs:205 on ThreadId(3)

  2026-07-13T00:07:20.727877Z DEBUG  Assigned mole Julie to hole at x/y 2/1
    at src/game.rs:205 on ThreadId(3)

  2026-07-13T00:07:20.727895Z DEBUG  Assigned mole Paul to hole at x/y 1/3
    at src/game.rs:205 on ThreadId(3)

  2026-07-13T00:07:20.727912Z DEBUG  Assigned mole Harold to hole at x/y 0/1
    at src/game.rs:205 on ThreadId(3)

  2026-07-13T00:07:20.727930Z DEBUG  Assigned mole Barbara to hole at x/y 0/3
    at src/game.rs:205 on ThreadId(3)

  2026-07-13T00:07:20.727947Z DEBUG  Assigned mole Raymond to hole at x/y 3/0
    at src/game.rs:205 on ThreadId(3)

  2026-07-13T00:07:20.727963Z DEBUG  Assigned mole Louis to hole at x/y 1/1
    at src/game.rs:205 on ThreadId(3)

  2026-07-13T00:07:20.727982Z DEBUG  Assigned mole Christopher to hole at x/y 1/2
    at src/game.rs:205 on ThreadId(3)

  2026-07-13T00:07:20.727999Z DEBUG  Assigned mole Alice to hole at x/y 2/0
    at src/game.rs:205 on ThreadId(3)

  2026-07-13T00:07:20.728016Z DEBUG  Assigned mole Cheryl to hole at x/y 1/0
    at src/game.rs:205 on ThreadId(3)

  2026-07-13T00:07:20.972364Z  INFO  Increasing number of moles from 13 to 14
    at src/game.rs:157 on ThreadId(3)

  2026-07-13T00:07:20.972435Z  INFO  Generating 14 moles
    at src/game.rs:238 on ThreadId(3)

  2026-07-13T00:07:20.972454Z  INFO  Increasing number of holes from 13 to 14
    at src/game.rs:164 on ThreadId(3)

  2026-07-13T00:07:20.972466Z  INFO  Generating 14 holes
    at src/game.rs:244 on ThreadId(3)

  2026-07-13T00:07:20.972477Z DEBUG  Assigned hole #0 to x/y position 0/0
    at src/game.rs:257 on ThreadId(3)

  2026-07-13T00:07:20.972489Z DEBUG  Assigned hole #1 to x/y position 1/0
    at src/game.rs:257 on ThreadId(3)

  2026-07-13T00:07:20.972500Z DEBUG  Assigned hole #2 to x/y position 2/0
    at src/game.rs:257 on ThreadId(3)

  2026-07-13T00:07:20.972511Z DEBUG  Assigned hole #3 to x/y position 3/0
    at src/game.rs:257 on ThreadId(3)

  2026-07-13T00:07:20.972523Z DEBUG  Assigned hole #4 to x/y position 0/1
    at src/game.rs:257 on ThreadId(3)

  2026-07-13T00:07:20.972535Z DEBUG  Assigned hole #5 to x/y position 1/1
    at src/game.rs:257 on ThreadId(3)

  2026-07-13T00:07:20.972545Z DEBUG  Assigned hole #6 to x/y position 2/1
    at src/game.rs:257 on ThreadId(3)

  2026-07-13T00:07:20.972555Z DEBUG  Assigned hole #7 to x/y position 0/2
    at src/game.rs:257 on ThreadId(3)

  2026-07-13T00:07:20.972565Z DEBUG  Assigned hole #8 to x/y position 1/2
    at src/game.rs:257 on ThreadId(3)

  2026-07-13T00:07:20.972575Z DEBUG  Assigned hole #9 to x/y position 2/2
    at src/game.rs:257 on ThreadId(3)

  2026-07-13T00:07:20.972585Z DEBUG  Assigned hole #10 to x/y position 3/2
    at src/game.rs:257 on ThreadId(3)

  2026-07-13T00:07:20.972597Z DEBUG  Assigned hole #11 to x/y position 0/3
    at src/game.rs:257 on ThreadId(3)

  2026-07-13T00:07:20.972611Z DEBUG  Assigned hole #12 to x/y position 1/3
    at src/game.rs:257 on ThreadId(3)

  2026-07-13T00:07:20.972621Z DEBUG  Assigned hole #13 to x/y position 2/3
    at src/game.rs:257 on ThreadId(3)

  2026-07-13T00:07:20.972632Z  INFO  Naming 14 moles and assigning them to holes
    at src/game.rs:185 on ThreadId(3)

  2026-07-13T00:07:20.972649Z DEBUG  Assigned mole Howard to hole at x/y 2/0
    at src/game.rs:205 on ThreadId(3)

  2026-07-13T00:07:20.972662Z DEBUG  Assigned mole Dennis to hole at x/y 0/1
    at src/game.rs:205 on ThreadId(3)

  2026-07-13T00:07:20.972675Z DEBUG  Assigned mole Brandon to hole at x/y 1/0
    at src/game.rs:205 on ThreadId(3)

  2026-07-13T00:07:20.972688Z DEBUG  Assigned mole Russell to hole at x/y 0/2
    at src/game.rs:205 on ThreadId(3)

  2026-07-13T00:07:20.972701Z DEBUG  Assigned mole Jacob to hole at x/y 1/1
    at src/game.rs:205 on ThreadId(3)

  2026-07-13T00:07:20.972713Z DEBUG  Assigned mole Bobby to hole at x/y 3/2
    at src/game.rs:205 on ThreadId(3)

  2026-07-13T00:07:20.972724Z DEBUG  Assigned mole Benjamin to hole at x/y 2/2
    at src/game.rs:205 on ThreadId(3)

  2026-07-13T00:07:20.972736Z DEBUG  Assigned mole Brandon to hole at x/y 1/3
    at src/game.rs:205 on ThreadId(3)

  2026-07-13T00:07:20.972748Z DEBUG  Assigned mole Timothy to hole at x/y 0/0
    at src/game.rs:205 on ThreadId(3)

  2026-07-13T00:07:20.972776Z DEBUG  Assigned mole Julia to hole at x/y 1/2
    at src/game.rs:205 on ThreadId(3)

  2026-07-13T00:07:20.972791Z DEBUG  Assigned mole Catherine to hole at x/y 2/1
    at src/game.rs:205 on ThreadId(3)

  2026-07-13T00:07:20.972802Z DEBUG  Assigned mole Michael to hole at x/y 0/3
    at src/game.rs:205 on ThreadId(3)

  2026-07-13T00:07:20.972813Z DEBUG  Assigned mole Roy to hole at x/y 2/3
    at src/game.rs:205 on ThreadId(3)

  2026-07-13T00:07:20.972825Z DEBUG  Assigned mole Albert to hole at x/y 3/0
    at src/game.rs:205 on ThreadId(3)

  2026-07-13T00:07:21.129401Z  INFO  Increasing number of moles from 14 to 15
    at src/game.rs:157 on ThreadId(9)

  2026-07-13T00:07:21.129459Z  INFO  Generating 15 moles
    at src/game.rs:238 on ThreadId(9)

  2026-07-13T00:07:21.129476Z  INFO  Increasing number of holes from 14 to 15
    at src/game.rs:164 on ThreadId(9)

  2026-07-13T00:07:21.129489Z  INFO  Generating 15 holes
    at src/game.rs:244 on ThreadId(9)

  2026-07-13T00:07:21.129500Z DEBUG  Assigned hole #0 to x/y position 0/0
    at src/game.rs:257 on ThreadId(9)

  2026-07-13T00:07:21.129511Z DEBUG  Assigned hole #1 to x/y position 1/0
    at src/game.rs:257 on ThreadId(9)

  2026-07-13T00:07:21.129522Z DEBUG  Assigned hole #2 to x/y position 2/0
    at src/game.rs:257 on ThreadId(9)

  2026-07-13T00:07:21.129532Z DEBUG  Assigned hole #3 to x/y position 3/0
    at src/game.rs:257 on ThreadId(9)

  2026-07-13T00:07:21.129543Z DEBUG  Assigned hole #4 to x/y position 0/1
    at src/game.rs:257 on ThreadId(9)

  2026-07-13T00:07:21.129553Z DEBUG  Assigned hole #5 to x/y position 1/1
    at src/game.rs:257 on ThreadId(9)

  2026-07-13T00:07:21.129563Z DEBUG  Assigned hole #6 to x/y position 2/1
    at src/game.rs:257 on ThreadId(9)

  2026-07-13T00:07:21.129573Z DEBUG  Assigned hole #7 to x/y position 0/2
    at src/game.rs:257 on ThreadId(9)

  2026-07-13T00:07:21.129583Z DEBUG  Assigned hole #8 to x/y position 1/2
    at src/game.rs:257 on ThreadId(9)

  2026-07-13T00:07:21.129593Z DEBUG  Assigned hole #9 to x/y position 2/2
    at src/game.rs:257 on ThreadId(9)

  2026-07-13T00:07:21.129603Z DEBUG  Assigned hole #10 to x/y position 3/2
    at src/game.rs:257 on ThreadId(9)

  2026-07-13T00:07:21.129615Z DEBUG  Assigned hole #11 to x/y position 0/3
    at src/game.rs:257 on ThreadId(9)

  2026-07-13T00:07:21.129628Z DEBUG  Assigned hole #12 to x/y position 1/3
    at src/game.rs:257 on ThreadId(9)

  2026-07-13T00:07:21.129639Z DEBUG  Assigned hole #13 to x/y position 2/3
    at src/game.rs:257 on ThreadId(9)

  2026-07-13T00:07:21.129650Z DEBUG  Assigned hole #14 to x/y position 0/4
    at src/game.rs:257 on ThreadId(9)

  2026-07-13T00:07:21.129660Z  INFO  Naming 15 moles and assigning them to holes
    at src/game.rs:185 on ThreadId(9)

  2026-07-13T00:07:21.129677Z DEBUG  Assigned mole Gloria to hole at x/y 2/3
    at src/game.rs:205 on ThreadId(9)

  2026-07-13T00:07:21.129691Z DEBUG  Assigned mole Abigail to hole at x/y 0/1
    at src/game.rs:205 on ThreadId(9)

  2026-07-13T00:07:21.129704Z DEBUG  Assigned mole Christine to hole at x/y 1/0
    at src/game.rs:205 on ThreadId(9)

  2026-07-13T00:07:21.129719Z DEBUG  Assigned mole Brandon to hole at x/y 0/4
    at src/game.rs:205 on ThreadId(9)

  2026-07-13T00:07:21.129733Z DEBUG  Assigned mole Jonathan to hole at x/y 1/1
    at src/game.rs:205 on ThreadId(9)

  2026-07-13T00:07:21.129746Z DEBUG  Assigned mole Joyce to hole at x/y 0/3
    at src/game.rs:205 on ThreadId(9)

  2026-07-13T00:07:21.129758Z DEBUG  Assigned mole Carl to hole at x/y 2/2
    at src/game.rs:205 on ThreadId(9)

  2026-07-13T00:07:21.129772Z DEBUG  Assigned mole Katherine to hole at x/y 1/2
    at src/game.rs:205 on ThreadId(9)

  2026-07-13T00:07:21.129784Z DEBUG  Assigned mole Betty to hole at x/y 3/2
    at src/game.rs:205 on ThreadId(9)

  2026-07-13T00:07:21.129797Z DEBUG  Assigned mole Sharon to hole at x/y 2/0
    at src/game.rs:205 on ThreadId(9)

  2026-07-13T00:07:21.129810Z DEBUG  Assigned mole Alexander to hole at x/y 2/1
    at src/game.rs:205 on ThreadId(9)

  2026-07-13T00:07:21.129823Z DEBUG  Assigned mole Louis to hole at x/y 1/3
    at src/game.rs:205 on ThreadId(9)

  2026-07-13T00:07:21.129835Z DEBUG  Assigned mole Gregory to hole at x/y 0/0
    at src/game.rs:205 on ThreadId(9)

  2026-07-13T00:07:21.129848Z DEBUG  Assigned mole Bruce to hole at x/y 3/0
    at src/game.rs:205 on ThreadId(9)

  2026-07-13T00:07:21.129861Z DEBUG  Assigned mole Debra to hole at x/y 0/2
    at src/game.rs:205 on ThreadId(9)

  2026-07-13T00:07:21.281375Z  INFO  Increasing number of moles from 15 to 16
    at src/game.rs:157 on ThreadId(9)

  2026-07-13T00:07:21.281399Z  INFO  Generating 16 moles
    at src/game.rs:238 on ThreadId(9)

  2026-07-13T00:07:21.281412Z  INFO  Increasing number of holes from 15 to 16
    at src/game.rs:164 on ThreadId(9)

  2026-07-13T00:07:21.281422Z  INFO  Generating 16 holes
    at src/game.rs:244 on ThreadId(9)

  2026-07-13T00:07:21.281439Z DEBUG  Assigned hole #0 to x/y position 0/0
    at src/game.rs:257 on ThreadId(9)

  2026-07-13T00:07:21.281449Z DEBUG  Assigned hole #1 to x/y position 1/0
    at src/game.rs:257 on ThreadId(9)

  2026-07-13T00:07:21.281458Z DEBUG  Assigned hole #2 to x/y position 2/0
    at src/game.rs:257 on ThreadId(9)

  2026-07-13T00:07:21.281468Z DEBUG  Assigned hole #3 to x/y position 3/0
    at src/game.rs:257 on ThreadId(9)

  2026-07-13T00:07:21.281477Z DEBUG  Assigned hole #4 to x/y position 0/1
    at src/game.rs:257 on ThreadId(9)

  2026-07-13T00:07:21.281487Z DEBUG  Assigned hole #5 to x/y position 1/1
    at src/game.rs:257 on ThreadId(9)

  2026-07-13T00:07:21.281496Z DEBUG  Assigned hole #6 to x/y position 2/1
    at src/game.rs:257 on ThreadId(9)

  2026-07-13T00:07:21.281505Z DEBUG  Assigned hole #7 to x/y position 0/2
    at src/game.rs:257 on ThreadId(9)

  2026-07-13T00:07:21.281515Z DEBUG  Assigned hole #8 to x/y position 1/2
    at src/game.rs:257 on ThreadId(9)

  2026-07-13T00:07:21.281524Z DEBUG  Assigned hole #9 to x/y position 2/2
    at src/game.rs:257 on ThreadId(9)

  2026-07-13T00:07:21.281533Z DEBUG  Assigned hole #10 to x/y position 3/2
    at src/game.rs:257 on ThreadId(9)

  2026-07-13T00:07:21.281542Z DEBUG  Assigned hole #11 to x/y position 0/3
    at src/game.rs:257 on ThreadId(9)

  2026-07-13T00:07:21.281552Z DEBUG  Assigned hole #12 to x/y position 1/3
    at src/game.rs:257 on ThreadId(9)

  2026-07-13T00:07:21.281561Z DEBUG  Assigned hole #13 to x/y position 2/3
    at src/game.rs:257 on ThreadId(9)

  2026-07-13T00:07:21.281572Z DEBUG  Assigned hole #14 to x/y position 0/4
    at src/game.rs:257 on ThreadId(9)

  2026-07-13T00:07:21.281582Z DEBUG  Assigned hole #15 to x/y position 1/4
    at src/game.rs:257 on ThreadId(9)

  2026-07-13T00:07:21.281591Z  INFO  Naming 16 moles and assigning them to holes
    at src/game.rs:185 on ThreadId(9)

  2026-07-13T00:07:21.281604Z DEBUG  Assigned mole Michael to hole at x/y 3/0
    at src/game.rs:205 on ThreadId(9)

  2026-07-13T00:07:21.281616Z DEBUG  Assigned mole Stephanie to hole at x/y 1/1
    at src/game.rs:205 on ThreadId(9)

  2026-07-13T00:07:21.281629Z DEBUG  Assigned mole Sara to hole at x/y 0/4
    at src/game.rs:205 on ThreadId(9)

  2026-07-13T00:07:21.281647Z DEBUG  Assigned mole Samantha to hole at x/y 2/0
    at src/game.rs:205 on ThreadId(9)

  2026-07-13T00:07:21.281661Z DEBUG  Assigned mole Joshua to hole at x/y 0/3
    at src/game.rs:205 on ThreadId(9)

  2026-07-13T00:07:21.281672Z DEBUG  Assigned mole Christopher to hole at x/y 3/2
    at src/game.rs:205 on ThreadId(9)

  2026-07-13T00:07:21.281684Z DEBUG  Assigned mole Jeremy to hole at x/y 1/0
    at src/game.rs:205 on ThreadId(9)

  2026-07-13T00:07:21.281696Z DEBUG  Assigned mole Kenneth to hole at x/y 0/1
    at src/game.rs:205 on ThreadId(9)

  2026-07-13T00:07:21.281722Z DEBUG  Assigned mole Helen to hole at x/y 0/0
    at src/game.rs:205 on ThreadId(9)

  2026-07-13T00:07:21.281734Z DEBUG  Assigned mole Walter to hole at x/y 1/3
    at src/game.rs:205 on ThreadId(9)

  2026-07-13T00:07:21.281746Z DEBUG  Assigned mole Evelyn to hole at x/y 2/1
    at src/game.rs:205 on ThreadId(9)

  2026-07-13T00:07:21.281757Z DEBUG  Assigned mole Sophia to hole at x/y 2/2
    at src/game.rs:205 on ThreadId(9)

  2026-07-13T00:07:21.281768Z DEBUG  Assigned mole Larry to hole at x/y 2/3
    at src/game.rs:205 on ThreadId(9)

  2026-07-13T00:07:21.281779Z DEBUG  Assigned mole Emma to hole at x/y 0/2
    at src/game.rs:205 on ThreadId(9)

  2026-07-13T00:07:21.281790Z DEBUG  Assigned mole Melissa to hole at x/y 1/2
    at src/game.rs:205 on ThreadId(9)

  2026-07-13T00:07:21.281801Z DEBUG  Assigned mole Arthur to hole at x/y 1/4
    at src/game.rs:205 on ThreadId(9)

  2026-07-13T00:07:21.441545Z  INFO  Increasing number of moles from 16 to 17
    at src/game.rs:157 on ThreadId(11)

  2026-07-13T00:07:21.441588Z  INFO  Generating 17 moles
    at src/game.rs:238 on ThreadId(11)

  2026-07-13T00:07:21.441604Z  INFO  Increasing number of holes from 16 to 17
    at src/game.rs:164 on ThreadId(11)

  2026-07-13T00:07:21.441616Z  INFO  Generating 17 holes
    at src/game.rs:244 on ThreadId(11)

  2026-07-13T00:07:21.441627Z DEBUG  Assigned hole #0 to x/y position 0/0
    at src/game.rs:257 on ThreadId(11)

  2026-07-13T00:07:21.441638Z DEBUG  Assigned hole #1 to x/y position 1/0
    at src/game.rs:257 on ThreadId(11)

  2026-07-13T00:07:21.441648Z DEBUG  Assigned hole #2 to x/y position 2/0
    at src/game.rs:257 on ThreadId(11)

  2026-07-13T00:07:21.441659Z DEBUG  Assigned hole #3 to x/y position 3/0
    at src/game.rs:257 on ThreadId(11)

  2026-07-13T00:07:21.441669Z DEBUG  Assigned hole #4 to x/y position 4/0
    at src/game.rs:257 on ThreadId(11)

  2026-07-13T00:07:21.441679Z DEBUG  Assigned hole #5 to x/y position 0/1
    at src/game.rs:257 on ThreadId(11)

  2026-07-13T00:07:21.441689Z DEBUG  Assigned hole #6 to x/y position 1/1
    at src/game.rs:257 on ThreadId(11)

  2026-07-13T00:07:21.441700Z DEBUG  Assigned hole #7 to x/y position 2/1
    at src/game.rs:257 on ThreadId(11)

  2026-07-13T00:07:21.441710Z DEBUG  Assigned hole #8 to x/y position 3/1
    at src/game.rs:257 on ThreadId(11)

  2026-07-13T00:07:21.441720Z DEBUG  Assigned hole #9 to x/y position 0/2
    at src/game.rs:257 on ThreadId(11)

  2026-07-13T00:07:21.441730Z DEBUG  Assigned hole #10 to x/y position 1/2
    at src/game.rs:257 on ThreadId(11)

  2026-07-13T00:07:21.441739Z DEBUG  Assigned hole #11 to x/y position 2/2
    at src/game.rs:257 on ThreadId(11)

  2026-07-13T00:07:21.441749Z DEBUG  Assigned hole #12 to x/y position 3/2
    at src/game.rs:257 on ThreadId(11)

  2026-07-13T00:07:21.441759Z DEBUG  Assigned hole #13 to x/y position 4/2
    at src/game.rs:257 on ThreadId(11)

  2026-07-13T00:07:21.441769Z DEBUG  Assigned hole #14 to x/y position 0/3
    at src/game.rs:257 on ThreadId(11)

  2026-07-13T00:07:21.441779Z DEBUG  Assigned hole #15 to x/y position 1/3
    at src/game.rs:257 on ThreadId(11)

  2026-07-13T00:07:21.441790Z DEBUG  Assigned hole #16 to x/y position 2/3
    at src/game.rs:257 on ThreadId(11)

  2026-07-13T00:07:21.441800Z  INFO  Naming 17 moles and assigning them to holes
    at src/game.rs:185 on ThreadId(11)

  2026-07-13T00:07:21.441813Z DEBUG  Assigned mole Lawrence to hole at x/y 0/3
    at src/game.rs:205 on ThreadId(11)

  2026-07-13T00:07:21.441827Z DEBUG  Assigned mole Gary to hole at x/y 0/1
    at src/game.rs:205 on ThreadId(11)

  2026-07-13T00:07:21.441840Z DEBUG  Assigned mole Nancy to hole at x/y 1/2
    at src/game.rs:205 on ThreadId(11)

  2026-07-13T00:07:21.441853Z DEBUG  Assigned mole Shirley to hole at x/y 4/0
    at src/game.rs:205 on ThreadId(11)

  2026-07-13T00:07:21.441866Z DEBUG  Assigned mole Daniel to hole at x/y 2/3
    at src/game.rs:205 on ThreadId(11)

  2026-07-13T00:07:21.441878Z DEBUG  Assigned mole Lisa to hole at x/y 1/0
    at src/game.rs:205 on ThreadId(11)

  2026-07-13T00:07:21.441890Z DEBUG  Assigned mole Lisa to hole at x/y 1/3
    at src/game.rs:205 on ThreadId(11)

  2026-07-13T00:07:21.441904Z DEBUG  Assigned mole Johnny to hole at x/y 0/0
    at src/game.rs:205 on ThreadId(11)

  2026-07-13T00:07:21.441916Z DEBUG  Assigned mole Danielle to hole at x/y 2/0
    at src/game.rs:205 on ThreadId(11)

  2026-07-13T00:07:21.441929Z DEBUG  Assigned mole Judith to hole at x/y 3/0
    at src/game.rs:205 on ThreadId(11)

  2026-07-13T00:07:21.441957Z DEBUG  Assigned mole Hannah to hole at x/y 4/2
    at src/game.rs:205 on ThreadId(11)

  2026-07-13T00:07:21.441971Z DEBUG  Assigned mole Jeremy to hole at x/y 2/2
    at src/game.rs:205 on ThreadId(11)

  2026-07-13T00:07:21.441983Z DEBUG  Assigned mole Jonathan to hole at x/y 3/2
    at src/game.rs:205 on ThreadId(11)

  2026-07-13T00:07:21.441995Z DEBUG  Assigned mole Pamela to hole at x/y 3/1
    at src/game.rs:205 on ThreadId(11)

  2026-07-13T00:07:21.442007Z DEBUG  Assigned mole Jordan to hole at x/y 2/1
    at src/game.rs:205 on ThreadId(11)

  2026-07-13T00:07:21.442019Z DEBUG  Assigned mole Elizabeth to hole at x/y 0/2
    at src/game.rs:205 on ThreadId(11)

  2026-07-13T00:07:21.442030Z DEBUG  Assigned mole Theresa to hole at x/y 1/1
    at src/game.rs:205 on ThreadId(11)

  2026-07-13T00:07:21.615466Z  INFO  Increasing number of moles from 17 to 18
    at src/game.rs:157 on ThreadId(3)

  2026-07-13T00:07:21.615490Z  INFO  Generating 18 moles
    at src/game.rs:238 on ThreadId(3)

  2026-07-13T00:07:21.615503Z  INFO  Increasing number of holes from 17 to 18
    at src/game.rs:164 on ThreadId(3)

  2026-07-13T00:07:21.615513Z  INFO  Generating 18 holes
    at src/game.rs:244 on ThreadId(3)

  2026-07-13T00:07:21.615523Z DEBUG  Assigned hole #0 to x/y position 0/0
    at src/game.rs:257 on ThreadId(3)

  2026-07-13T00:07:21.615534Z DEBUG  Assigned hole #1 to x/y position 1/0
    at src/game.rs:257 on ThreadId(3)

  2026-07-13T00:07:21.615544Z DEBUG  Assigned hole #2 to x/y position 2/0
    at src/game.rs:257 on ThreadId(3)

  2026-07-13T00:07:21.615553Z DEBUG  Assigned hole #3 to x/y position 3/0
    at src/game.rs:257 on ThreadId(3)

  2026-07-13T00:07:21.615563Z DEBUG  Assigned hole #4 to x/y position 4/0
    at src/game.rs:257 on ThreadId(3)

  2026-07-13T00:07:21.615573Z DEBUG  Assigned hole #5 to x/y position 0/1
    at src/game.rs:257 on ThreadId(3)

  2026-07-13T00:07:21.615583Z DEBUG  Assigned hole #6 to x/y position 1/1
    at src/game.rs:257 on ThreadId(3)

  2026-07-13T00:07:21.615597Z DEBUG  Assigned hole #7 to x/y position 2/1
    at src/game.rs:257 on ThreadId(3)

  2026-07-13T00:07:21.615612Z DEBUG  Assigned hole #8 to x/y position 3/1
    at src/game.rs:257 on ThreadId(3)

  2026-07-13T00:07:21.615623Z DEBUG  Assigned hole #9 to x/y position 0/2
    at src/game.rs:257 on ThreadId(3)

  2026-07-13T00:07:21.615633Z DEBUG  Assigned hole #10 to x/y position 1/2
    at src/game.rs:257 on ThreadId(3)

  2026-07-13T00:07:21.615642Z DEBUG  Assigned hole #11 to x/y position 2/2
    at src/game.rs:257 on ThreadId(3)

  2026-07-13T00:07:21.615652Z DEBUG  Assigned hole #12 to x/y position 3/2
    at src/game.rs:257 on ThreadId(3)

  2026-07-13T00:07:21.615662Z DEBUG  Assigned hole #13 to x/y position 4/2
    at src/game.rs:257 on ThreadId(3)

  2026-07-13T00:07:21.615672Z DEBUG  Assigned hole #14 to x/y position 0/3
    at src/game.rs:257 on ThreadId(3)

  2026-07-13T00:07:21.615682Z DEBUG  Assigned hole #15 to x/y position 1/3
    at src/game.rs:257 on ThreadId(3)

  2026-07-13T00:07:21.615692Z DEBUG  Assigned hole #16 to x/y position 2/3
    at src/game.rs:257 on ThreadId(3)

  2026-07-13T00:07:21.615702Z DEBUG  Assigned hole #17 to x/y position 3/3
    at src/game.rs:257 on ThreadId(3)

  2026-07-13T00:07:21.615712Z  INFO  Naming 18 moles and assigning them to holes
    at src/game.rs:185 on ThreadId(3)

  2026-07-13T00:07:21.615728Z DEBUG  Assigned mole Paul to hole at x/y 1/3
    at src/game.rs:205 on ThreadId(3)

  2026-07-13T00:07:21.615742Z DEBUG  Assigned mole Amanda to hole at x/y 0/0
    at src/game.rs:205 on ThreadId(3)

  2026-07-13T00:07:21.615754Z DEBUG  Assigned mole Debra to hole at x/y 0/3
    at src/game.rs:205 on ThreadId(3)

  2026-07-13T00:07:21.615767Z DEBUG  Assigned mole Carol to hole at x/y 4/0
    at src/game.rs:205 on ThreadId(3)

  2026-07-13T00:07:21.615781Z DEBUG  Assigned mole Olivia to hole at x/y 3/3
    at src/game.rs:205 on ThreadId(3)

  2026-07-13T00:07:21.615794Z DEBUG  Assigned mole Roy to hole at x/y 3/1
    at src/game.rs:205 on ThreadId(3)

  2026-07-13T00:07:21.615807Z DEBUG  Assigned mole Donald to hole at x/y 0/2
    at src/game.rs:205 on ThreadId(3)

  2026-07-13T00:07:21.615824Z DEBUG  Assigned mole Kayla to hole at x/y 2/1
    at src/game.rs:205 on ThreadId(3)

  2026-07-13T00:07:21.615836Z DEBUG  Assigned mole Dorothy to hole at x/y 2/3
    at src/game.rs:205 on ThreadId(3)

  2026-07-13T00:07:21.615848Z DEBUG  Assigned mole Laura to hole at x/y 1/2
    at src/game.rs:205 on ThreadId(3)

  2026-07-13T00:07:21.615860Z DEBUG  Assigned mole Stephanie to hole at x/y 3/0
    at src/game.rs:205 on ThreadId(3)

  2026-07-13T00:07:21.615875Z DEBUG  Assigned mole Benjamin to hole at x/y 0/1
    at src/game.rs:205 on ThreadId(3)

  2026-07-13T00:07:21.615889Z DEBUG  Assigned mole Henry to hole at x/y 2/0
    at src/game.rs:205 on ThreadId(3)

  2026-07-13T00:07:21.615900Z DEBUG  Assigned mole Dylan to hole at x/y 2/2
    at src/game.rs:205 on ThreadId(3)

  2026-07-13T00:07:21.615912Z DEBUG  Assigned mole Cynthia to hole at x/y 3/2
    at src/game.rs:205 on ThreadId(3)

  2026-07-13T00:07:21.615923Z DEBUG  Assigned mole David to hole at x/y 4/2
    at src/game.rs:205 on ThreadId(3)

  2026-07-13T00:07:21.615935Z DEBUG  Assigned mole Henry to hole at x/y 1/1
    at src/game.rs:205 on ThreadId(3)

  2026-07-13T00:07:21.615946Z DEBUG  Assigned mole Thomas to hole at x/y 1/0
    at src/game.rs:205 on ThreadId(3)

  2026-07-13T00:07:21.771659Z  INFO  Increasing number of moles from 18 to 19
    at src/game.rs:157 on ThreadId(3)

  2026-07-13T00:07:21.771764Z  INFO  Generating 19 moles
    at src/game.rs:238 on ThreadId(3)

  2026-07-13T00:07:21.771804Z  INFO  Increasing number of holes from 18 to 19
    at src/game.rs:164 on ThreadId(3)

  2026-07-13T00:07:21.771823Z  INFO  Generating 19 holes
    at src/game.rs:244 on ThreadId(3)

  2026-07-13T00:07:21.771839Z DEBUG  Assigned hole #0 to x/y position 0/0
    at src/game.rs:257 on ThreadId(3)

  2026-07-13T00:07:21.771853Z DEBUG  Assigned hole #1 to x/y position 1/0
    at src/game.rs:257 on ThreadId(3)

  2026-07-13T00:07:21.771865Z DEBUG  Assigned hole #2 to x/y position 2/0
    at src/game.rs:257 on ThreadId(3)

  2026-07-13T00:07:21.771876Z DEBUG  Assigned hole #3 to x/y position 3/0
    at src/game.rs:257 on ThreadId(3)

  2026-07-13T00:07:21.771891Z DEBUG  Assigned hole #4 to x/y position 4/0
    at src/game.rs:257 on ThreadId(3)

  2026-07-13T00:07:21.771903Z DEBUG  Assigned hole #5 to x/y position 0/1
    at src/game.rs:257 on ThreadId(3)

  2026-07-13T00:07:21.771915Z DEBUG  Assigned hole #6 to x/y position 1/1
    at src/game.rs:257 on ThreadId(3)

  2026-07-13T00:07:21.771927Z DEBUG  Assigned hole #7 to x/y position 2/1
    at src/game.rs:257 on ThreadId(3)

  2026-07-13T00:07:21.771945Z DEBUG  Assigned hole #8 to x/y position 3/1
    at src/game.rs:257 on ThreadId(3)

  2026-07-13T00:07:21.771960Z DEBUG  Assigned hole #9 to x/y position 0/2
    at src/game.rs:257 on ThreadId(3)

  2026-07-13T00:07:21.771970Z DEBUG  Assigned hole #10 to x/y position 1/2
    at src/game.rs:257 on ThreadId(3)

  2026-07-13T00:07:21.771980Z DEBUG  Assigned hole #11 to x/y position 2/2
    at src/game.rs:257 on ThreadId(3)

  2026-07-13T00:07:21.771990Z DEBUG  Assigned hole #12 to x/y position 3/2
    at src/game.rs:257 on ThreadId(3)

  2026-07-13T00:07:21.772000Z DEBUG  Assigned hole #13 to x/y position 4/2
    at src/game.rs:257 on ThreadId(3)

  2026-07-13T00:07:21.772010Z DEBUG  Assigned hole #14 to x/y position 0/3
    at src/game.rs:257 on ThreadId(3)

  2026-07-13T00:07:21.772020Z DEBUG  Assigned hole #15 to x/y position 1/3
    at src/game.rs:257 on ThreadId(3)

  2026-07-13T00:07:21.772031Z DEBUG  Assigned hole #16 to x/y position 2/3
    at src/game.rs:257 on ThreadId(3)

  2026-07-13T00:07:21.772041Z DEBUG  Assigned hole #17 to x/y position 3/3
    at src/game.rs:257 on ThreadId(3)

  2026-07-13T00:07:21.772051Z DEBUG  Assigned hole #18 to x/y position 0/4
    at src/game.rs:257 on ThreadId(3)

  2026-07-13T00:07:21.772065Z  INFO  Naming 19 moles and assigning them to holes
    at src/game.rs:185 on ThreadId(3)

  2026-07-13T00:07:21.772099Z DEBUG  Assigned mole Tyler to hole at x/y 4/0
    at src/game.rs:205 on ThreadId(3)

  2026-07-13T00:07:21.772120Z DEBUG  Assigned mole Henry to hole at x/y 0/4
    at src/game.rs:205 on ThreadId(3)

  2026-07-13T00:07:21.772145Z DEBUG  Assigned mole Karen to hole at x/y 1/1
    at src/game.rs:205 on ThreadId(3)

  2026-07-13T00:07:21.772166Z DEBUG  Assigned mole Nicole to hole at x/y 0/1
    at src/game.rs:205 on ThreadId(3)

  2026-07-13T00:07:21.772181Z DEBUG  Assigned mole Joan to hole at x/y 2/2
    at src/game.rs:205 on ThreadId(3)

  2026-07-13T00:07:21.772198Z DEBUG  Assigned mole Lori to hole at x/y 0/0
    at src/game.rs:205 on ThreadId(3)

  2026-07-13T00:07:21.772220Z DEBUG  Assigned mole Diana to hole at x/y 1/0
    at src/game.rs:205 on ThreadId(3)

  2026-07-13T00:07:21.772237Z DEBUG  Assigned mole Daniel to hole at x/y 3/3
    at src/game.rs:205 on ThreadId(3)

  2026-07-13T00:07:21.772273Z DEBUG  Assigned mole Diane to hole at x/y 2/3
    at src/game.rs:205 on ThreadId(3)

  2026-07-13T00:07:21.772286Z DEBUG  Assigned mole Hannah to hole at x/y 1/3
    at src/game.rs:205 on ThreadId(3)

  2026-07-13T00:07:21.772298Z DEBUG  Assigned mole Heather to hole at x/y 3/1
    at src/game.rs:205 on ThreadId(3)

  2026-07-13T00:07:21.772311Z DEBUG  Assigned mole Joseph to hole at x/y 1/2
    at src/game.rs:205 on ThreadId(3)

  2026-07-13T00:07:21.772323Z DEBUG  Assigned mole Willie to hole at x/y 0/2
    at src/game.rs:205 on ThreadId(3)

  2026-07-13T00:07:21.772336Z DEBUG  Assigned mole Jaq to hole at x/y 2/0
    at src/game.rs:205 on ThreadId(3)

  2026-07-13T00:07:21.772348Z DEBUG  Assigned mole Kathleen to hole at x/y 2/1
    at src/game.rs:205 on ThreadId(3)

  2026-07-13T00:07:21.772364Z DEBUG  Assigned mole Robert to hole at x/y 3/0
    at src/game.rs:205 on ThreadId(3)

  2026-07-13T00:07:21.772378Z DEBUG  Assigned mole Debra to hole at x/y 0/3
    at src/game.rs:205 on ThreadId(3)

  2026-07-13T00:07:21.772389Z DEBUG  Assigned mole Rebecca to hole at x/y 4/2
    at src/game.rs:205 on ThreadId(3)

  2026-07-13T00:07:21.772401Z DEBUG  Assigned mole Eugene to hole at x/y 3/2
    at src/game.rs:205 on ThreadId(3)

  2026-07-13T00:07:21.929491Z  INFO  Increasing number of moles from 19 to 20
    at src/game.rs:157 on ThreadId(9)

  2026-07-13T00:07:21.929559Z  INFO  Generating 20 moles
    at src/game.rs:238 on ThreadId(9)

  2026-07-13T00:07:21.929592Z  INFO  Increasing number of holes from 19 to 20
    at src/game.rs:164 on ThreadId(9)

  2026-07-13T00:07:21.929607Z  INFO  Generating 20 holes
    at src/game.rs:244 on ThreadId(9)

  2026-07-13T00:07:21.929625Z DEBUG  Assigned hole #0 to x/y position 0/0
    at src/game.rs:257 on ThreadId(9)

  2026-07-13T00:07:21.929638Z DEBUG  Assigned hole #1 to x/y position 1/0
    at src/game.rs:257 on ThreadId(9)

  2026-07-13T00:07:21.929650Z DEBUG  Assigned hole #2 to x/y position 2/0
    at src/game.rs:257 on ThreadId(9)

  2026-07-13T00:07:21.929662Z DEBUG  Assigned hole #3 to x/y position 3/0
    at src/game.rs:257 on ThreadId(9)

  2026-07-13T00:07:21.929675Z DEBUG  Assigned hole #4 to x/y position 4/0
    at src/game.rs:257 on ThreadId(9)

  2026-07-13T00:07:21.929687Z DEBUG  Assigned hole #5 to x/y position 0/1
    at src/game.rs:257 on ThreadId(9)

  2026-07-13T00:07:21.929697Z DEBUG  Assigned hole #6 to x/y position 1/1
    at src/game.rs:257 on ThreadId(9)

  2026-07-13T00:07:21.929708Z DEBUG  Assigned hole #7 to x/y position 2/1
    at src/game.rs:257 on ThreadId(9)

  2026-07-13T00:07:21.929727Z DEBUG  Assigned hole #8 to x/y position 3/1
    at src/game.rs:257 on ThreadId(9)

  2026-07-13T00:07:21.929738Z DEBUG  Assigned hole #9 to x/y position 0/2
    at src/game.rs:257 on ThreadId(9)

  2026-07-13T00:07:21.929749Z DEBUG  Assigned hole #10 to x/y position 1/2
    at src/game.rs:257 on ThreadId(9)

  2026-07-13T00:07:21.929759Z DEBUG  Assigned hole #11 to x/y position 2/2
    at src/game.rs:257 on ThreadId(9)

  2026-07-13T00:07:21.929770Z DEBUG  Assigned hole #12 to x/y position 3/2
    at src/game.rs:257 on ThreadId(9)

  2026-07-13T00:07:21.929783Z DEBUG  Assigned hole #13 to x/y position 4/2
    at src/game.rs:257 on ThreadId(9)

  2026-07-13T00:07:21.929795Z DEBUG  Assigned hole #14 to x/y position 0/3
    at src/game.rs:257 on ThreadId(9)

  2026-07-13T00:07:21.929813Z DEBUG  Assigned hole #15 to x/y position 1/3
    at src/game.rs:257 on ThreadId(9)

  2026-07-13T00:07:21.929823Z DEBUG  Assigned hole #16 to x/y position 2/3
    at src/game.rs:257 on ThreadId(9)

  2026-07-13T00:07:21.929833Z DEBUG  Assigned hole #17 to x/y position 3/3
    at src/game.rs:257 on ThreadId(9)

  2026-07-13T00:07:21.929844Z DEBUG  Assigned hole #18 to x/y position 0/4
    at src/game.rs:257 on ThreadId(9)

  2026-07-13T00:07:21.929854Z DEBUG  Assigned hole #19 to x/y position 1/4
    at src/game.rs:257 on ThreadId(9)

  2026-07-13T00:07:21.929866Z  INFO  Naming 20 moles and assigning them to holes
    at src/game.rs:185 on ThreadId(9)

  2026-07-13T00:07:21.929889Z DEBUG  Assigned mole Eugene to hole at x/y 1/2
    at src/game.rs:205 on ThreadId(9)

  2026-07-13T00:07:21.929905Z DEBUG  Assigned mole Jack to hole at x/y 0/2
    at src/game.rs:205 on ThreadId(9)

  2026-07-13T00:07:21.929919Z DEBUG  Assigned mole Diana to hole at x/y 0/3
    at src/game.rs:205 on ThreadId(9)

  2026-07-13T00:07:21.929942Z DEBUG  Assigned mole Raymond to hole at x/y 3/3
    at src/game.rs:205 on ThreadId(9)

  2026-07-13T00:07:21.929955Z DEBUG  Assigned mole Danielle to hole at x/y 2/0
    at src/game.rs:205 on ThreadId(9)

  2026-07-13T00:07:21.929971Z DEBUG  Assigned mole Brenda to hole at x/y 2/1
    at src/game.rs:205 on ThreadId(9)

  2026-07-13T00:07:21.929985Z DEBUG  Assigned mole Judith to hole at x/y 1/0
    at src/game.rs:205 on ThreadId(9)

  2026-07-13T00:07:21.929998Z DEBUG  Assigned mole Kathleen to hole at x/y 1/1
    at src/game.rs:205 on ThreadId(9)

  2026-07-13T00:07:21.930011Z DEBUG  Assigned mole Charles to hole at x/y 0/1
    at src/game.rs:205 on ThreadId(9)

  2026-07-13T00:07:21.930024Z DEBUG  Assigned mole Austin to hole at x/y 4/2
    at src/game.rs:205 on ThreadId(9)

  2026-07-13T00:07:21.930039Z DEBUG  Assigned mole Gregory to hole at x/y 3/2
    at src/game.rs:205 on ThreadId(9)

  2026-07-13T00:07:21.930052Z DEBUG  Assigned mole Albert to hole at x/y 3/0
    at src/game.rs:205 on ThreadId(9)

  2026-07-13T00:07:21.930064Z DEBUG  Assigned mole Gregory to hole at x/y 1/3
    at src/game.rs:205 on ThreadId(9)

  2026-07-13T00:07:21.930077Z DEBUG  Assigned mole Jennifer to hole at x/y 2/2
    at src/game.rs:205 on ThreadId(9)

  2026-07-13T00:07:21.930089Z DEBUG  Assigned mole Gabriel to hole at x/y 2/3
    at src/game.rs:205 on ThreadId(9)

  2026-07-13T00:07:21.930101Z DEBUG  Assigned mole Randy to hole at x/y 4/0
    at src/game.rs:205 on ThreadId(9)

  2026-07-13T00:07:21.930118Z DEBUG  Assigned mole Rachel to hole at x/y 1/4
    at src/game.rs:205 on ThreadId(9)

  2026-07-13T00:07:21.930132Z DEBUG  Assigned mole Brian to hole at x/y 3/1
    at src/game.rs:205 on ThreadId(9)

  2026-07-13T00:07:21.930143Z DEBUG  Assigned mole Deborah to hole at x/y 0/4
    at src/game.rs:205 on ThreadId(9)

  2026-07-13T00:07:21.930157Z DEBUG  Assigned mole Andrew to hole at x/y 0/0
    at src/game.rs:205 on ThreadId(9)

  2026-07-13T00:07:22.056237Z  INFO  Increasing number of moles from 20 to 21
    at src/game.rs:157 on ThreadId(9)

  2026-07-13T00:07:22.056266Z  INFO  Generating 21 moles
    at src/game.rs:238 on ThreadId(9)

  2026-07-13T00:07:22.056282Z  INFO  Increasing number of holes from 20 to 21
    at src/game.rs:164 on ThreadId(9)

  2026-07-13T00:07:22.056296Z  INFO  Generating 21 holes
    at src/game.rs:244 on ThreadId(9)

  2026-07-13T00:07:22.056308Z DEBUG  Assigned hole #0 to x/y position 0/0
    at src/game.rs:257 on ThreadId(9)

  2026-07-13T00:07:22.056319Z DEBUG  Assigned hole #1 to x/y position 1/0
    at src/game.rs:257 on ThreadId(9)

  2026-07-13T00:07:22.056329Z DEBUG  Assigned hole #2 to x/y position 2/0
    at src/game.rs:257 on ThreadId(9)

  2026-07-13T00:07:22.056339Z DEBUG  Assigned hole #3 to x/y position 3/0
    at src/game.rs:257 on ThreadId(9)

  2026-07-13T00:07:22.056350Z DEBUG  Assigned hole #4 to x/y position 4/0
    at src/game.rs:257 on ThreadId(9)

  2026-07-13T00:07:22.056360Z DEBUG  Assigned hole #5 to x/y position 0/1
    at src/game.rs:257 on ThreadId(9)

  2026-07-13T00:07:22.056371Z DEBUG  Assigned hole #6 to x/y position 1/1
    at src/game.rs:257 on ThreadId(9)

  2026-07-13T00:07:22.056383Z DEBUG  Assigned hole #7 to x/y position 2/1
    at src/game.rs:257 on ThreadId(9)

  2026-07-13T00:07:22.056397Z DEBUG  Assigned hole #8 to x/y position 3/1
    at src/game.rs:257 on ThreadId(9)

  2026-07-13T00:07:22.056409Z DEBUG  Assigned hole #9 to x/y position 0/2
    at src/game.rs:257 on ThreadId(9)

  2026-07-13T00:07:22.056419Z DEBUG  Assigned hole #10 to x/y position 1/2
    at src/game.rs:257 on ThreadId(9)

  2026-07-13T00:07:22.056429Z DEBUG  Assigned hole #11 to x/y position 2/2
    at src/game.rs:257 on ThreadId(9)

  2026-07-13T00:07:22.056439Z DEBUG  Assigned hole #12 to x/y position 3/2
    at src/game.rs:257 on ThreadId(9)

  2026-07-13T00:07:22.056449Z DEBUG  Assigned hole #13 to x/y position 4/2
    at src/game.rs:257 on ThreadId(9)

  2026-07-13T00:07:22.056458Z DEBUG  Assigned hole #14 to x/y position 0/3
    at src/game.rs:257 on ThreadId(9)

  2026-07-13T00:07:22.056468Z DEBUG  Assigned hole #15 to x/y position 1/3
    at src/game.rs:257 on ThreadId(9)

  2026-07-13T00:07:22.056478Z DEBUG  Assigned hole #16 to x/y position 2/3
    at src/game.rs:257 on ThreadId(9)

  2026-07-13T00:07:22.056488Z DEBUG  Assigned hole #17 to x/y position 3/3
    at src/game.rs:257 on ThreadId(9)

  2026-07-13T00:07:22.056497Z DEBUG  Assigned hole #18 to x/y position 0/4
    at src/game.rs:257 on ThreadId(9)

  2026-07-13T00:07:22.056507Z DEBUG  Assigned hole #19 to x/y position 1/4
    at src/game.rs:257 on ThreadId(9)

  2026-07-13T00:07:22.056520Z DEBUG  Assigned hole #20 to x/y position 2/4
    at src/game.rs:257 on ThreadId(9)

  2026-07-13T00:07:22.056537Z  INFO  Naming 21 moles and assigning them to holes
    at src/game.rs:185 on ThreadId(9)

  2026-07-13T00:07:22.056558Z DEBUG  Assigned mole Judy to hole at x/y 1/0
    at src/game.rs:205 on ThreadId(9)

  2026-07-13T00:07:22.056580Z DEBUG  Assigned mole Ethan to hole at x/y 4/2
    at src/game.rs:205 on ThreadId(9)

  2026-07-13T00:07:22.056597Z DEBUG  Assigned mole Jeffrey to hole at x/y 3/3
    at src/game.rs:205 on ThreadId(9)

  2026-07-13T00:07:22.056619Z DEBUG  Assigned mole Ethan to hole at x/y 3/0
    at src/game.rs:205 on ThreadId(9)

  2026-07-13T00:07:22.056651Z DEBUG  Assigned mole Charles to hole at x/y 1/3
    at src/game.rs:205 on ThreadId(9)

  2026-07-13T00:07:22.056669Z DEBUG  Assigned mole Lawrence to hole at x/y 3/2
    at src/game.rs:205 on ThreadId(9)

  2026-07-13T00:07:22.056688Z DEBUG  Assigned mole Jack to hole at x/y 2/1
    at src/game.rs:205 on ThreadId(9)

  2026-07-13T00:07:22.056710Z DEBUG  Assigned mole Lisa to hole at x/y 0/4
    at src/game.rs:205 on ThreadId(9)

  2026-07-13T00:07:22.056728Z DEBUG  Assigned mole Angela to hole at x/y 0/3
    at src/game.rs:205 on ThreadId(9)

  2026-07-13T00:07:22.056746Z DEBUG  Assigned mole John to hole at x/y 2/4
    at src/game.rs:205 on ThreadId(9)

  2026-07-13T00:07:22.056764Z DEBUG  Assigned mole Nancy to hole at x/y 1/2
    at src/game.rs:205 on ThreadId(9)

  2026-07-13T00:07:22.056782Z DEBUG  Assigned mole Frank to hole at x/y 0/2
    at src/game.rs:205 on ThreadId(9)

  2026-07-13T00:07:22.056799Z DEBUG  Assigned mole Bobby to hole at x/y 4/0
    at src/game.rs:205 on ThreadId(9)

  2026-07-13T00:07:22.056822Z DEBUG  Assigned mole George to hole at x/y 2/0
    at src/game.rs:205 on ThreadId(9)

  2026-07-13T00:07:22.056839Z DEBUG  Assigned mole Johnny to hole at x/y 1/1
    at src/game.rs:205 on ThreadId(9)

  2026-07-13T00:07:22.056855Z DEBUG  Assigned mole Teresa to hole at x/y 3/1
    at src/game.rs:205 on ThreadId(9)

  2026-07-13T00:07:22.056867Z DEBUG  Assigned mole Shirley to hole at x/y 2/3
    at src/game.rs:205 on ThreadId(9)

  2026-07-13T00:07:22.056883Z DEBUG  Assigned mole William to hole at x/y 0/1
    at src/game.rs:205 on ThreadId(9)

  2026-07-13T00:07:22.056895Z DEBUG  Assigned mole Benjamin to hole at x/y 1/4
    at src/game.rs:205 on ThreadId(9)

  2026-07-13T00:07:22.056910Z DEBUG  Assigned mole Joyce to hole at x/y 2/2
    at src/game.rs:205 on ThreadId(9)

  2026-07-13T00:07:22.056921Z DEBUG  Assigned mole Elizabeth to hole at x/y 0/0
    at src/game.rs:205 on ThreadId(9)

  2026-07-13T00:07:22.556955Z  INFO  Increasing number of moles from 21 to 22
    at src/game.rs:157 on ThreadId(3)

  2026-07-13T00:07:22.557030Z  INFO  Generating 22 moles
    at src/game.rs:238 on ThreadId(3)

  2026-07-13T00:07:22.557061Z  INFO  Increasing number of holes from 21 to 22
    at src/game.rs:164 on ThreadId(3)

  2026-07-13T00:07:22.557075Z  INFO  Generating 22 holes
    at src/game.rs:244 on ThreadId(3)

  2026-07-13T00:07:22.557091Z DEBUG  Assigned hole #0 to x/y position 0/0
    at src/game.rs:257 on ThreadId(3)

  2026-07-13T00:07:22.557101Z DEBUG  Assigned hole #1 to x/y position 1/0
    at src/game.rs:257 on ThreadId(3)

  2026-07-13T00:07:22.557112Z DEBUG  Assigned hole #2 to x/y position 2/0
    at src/game.rs:257 on ThreadId(3)

  2026-07-13T00:07:22.557122Z DEBUG  Assigned hole #3 to x/y position 3/0
    at src/game.rs:257 on ThreadId(3)

  2026-07-13T00:07:22.557133Z DEBUG  Assigned hole #4 to x/y position 4/0
    at src/game.rs:257 on ThreadId(3)

  2026-07-13T00:07:22.557143Z DEBUG  Assigned hole #5 to x/y position 0/1
    at src/game.rs:257 on ThreadId(3)

  2026-07-13T00:07:22.557153Z DEBUG  Assigned hole #6 to x/y position 1/1
    at src/game.rs:257 on ThreadId(3)

  2026-07-13T00:07:22.557163Z DEBUG  Assigned hole #7 to x/y position 2/1
    at src/game.rs:257 on ThreadId(3)

  2026-07-13T00:07:22.557175Z DEBUG  Assigned hole #8 to x/y position 3/1
    at src/game.rs:257 on ThreadId(3)

  2026-07-13T00:07:22.557185Z DEBUG  Assigned hole #9 to x/y position 0/2
    at src/game.rs:257 on ThreadId(3)

  2026-07-13T00:07:22.557194Z DEBUG  Assigned hole #10 to x/y position 1/2
    at src/game.rs:257 on ThreadId(3)

  2026-07-13T00:07:22.557203Z DEBUG  Assigned hole #11 to x/y position 2/2
    at src/game.rs:257 on ThreadId(3)

  2026-07-13T00:07:22.557213Z DEBUG  Assigned hole #12 to x/y position 3/2
    at src/game.rs:257 on ThreadId(3)

  2026-07-13T00:07:22.557222Z DEBUG  Assigned hole #13 to x/y position 4/2
    at src/game.rs:257 on ThreadId(3)

  2026-07-13T00:07:22.557231Z DEBUG  Assigned hole #14 to x/y position 0/3
    at src/game.rs:257 on ThreadId(3)

  2026-07-13T00:07:22.557240Z DEBUG  Assigned hole #15 to x/y position 1/3
    at src/game.rs:257 on ThreadId(3)

  2026-07-13T00:07:22.557250Z DEBUG  Assigned hole #16 to x/y position 2/3
    at src/game.rs:257 on ThreadId(3)

  2026-07-13T00:07:22.557260Z DEBUG  Assigned hole #17 to x/y position 3/3
    at src/game.rs:257 on ThreadId(3)

  2026-07-13T00:07:22.557269Z DEBUG  Assigned hole #18 to x/y position 0/4
    at src/game.rs:257 on ThreadId(3)

  2026-07-13T00:07:22.557278Z DEBUG  Assigned hole #19 to x/y position 1/4
    at src/game.rs:257 on ThreadId(3)

  2026-07-13T00:07:22.557287Z DEBUG  Assigned hole #20 to x/y position 2/4
    at src/game.rs:257 on ThreadId(3)

  2026-07-13T00:07:22.557296Z DEBUG  Assigned hole #21 to x/y position 3/4
    at src/game.rs:257 on ThreadId(3)

  2026-07-13T00:07:22.557308Z  INFO  Naming 22 moles and assigning them to holes
    at src/game.rs:185 on ThreadId(3)

  2026-07-13T00:07:22.557329Z DEBUG  Assigned mole Barbara to hole at x/y 4/2
    at src/game.rs:205 on ThreadId(3)

  2026-07-13T00:07:22.557347Z DEBUG  Assigned mole Patrick to hole at x/y 0/2
    at src/game.rs:205 on ThreadId(3)

  2026-07-13T00:07:22.557364Z DEBUG  Assigned mole Amber to hole at x/y 3/3
    at src/game.rs:205 on ThreadId(3)

  2026-07-13T00:07:22.557379Z DEBUG  Assigned mole Eugene to hole at x/y 0/0
    at src/game.rs:205 on ThreadId(3)

  2026-07-13T00:07:22.557396Z DEBUG  Assigned mole Evelyn to hole at x/y 2/3
    at src/game.rs:205 on ThreadId(3)

  2026-07-13T00:07:22.557408Z DEBUG  Assigned mole Sandra to hole at x/y 3/2
    at src/game.rs:205 on ThreadId(3)

  2026-07-13T00:07:22.557421Z DEBUG  Assigned mole Alexis to hole at x/y 3/4
    at src/game.rs:205 on ThreadId(3)

  2026-07-13T00:07:22.557432Z DEBUG  Assigned mole Sean to hole at x/y 2/0
    at src/game.rs:205 on ThreadId(3)

  2026-07-13T00:07:22.557447Z DEBUG  Assigned mole Harold to hole at x/y 1/4
    at src/game.rs:205 on ThreadId(3)

  2026-07-13T00:07:22.557463Z DEBUG  Assigned mole Charles to hole at x/y 0/4
    at src/game.rs:205 on ThreadId(3)

  2026-07-13T00:07:22.557475Z DEBUG  Assigned mole Gary to hole at x/y 3/1
    at src/game.rs:205 on ThreadId(3)

  2026-07-13T00:07:22.557489Z DEBUG  Assigned mole Hannah to hole at x/y 2/2
    at src/game.rs:205 on ThreadId(3)

  2026-07-13T00:07:22.557505Z DEBUG  Assigned mole Randy to hole at x/y 4/0
    at src/game.rs:205 on ThreadId(3)

  2026-07-13T00:07:22.557516Z DEBUG  Assigned mole David to hole at x/y 1/2
    at src/game.rs:205 on ThreadId(3)

  2026-07-13T00:07:22.557528Z DEBUG  Assigned mole Jacob to hole at x/y 2/4
    at src/game.rs:205 on ThreadId(3)

  2026-07-13T00:07:22.557539Z DEBUG  Assigned mole Angela to hole at x/y 0/1
    at src/game.rs:205 on ThreadId(3)

  2026-07-13T00:07:22.557553Z DEBUG  Assigned mole Mark to hole at x/y 3/0
    at src/game.rs:205 on ThreadId(3)

  2026-07-13T00:07:22.557564Z DEBUG  Assigned mole Susan to hole at x/y 1/1
    at src/game.rs:205 on ThreadId(3)

  2026-07-13T00:07:22.557579Z DEBUG  Assigned mole Carolyn to hole at x/y 2/1
    at src/game.rs:205 on ThreadId(3)

  2026-07-13T00:07:22.557603Z DEBUG  Assigned mole Margaret to hole at x/y 0/3
    at src/game.rs:205 on ThreadId(3)

  2026-07-13T00:07:22.557614Z DEBUG  Assigned mole Beverly to hole at x/y 1/0
    at src/game.rs:205 on ThreadId(3)

  2026-07-13T00:07:22.557628Z DEBUG  Assigned mole Ronald to hole at x/y 1/3
    at src/game.rs:205 on ThreadId(3)

  2026-07-13T00:07:22.641103Z  INFO  Increasing number of moles from 22 to 23
    at src/game.rs:157 on ThreadId(9)

  2026-07-13T00:07:22.641142Z  INFO  Generating 23 moles
    at src/game.rs:238 on ThreadId(9)

  2026-07-13T00:07:22.641158Z  INFO  Increasing number of holes from 22 to 23
    at src/game.rs:164 on ThreadId(9)

  2026-07-13T00:07:22.641169Z  INFO  Generating 23 holes
    at src/game.rs:244 on ThreadId(9)

  2026-07-13T00:07:22.641179Z DEBUG  Assigned hole #0 to x/y position 0/0
    at src/game.rs:257 on ThreadId(9)

  2026-07-13T00:07:22.641188Z DEBUG  Assigned hole #1 to x/y position 1/0
    at src/game.rs:257 on ThreadId(9)

  2026-07-13T00:07:22.641198Z DEBUG  Assigned hole #2 to x/y position 2/0
    at src/game.rs:257 on ThreadId(9)

  2026-07-13T00:07:22.641207Z DEBUG  Assigned hole #3 to x/y position 3/0
    at src/game.rs:257 on ThreadId(9)

  2026-07-13T00:07:22.641216Z DEBUG  Assigned hole #4 to x/y position 4/0
    at src/game.rs:257 on ThreadId(9)

  2026-07-13T00:07:22.641225Z DEBUG  Assigned hole #5 to x/y position 0/1
    at src/game.rs:257 on ThreadId(9)

  2026-07-13T00:07:22.641234Z DEBUG  Assigned hole #6 to x/y position 1/1
    at src/game.rs:257 on ThreadId(9)

  2026-07-13T00:07:22.641244Z DEBUG  Assigned hole #7 to x/y position 2/1
    at src/game.rs:257 on ThreadId(9)

  2026-07-13T00:07:22.641253Z DEBUG  Assigned hole #8 to x/y position 3/1
    at src/game.rs:257 on ThreadId(9)

  2026-07-13T00:07:22.641262Z DEBUG  Assigned hole #9 to x/y position 0/2
    at src/game.rs:257 on ThreadId(9)

  2026-07-13T00:07:22.641271Z DEBUG  Assigned hole #10 to x/y position 1/2
    at src/game.rs:257 on ThreadId(9)

  2026-07-13T00:07:22.641280Z DEBUG  Assigned hole #11 to x/y position 2/2
    at src/game.rs:257 on ThreadId(9)

  2026-07-13T00:07:22.641289Z DEBUG  Assigned hole #12 to x/y position 3/2
    at src/game.rs:257 on ThreadId(9)

  2026-07-13T00:07:22.641298Z DEBUG  Assigned hole #13 to x/y position 4/2
    at src/game.rs:257 on ThreadId(9)

  2026-07-13T00:07:22.641307Z DEBUG  Assigned hole #14 to x/y position 0/3
    at src/game.rs:257 on ThreadId(9)

  2026-07-13T00:07:22.641316Z DEBUG  Assigned hole #15 to x/y position 1/3
    at src/game.rs:257 on ThreadId(9)

  2026-07-13T00:07:22.641325Z DEBUG  Assigned hole #16 to x/y position 2/3
    at src/game.rs:257 on ThreadId(9)

  2026-07-13T00:07:22.641335Z DEBUG  Assigned hole #17 to x/y position 3/3
    at src/game.rs:257 on ThreadId(9)

  2026-07-13T00:07:22.641344Z DEBUG  Assigned hole #18 to x/y position 0/4
    at src/game.rs:257 on ThreadId(9)

  2026-07-13T00:07:22.641353Z DEBUG  Assigned hole #19 to x/y position 1/4
    at src/game.rs:257 on ThreadId(9)

  2026-07-13T00:07:22.641362Z DEBUG  Assigned hole #20 to x/y position 2/4
    at src/game.rs:257 on ThreadId(9)

  2026-07-13T00:07:22.641371Z DEBUG  Assigned hole #21 to x/y position 3/4
    at src/game.rs:257 on ThreadId(9)

  2026-07-13T00:07:22.641401Z DEBUG  Assigned hole #22 to x/y position 4/4
    at src/game.rs:257 on ThreadId(9)

  2026-07-13T00:07:22.641410Z  INFO  Naming 23 moles and assigning them to holes
    at src/game.rs:185 on ThreadId(9)

  2026-07-13T00:07:22.641424Z DEBUG  Assigned mole Frank to hole at x/y 2/3
    at src/game.rs:205 on ThreadId(9)

  2026-07-13T00:07:22.641436Z DEBUG  Assigned mole Daniel to hole at x/y 1/1
    at src/game.rs:205 on ThreadId(9)

  2026-07-13T00:07:22.641447Z DEBUG  Assigned mole Joe to hole at x/y 2/0
    at src/game.rs:205 on ThreadId(9)

  2026-07-13T00:07:22.641458Z DEBUG  Assigned mole Ryan to hole at x/y 3/3
    at src/game.rs:205 on ThreadId(9)

  2026-07-13T00:07:22.641469Z DEBUG  Assigned mole Scott to hole at x/y 3/1
    at src/game.rs:205 on ThreadId(9)

  2026-07-13T00:07:22.641479Z DEBUG  Assigned mole Amanda to hole at x/y 0/2
    at src/game.rs:205 on ThreadId(9)

  2026-07-13T00:07:22.641493Z DEBUG  Assigned mole Christina to hole at x/y 4/4
    at src/game.rs:205 on ThreadId(9)

  2026-07-13T00:07:22.641510Z DEBUG  Assigned mole Andrew to hole at x/y 1/3
    at src/game.rs:205 on ThreadId(9)

  2026-07-13T00:07:22.641520Z DEBUG  Assigned mole Patricia to hole at x/y 1/2
    at src/game.rs:205 on ThreadId(9)

  2026-07-13T00:07:22.641531Z DEBUG  Assigned mole Alice to hole at x/y 4/2
    at src/game.rs:205 on ThreadId(9)

  2026-07-13T00:07:22.641542Z DEBUG  Assigned mole Barbara to hole at x/y 3/0
    at src/game.rs:205 on ThreadId(9)

  2026-07-13T00:07:22.641556Z DEBUG  Assigned mole Frances to hole at x/y 1/4
    at src/game.rs:205 on ThreadId(9)

  2026-07-13T00:07:22.641578Z DEBUG  Assigned mole Jordan to hole at x/y 4/0
    at src/game.rs:205 on ThreadId(9)

  2026-07-13T00:07:22.641589Z DEBUG  Assigned mole Aaron to hole at x/y 2/2
    at src/game.rs:205 on ThreadId(9)

  2026-07-13T00:07:22.641599Z DEBUG  Assigned mole Tyler to hole at x/y 3/4
    at src/game.rs:205 on ThreadId(9)

  2026-07-13T00:07:22.641612Z DEBUG  Assigned mole Melissa to hole at x/y 0/0
    at src/game.rs:205 on ThreadId(9)

  2026-07-13T00:07:22.641622Z DEBUG  Assigned mole Debra to hole at x/y 0/3
    at src/game.rs:205 on ThreadId(9)

  2026-07-13T00:07:22.641633Z DEBUG  Assigned mole Amy to hole at x/y 0/4
    at src/game.rs:205 on ThreadId(9)

  2026-07-13T00:07:22.641645Z DEBUG  Assigned mole Henry to hole at x/y 2/4
    at src/game.rs:205 on ThreadId(9)

  2026-07-13T00:07:22.641655Z DEBUG  Assigned mole Gerald to hole at x/y 3/2
    at src/game.rs:205 on ThreadId(9)

  2026-07-13T00:07:22.641664Z DEBUG  Assigned mole Jacob to hole at x/y 1/0
    at src/game.rs:205 on ThreadId(9)

  2026-07-13T00:07:22.641677Z DEBUG  Assigned mole Albert to hole at x/y 2/1
    at src/game.rs:205 on ThreadId(9)

  2026-07-13T00:07:22.641687Z DEBUG  Assigned mole Sarah to hole at x/y 0/1
    at src/game.rs:205 on ThreadId(9)

  2026-07-13T00:07:22.724475Z  INFO  Increasing number of moles from 23 to 24
    at src/game.rs:157 on ThreadId(9)

  2026-07-13T00:07:22.724520Z  INFO  Generating 24 moles
    at src/game.rs:238 on ThreadId(9)

  2026-07-13T00:07:22.724537Z  INFO  Increasing number of holes from 23 to 24
    at src/game.rs:164 on ThreadId(9)

  2026-07-13T00:07:22.724548Z  INFO  Generating 24 holes
    at src/game.rs:244 on ThreadId(9)

  2026-07-13T00:07:22.724557Z DEBUG  Assigned hole #0 to x/y position 0/0
    at src/game.rs:257 on ThreadId(9)

  2026-07-13T00:07:22.724567Z DEBUG  Assigned hole #1 to x/y position 1/0
    at src/game.rs:257 on ThreadId(9)

  2026-07-13T00:07:22.724577Z DEBUG  Assigned hole #2 to x/y position 2/0
    at src/game.rs:257 on ThreadId(9)

  2026-07-13T00:07:22.724585Z DEBUG  Assigned hole #3 to x/y position 3/0
    at src/game.rs:257 on ThreadId(9)

  2026-07-13T00:07:22.724594Z DEBUG  Assigned hole #4 to x/y position 4/0
    at src/game.rs:257 on ThreadId(9)

  2026-07-13T00:07:22.724602Z DEBUG  Assigned hole #5 to x/y position 0/1
    at src/game.rs:257 on ThreadId(9)

  2026-07-13T00:07:22.724611Z DEBUG  Assigned hole #6 to x/y position 1/1
    at src/game.rs:257 on ThreadId(9)

  2026-07-13T00:07:22.724619Z DEBUG  Assigned hole #7 to x/y position 2/1
    at src/game.rs:257 on ThreadId(9)

  2026-07-13T00:07:22.724627Z DEBUG  Assigned hole #8 to x/y position 3/1
    at src/game.rs:257 on ThreadId(9)

  2026-07-13T00:07:22.724636Z DEBUG  Assigned hole #9 to x/y position 0/2
    at src/game.rs:257 on ThreadId(9)

  2026-07-13T00:07:22.724644Z DEBUG  Assigned hole #10 to x/y position 1/2
    at src/game.rs:257 on ThreadId(9)

  2026-07-13T00:07:22.724652Z DEBUG  Assigned hole #11 to x/y position 2/2
    at src/game.rs:257 on ThreadId(9)

  2026-07-13T00:07:22.724660Z DEBUG  Assigned hole #12 to x/y position 3/2
    at src/game.rs:257 on ThreadId(9)

  2026-07-13T00:07:22.724668Z DEBUG  Assigned hole #13 to x/y position 4/2
    at src/game.rs:257 on ThreadId(9)

  2026-07-13T00:07:22.724677Z DEBUG  Assigned hole #14 to x/y position 0/3
    at src/game.rs:257 on ThreadId(9)

  2026-07-13T00:07:22.724685Z DEBUG  Assigned hole #15 to x/y position 1/3
    at src/game.rs:257 on ThreadId(9)

  2026-07-13T00:07:22.724693Z DEBUG  Assigned hole #16 to x/y position 2/3
    at src/game.rs:257 on ThreadId(9)

  2026-07-13T00:07:22.724702Z DEBUG  Assigned hole #17 to x/y position 3/3
    at src/game.rs:257 on ThreadId(9)

  2026-07-13T00:07:22.724710Z DEBUG  Assigned hole #18 to x/y position 0/4
    at src/game.rs:257 on ThreadId(9)

  2026-07-13T00:07:22.724718Z DEBUG  Assigned hole #19 to x/y position 1/4
    at src/game.rs:257 on ThreadId(9)

  2026-07-13T00:07:22.724726Z DEBUG  Assigned hole #20 to x/y position 2/4
    at src/game.rs:257 on ThreadId(9)

  2026-07-13T00:07:22.724734Z DEBUG  Assigned hole #21 to x/y position 3/4
    at src/game.rs:257 on ThreadId(9)

  2026-07-13T00:07:22.724742Z DEBUG  Assigned hole #22 to x/y position 4/4
    at src/game.rs:257 on ThreadId(9)

  2026-07-13T00:07:22.724750Z DEBUG  Assigned hole #23 to x/y position 0/5
    at src/game.rs:257 on ThreadId(9)

  2026-07-13T00:07:22.724759Z  INFO  Naming 24 moles and assigning them to holes
    at src/game.rs:185 on ThreadId(9)

  2026-07-13T00:07:22.724774Z DEBUG  Assigned mole Eric to hole at x/y 0/1
    at src/game.rs:205 on ThreadId(9)

  2026-07-13T00:07:22.724787Z DEBUG  Assigned mole Brian to hole at x/y 0/2
    at src/game.rs:205 on ThreadId(9)

  2026-07-13T00:07:22.724799Z DEBUG  Assigned mole Samuel to hole at x/y 4/0
    at src/game.rs:205 on ThreadId(9)

  2026-07-13T00:07:22.724811Z DEBUG  Assigned mole Jeffrey to hole at x/y 3/2
    at src/game.rs:205 on ThreadId(9)

  2026-07-13T00:07:22.724822Z DEBUG  Assigned mole Ryan to hole at x/y 2/2
    at src/game.rs:205 on ThreadId(9)

  2026-07-13T00:07:22.724836Z DEBUG  Assigned mole Carolyn to hole at x/y 3/3
    at src/game.rs:205 on ThreadId(9)

  2026-07-13T00:07:22.724848Z DEBUG  Assigned mole Keith to hole at x/y 3/1
    at src/game.rs:205 on ThreadId(9)

  2026-07-13T00:07:22.724861Z DEBUG  Assigned mole Heather to hole at x/y 0/5
    at src/game.rs:205 on ThreadId(9)

  2026-07-13T00:07:22.724872Z DEBUG  Assigned mole Jordan to hole at x/y 0/4
    at src/game.rs:205 on ThreadId(9)

  2026-07-13T00:07:22.724883Z DEBUG  Assigned mole Harold to hole at x/y 0/0
    at src/game.rs:205 on ThreadId(9)

  2026-07-13T00:07:22.724895Z DEBUG  Assigned mole Marilyn to hole at x/y 2/0
    at src/game.rs:205 on ThreadId(9)

  2026-07-13T00:07:22.724906Z DEBUG  Assigned mole Paul to hole at x/y 1/1
    at src/game.rs:205 on ThreadId(9)

  2026-07-13T00:07:22.724916Z DEBUG  Assigned mole Howard to hole at x/y 2/1
    at src/game.rs:205 on ThreadId(9)

  2026-07-13T00:07:22.724927Z DEBUG  Assigned mole Samantha to hole at x/y 1/4
    at src/game.rs:205 on ThreadId(9)

  2026-07-13T00:07:22.724937Z DEBUG  Assigned mole Lori to hole at x/y 1/3
    at src/game.rs:205 on ThreadId(9)

  2026-07-13T00:07:22.724950Z DEBUG  Assigned mole Billy to hole at x/y 3/0
    at src/game.rs:205 on ThreadId(9)

  2026-07-13T00:07:22.724961Z DEBUG  Assigned mole Betty to hole at x/y 1/0
    at src/game.rs:205 on ThreadId(9)

  2026-07-13T00:07:22.724971Z DEBUG  Assigned mole Catherine to hole at x/y 1/2
    at src/game.rs:205 on ThreadId(9)

  2026-07-13T00:07:22.724981Z DEBUG  Assigned mole Donna to hole at x/y 2/3
    at src/game.rs:205 on ThreadId(9)

  2026-07-13T00:07:22.725004Z DEBUG  Assigned mole Daniel to hole at x/y 3/4
    at src/game.rs:205 on ThreadId(9)

  2026-07-13T00:07:22.725017Z DEBUG  Assigned mole Bryan to hole at x/y 4/2
    at src/game.rs:205 on ThreadId(9)

  2026-07-13T00:07:22.725028Z DEBUG  Assigned mole Nancy to hole at x/y 2/4
    at src/game.rs:205 on ThreadId(9)

  2026-07-13T00:07:22.725037Z DEBUG  Assigned mole Kimberly to hole at x/y 0/3
    at src/game.rs:205 on ThreadId(9)

  2026-07-13T00:07:22.725046Z DEBUG  Assigned mole Ronald to hole at x/y 4/4
    at src/game.rs:205 on ThreadId(9)

  2026-07-13T00:07:22.808074Z  INFO  Increasing number of moles from 24 to 25
    at src/game.rs:157 on ThreadId(11)

  2026-07-13T00:07:22.808118Z  INFO  Generating 25 moles
    at src/game.rs:238 on ThreadId(11)

  2026-07-13T00:07:22.808131Z  INFO  Increasing number of holes from 24 to 25
    at src/game.rs:164 on ThreadId(11)

  2026-07-13T00:07:22.808140Z  INFO  Generating 25 holes
    at src/game.rs:244 on ThreadId(11)

  2026-07-13T00:07:22.808149Z DEBUG  Assigned hole #0 to x/y position 0/0
    at src/game.rs:257 on ThreadId(11)

  2026-07-13T00:07:22.808157Z DEBUG  Assigned hole #1 to x/y position 1/0
    at src/game.rs:257 on ThreadId(11)

  2026-07-13T00:07:22.808165Z DEBUG  Assigned hole #2 to x/y position 2/0
    at src/game.rs:257 on ThreadId(11)

  2026-07-13T00:07:22.808173Z DEBUG  Assigned hole #3 to x/y position 3/0
    at src/game.rs:257 on ThreadId(11)

  2026-07-13T00:07:22.808181Z DEBUG  Assigned hole #4 to x/y position 4/0
    at src/game.rs:257 on ThreadId(11)

  2026-07-13T00:07:22.808189Z DEBUG  Assigned hole #5 to x/y position 0/1
    at src/game.rs:257 on ThreadId(11)

  2026-07-13T00:07:22.808198Z DEBUG  Assigned hole #6 to x/y position 1/1
    at src/game.rs:257 on ThreadId(11)

  2026-07-13T00:07:22.808206Z DEBUG  Assigned hole #7 to x/y position 2/1
    at src/game.rs:257 on ThreadId(11)

  2026-07-13T00:07:22.808214Z DEBUG  Assigned hole #8 to x/y position 3/1
    at src/game.rs:257 on ThreadId(11)

  2026-07-13T00:07:22.808222Z DEBUG  Assigned hole #9 to x/y position 0/2
    at src/game.rs:257 on ThreadId(11)

  2026-07-13T00:07:22.808230Z DEBUG  Assigned hole #10 to x/y position 1/2
    at src/game.rs:257 on ThreadId(11)

  2026-07-13T00:07:22.808238Z DEBUG  Assigned hole #11 to x/y position 2/2
    at src/game.rs:257 on ThreadId(11)

  2026-07-13T00:07:22.808246Z DEBUG  Assigned hole #12 to x/y position 3/2
    at src/game.rs:257 on ThreadId(11)

  2026-07-13T00:07:22.808254Z DEBUG  Assigned hole #13 to x/y position 4/2
    at src/game.rs:257 on ThreadId(11)

  2026-07-13T00:07:22.808262Z DEBUG  Assigned hole #14 to x/y position 0/3
    at src/game.rs:257 on ThreadId(11)

  2026-07-13T00:07:22.808270Z DEBUG  Assigned hole #15 to x/y position 1/3
    at src/game.rs:257 on ThreadId(11)

  2026-07-13T00:07:22.808278Z DEBUG  Assigned hole #16 to x/y position 2/3
    at src/game.rs:257 on ThreadId(11)

  2026-07-13T00:07:22.808286Z DEBUG  Assigned hole #17 to x/y position 3/3
    at src/game.rs:257 on ThreadId(11)

  2026-07-13T00:07:22.808294Z DEBUG  Assigned hole #18 to x/y position 0/4
    at src/game.rs:257 on ThreadId(11)

  2026-07-13T00:07:22.808302Z DEBUG  Assigned hole #19 to x/y position 1/4
    at src/game.rs:257 on ThreadId(11)

  2026-07-13T00:07:22.808310Z DEBUG  Assigned hole #20 to x/y position 2/4
    at src/game.rs:257 on ThreadId(11)

  2026-07-13T00:07:22.808318Z DEBUG  Assigned hole #21 to x/y position 3/4
    at src/game.rs:257 on ThreadId(11)

  2026-07-13T00:07:22.808326Z DEBUG  Assigned hole #22 to x/y position 4/4
    at src/game.rs:257 on ThreadId(11)

  2026-07-13T00:07:22.808334Z DEBUG  Assigned hole #23 to x/y position 0/5
    at src/game.rs:257 on ThreadId(11)

  2026-07-13T00:07:22.808342Z DEBUG  Assigned hole #24 to x/y position 1/5
    at src/game.rs:257 on ThreadId(11)

  2026-07-13T00:07:22.808354Z  INFO  Naming 25 moles and assigning them to holes
    at src/game.rs:185 on ThreadId(11)

  2026-07-13T00:07:22.808367Z DEBUG  Assigned mole Aaron to hole at x/y 4/0
    at src/game.rs:205 on ThreadId(11)

  2026-07-13T00:07:22.808379Z DEBUG  Assigned mole Gerald to hole at x/y 3/1
    at src/game.rs:205 on ThreadId(11)

  2026-07-13T00:07:22.808390Z DEBUG  Assigned mole Brenda to hole at x/y 1/3
    at src/game.rs:205 on ThreadId(11)

  2026-07-13T00:07:22.808404Z DEBUG  Assigned mole Russell to hole at x/y 3/4
    at src/game.rs:205 on ThreadId(11)

  2026-07-13T00:07:22.808415Z DEBUG  Assigned mole Joan to hole at x/y 1/2
    at src/game.rs:205 on ThreadId(11)

  2026-07-13T00:07:22.808427Z DEBUG  Assigned mole Debra to hole at x/y 3/2
    at src/game.rs:205 on ThreadId(11)

  2026-07-13T00:07:22.808438Z DEBUG  Assigned mole Carol to hole at x/y 1/4
    at src/game.rs:205 on ThreadId(11)

  2026-07-13T00:07:22.808449Z DEBUG  Assigned mole Lori to hole at x/y 0/5
    at src/game.rs:205 on ThreadId(11)

  2026-07-13T00:07:22.808460Z DEBUG  Assigned mole Eric to hole at x/y 0/3
    at src/game.rs:205 on ThreadId(11)

  2026-07-13T00:07:22.808475Z DEBUG  Assigned mole John to hole at x/y 2/4
    at src/game.rs:205 on ThreadId(11)

  2026-07-13T00:07:22.808486Z DEBUG  Assigned mole Andrew to hole at x/y 3/0
    at src/game.rs:205 on ThreadId(11)

  2026-07-13T00:07:22.808497Z DEBUG  Assigned mole Cynthia to hole at x/y 3/3
    at src/game.rs:205 on ThreadId(11)

  2026-07-13T00:07:22.808508Z DEBUG  Assigned mole Austin to hole at x/y 4/2
    at src/game.rs:205 on ThreadId(11)

  2026-07-13T00:07:22.808518Z DEBUG  Assigned mole Sharon to hole at x/y 1/5
    at src/game.rs:205 on ThreadId(11)

  2026-07-13T00:07:22.808529Z DEBUG  Assigned mole Robert to hole at x/y 2/1
    at src/game.rs:205 on ThreadId(11)

  2026-07-13T00:07:22.808543Z DEBUG  Assigned mole Alice to hole at x/y 0/2
    at src/game.rs:205 on ThreadId(11)

  2026-07-13T00:07:22.808553Z DEBUG  Assigned mole Keith to hole at x/y 2/2
    at src/game.rs:205 on ThreadId(11)

  2026-07-13T00:07:22.808563Z DEBUG  Assigned mole Laura to hole at x/y 0/4
    at src/game.rs:205 on ThreadId(11)

  2026-07-13T00:07:22.808573Z DEBUG  Assigned mole Mary to hole at x/y 2/0
    at src/game.rs:205 on ThreadId(11)

  2026-07-13T00:07:22.808583Z DEBUG  Assigned mole Austin to hole at x/y 1/1
    at src/game.rs:205 on ThreadId(11)

  2026-07-13T00:07:22.808593Z DEBUG  Assigned mole Dylan to hole at x/y 0/0
    at src/game.rs:205 on ThreadId(11)

  2026-07-13T00:07:22.808602Z DEBUG  Assigned mole Joan to hole at x/y 1/0
    at src/game.rs:205 on ThreadId(11)

  2026-07-13T00:07:22.808624Z DEBUG  Assigned mole Nathan to hole at x/y 0/1
    at src/game.rs:205 on ThreadId(11)

  2026-07-13T00:07:22.808636Z DEBUG  Assigned mole Cynthia to hole at x/y 4/4
    at src/game.rs:205 on ThreadId(11)

  2026-07-13T00:07:22.808646Z DEBUG  Assigned mole Joshua to hole at x/y 2/3
    at src/game.rs:205 on ThreadId(11)

  2026-07-13T00:07:22.897016Z  INFO  Increasing number of moles from 25 to 26
    at src/game.rs:157 on ThreadId(9)

  2026-07-13T00:07:22.897041Z  INFO  Generating 26 moles
    at src/game.rs:238 on ThreadId(9)

  2026-07-13T00:07:22.897054Z  INFO  Increasing number of holes from 25 to 26
    at src/game.rs:164 on ThreadId(9)

  2026-07-13T00:07:22.897063Z  INFO  Generating 26 holes
    at src/game.rs:244 on ThreadId(9)

  2026-07-13T00:07:22.897077Z DEBUG  Assigned hole #0 to x/y position 0/0
    at src/game.rs:257 on ThreadId(9)

  2026-07-13T00:07:22.897090Z DEBUG  Assigned hole #1 to x/y position 1/0
    at src/game.rs:257 on ThreadId(9)

  2026-07-13T00:07:22.897103Z DEBUG  Assigned hole #2 to x/y position 2/0
    at src/game.rs:257 on ThreadId(9)

  2026-07-13T00:07:22.897116Z DEBUG  Assigned hole #3 to x/y position 3/0
    at src/game.rs:257 on ThreadId(9)

  2026-07-13T00:07:22.897129Z DEBUG  Assigned hole #4 to x/y position 4/0
    at src/game.rs:257 on ThreadId(9)

  2026-07-13T00:07:22.897141Z DEBUG  Assigned hole #5 to x/y position 5/0
    at src/game.rs:257 on ThreadId(9)

  2026-07-13T00:07:22.897154Z DEBUG  Assigned hole #6 to x/y position 0/1
    at src/game.rs:257 on ThreadId(9)

  2026-07-13T00:07:22.897166Z DEBUG  Assigned hole #7 to x/y position 1/1
    at src/game.rs:257 on ThreadId(9)

  2026-07-13T00:07:22.897179Z DEBUG  Assigned hole #8 to x/y position 2/1
    at src/game.rs:257 on ThreadId(9)

  2026-07-13T00:07:22.897190Z DEBUG  Assigned hole #9 to x/y position 3/1
    at src/game.rs:257 on ThreadId(9)

  2026-07-13T00:07:22.897203Z DEBUG  Assigned hole #10 to x/y position 4/1
    at src/game.rs:257 on ThreadId(9)

  2026-07-13T00:07:22.897215Z DEBUG  Assigned hole #11 to x/y position 0/2
    at src/game.rs:257 on ThreadId(9)

  2026-07-13T00:07:22.897227Z DEBUG  Assigned hole #12 to x/y position 1/2
    at src/game.rs:257 on ThreadId(9)

  2026-07-13T00:07:22.897238Z DEBUG  Assigned hole #13 to x/y position 2/2
    at src/game.rs:257 on ThreadId(9)

  2026-07-13T00:07:22.897251Z DEBUG  Assigned hole #14 to x/y position 3/2
    at src/game.rs:257 on ThreadId(9)

  2026-07-13T00:07:22.897262Z DEBUG  Assigned hole #15 to x/y position 4/2
    at src/game.rs:257 on ThreadId(9)

  2026-07-13T00:07:22.897275Z DEBUG  Assigned hole #16 to x/y position 5/2
    at src/game.rs:257 on ThreadId(9)

  2026-07-13T00:07:22.897287Z DEBUG  Assigned hole #17 to x/y position 0/3
    at src/game.rs:257 on ThreadId(9)

  2026-07-13T00:07:22.897298Z DEBUG  Assigned hole #18 to x/y position 1/3
    at src/game.rs:257 on ThreadId(9)

  2026-07-13T00:07:22.897310Z DEBUG  Assigned hole #19 to x/y position 2/3
    at src/game.rs:257 on ThreadId(9)

  2026-07-13T00:07:22.897322Z DEBUG  Assigned hole #20 to x/y position 3/3
    at src/game.rs:257 on ThreadId(9)

  2026-07-13T00:07:22.897335Z DEBUG  Assigned hole #21 to x/y position 4/3
    at src/game.rs:257 on ThreadId(9)

  2026-07-13T00:07:22.897347Z DEBUG  Assigned hole #22 to x/y position 0/4
    at src/game.rs:257 on ThreadId(9)

  2026-07-13T00:07:22.897359Z DEBUG  Assigned hole #23 to x/y position 1/4
    at src/game.rs:257 on ThreadId(9)

  2026-07-13T00:07:22.897371Z DEBUG  Assigned hole #24 to x/y position 2/4
    at src/game.rs:257 on ThreadId(9)

  2026-07-13T00:07:22.897383Z DEBUG  Assigned hole #25 to x/y position 3/4
    at src/game.rs:257 on ThreadId(9)

  2026-07-13T00:07:22.897391Z  INFO  Naming 26 moles and assigning them to holes
    at src/game.rs:185 on ThreadId(9)

  2026-07-13T00:07:22.897409Z DEBUG  Assigned mole Dorothy to hole at x/y 2/1
    at src/game.rs:205 on ThreadId(9)

  2026-07-13T00:07:22.897425Z DEBUG  Assigned mole Beverly to hole at x/y 0/2
    at src/game.rs:205 on ThreadId(9)

  2026-07-13T00:07:22.897440Z DEBUG  Assigned mole Jaq to hole at x/y 3/1
    at src/game.rs:205 on ThreadId(9)

  2026-07-13T00:07:22.897452Z DEBUG  Assigned mole Natalie to hole at x/y 5/2
    at src/game.rs:205 on ThreadId(9)

  2026-07-13T00:07:22.897464Z DEBUG  Assigned mole Jason to hole at x/y 4/3
    at src/game.rs:205 on ThreadId(9)

  2026-07-13T00:07:22.897475Z DEBUG  Assigned mole Howard to hole at x/y 2/4
    at src/game.rs:205 on ThreadId(9)

  2026-07-13T00:07:22.897486Z DEBUG  Assigned mole Scott to hole at x/y 0/1
    at src/game.rs:205 on ThreadId(9)

  2026-07-13T00:07:22.897498Z DEBUG  Assigned mole Gregory to hole at x/y 2/2
    at src/game.rs:205 on ThreadId(9)

  2026-07-13T00:07:22.897509Z DEBUG  Assigned mole John to hole at x/y 0/4
    at src/game.rs:205 on ThreadId(9)

  2026-07-13T00:07:22.897519Z DEBUG  Assigned mole Barbara to hole at x/y 5/0
    at src/game.rs:205 on ThreadId(9)

  2026-07-13T00:07:22.897530Z DEBUG  Assigned mole Linda to hole at x/y 2/3
    at src/game.rs:205 on ThreadId(9)

  2026-07-13T00:07:22.897542Z DEBUG  Assigned mole Dorothy to hole at x/y 3/0
    at src/game.rs:205 on ThreadId(9)

  2026-07-13T00:07:22.897556Z DEBUG  Assigned mole Olivia to hole at x/y 3/4
    at src/game.rs:205 on ThreadId(9)

  2026-07-13T00:07:22.897567Z DEBUG  Assigned mole Cheryl to hole at x/y 2/0
    at src/game.rs:205 on ThreadId(9)

  2026-07-13T00:07:22.897577Z DEBUG  Assigned mole Brittany to hole at x/y 4/0
    at src/game.rs:205 on ThreadId(9)

  2026-07-13T00:07:22.897587Z DEBUG  Assigned mole Jerry to hole at x/y 4/2
    at src/game.rs:205 on ThreadId(9)

  2026-07-13T00:07:22.897597Z DEBUG  Assigned mole Roger to hole at x/y 4/1
    at src/game.rs:205 on ThreadId(9)

  2026-07-13T00:07:22.897608Z DEBUG  Assigned mole James to hole at x/y 1/3
    at src/game.rs:205 on ThreadId(9)

  2026-07-13T00:07:22.897618Z DEBUG  Assigned mole Julia to hole at x/y 3/2
    at src/game.rs:205 on ThreadId(9)

  2026-07-13T00:07:22.897628Z DEBUG  Assigned mole Jennifer to hole at x/y 1/2
    at src/game.rs:205 on ThreadId(9)

  2026-07-13T00:07:22.897637Z DEBUG  Assigned mole Gary to hole at x/y 1/0
    at src/game.rs:205 on ThreadId(9)

  2026-07-13T00:07:22.897648Z DEBUG  Assigned mole Cynthia to hole at x/y 1/1
    at src/game.rs:205 on ThreadId(9)

  2026-07-13T00:07:22.897658Z DEBUG  Assigned mole Mary to hole at x/y 0/0
    at src/game.rs:205 on ThreadId(9)

  2026-07-13T00:07:22.897667Z DEBUG  Assigned mole Noah to hole at x/y 1/4
    at src/game.rs:205 on ThreadId(9)

  2026-07-13T00:07:22.897689Z DEBUG  Assigned mole Danielle to hole at x/y 0/3
    at src/game.rs:205 on ThreadId(9)

  2026-07-13T00:07:22.897698Z DEBUG  Assigned mole Lauren to hole at x/y 3/3
    at src/game.rs:205 on ThreadId(9)

  2026-07-13T00:07:22.974716Z  INFO  Increasing number of moles from 26 to 27
    at src/game.rs:157 on ThreadId(9)

  2026-07-13T00:07:22.974745Z  INFO  Generating 27 moles
    at src/game.rs:238 on ThreadId(9)

  2026-07-13T00:07:22.974760Z  INFO  Increasing number of holes from 26 to 27
    at src/game.rs:164 on ThreadId(9)

  2026-07-13T00:07:22.974772Z  INFO  Generating 27 holes
    at src/game.rs:244 on ThreadId(9)

  2026-07-13T00:07:22.974782Z DEBUG  Assigned hole #0 to x/y position 0/0
    at src/game.rs:257 on ThreadId(9)

  2026-07-13T00:07:22.974792Z DEBUG  Assigned hole #1 to x/y position 1/0
    at src/game.rs:257 on ThreadId(9)

  2026-07-13T00:07:22.974801Z DEBUG  Assigned hole #2 to x/y position 2/0
    at src/game.rs:257 on ThreadId(9)

  2026-07-13T00:07:22.974810Z DEBUG  Assigned hole #3 to x/y position 3/0
    at src/game.rs:257 on ThreadId(9)

  2026-07-13T00:07:22.974819Z DEBUG  Assigned hole #4 to x/y position 4/0
    at src/game.rs:257 on ThreadId(9)

  2026-07-13T00:07:22.974827Z DEBUG  Assigned hole #5 to x/y position 5/0
    at src/game.rs:257 on ThreadId(9)

  2026-07-13T00:07:22.974836Z DEBUG  Assigned hole #6 to x/y position 0/1
    at src/game.rs:257 on ThreadId(9)

  2026-07-13T00:07:22.974845Z DEBUG  Assigned hole #7 to x/y position 1/1
    at src/game.rs:257 on ThreadId(9)

  2026-07-13T00:07:22.974854Z DEBUG  Assigned hole #8 to x/y position 2/1
    at src/game.rs:257 on ThreadId(9)

  2026-07-13T00:07:22.974863Z DEBUG  Assigned hole #9 to x/y position 3/1
    at src/game.rs:257 on ThreadId(9)

  2026-07-13T00:07:22.974871Z DEBUG  Assigned hole #10 to x/y position 4/1
    at src/game.rs:257 on ThreadId(9)

  2026-07-13T00:07:22.974879Z DEBUG  Assigned hole #11 to x/y position 0/2
    at src/game.rs:257 on ThreadId(9)

  2026-07-13T00:07:22.974888Z DEBUG  Assigned hole #12 to x/y position 1/2
    at src/game.rs:257 on ThreadId(9)

  2026-07-13T00:07:22.974896Z DEBUG  Assigned hole #13 to x/y position 2/2
    at src/game.rs:257 on ThreadId(9)

  2026-07-13T00:07:22.974904Z DEBUG  Assigned hole #14 to x/y position 3/2
    at src/game.rs:257 on ThreadId(9)

  2026-07-13T00:07:22.974913Z DEBUG  Assigned hole #15 to x/y position 4/2
    at src/game.rs:257 on ThreadId(9)

  2026-07-13T00:07:22.974921Z DEBUG  Assigned hole #16 to x/y position 5/2
    at src/game.rs:257 on ThreadId(9)

  2026-07-13T00:07:22.974930Z DEBUG  Assigned hole #17 to x/y position 0/3
    at src/game.rs:257 on ThreadId(9)

  2026-07-13T00:07:22.974938Z DEBUG  Assigned hole #18 to x/y position 1/3
    at src/game.rs:257 on ThreadId(9)

  2026-07-13T00:07:22.974946Z DEBUG  Assigned hole #19 to x/y position 2/3
    at src/game.rs:257 on ThreadId(9)

  2026-07-13T00:07:22.974954Z DEBUG  Assigned hole #20 to x/y position 3/3
    at src/game.rs:257 on ThreadId(9)

  2026-07-13T00:07:22.974963Z DEBUG  Assigned hole #21 to x/y position 4/3
    at src/game.rs:257 on ThreadId(9)

  2026-07-13T00:07:22.974971Z DEBUG  Assigned hole #22 to x/y position 0/4
    at src/game.rs:257 on ThreadId(9)

  2026-07-13T00:07:22.974979Z DEBUG  Assigned hole #23 to x/y position 1/4
    at src/game.rs:257 on ThreadId(9)

  2026-07-13T00:07:22.974987Z DEBUG  Assigned hole #24 to x/y position 2/4
    at src/game.rs:257 on ThreadId(9)

  2026-07-13T00:07:22.974995Z DEBUG  Assigned hole #25 to x/y position 3/4
    at src/game.rs:257 on ThreadId(9)

  2026-07-13T00:07:22.975004Z DEBUG  Assigned hole #26 to x/y position 4/4
    at src/game.rs:257 on ThreadId(9)

  2026-07-13T00:07:22.975012Z  INFO  Naming 27 moles and assigning them to holes
    at src/game.rs:185 on ThreadId(9)

  2026-07-13T00:07:22.975026Z DEBUG  Assigned mole Jason to hole at x/y 1/2
    at src/game.rs:205 on ThreadId(9)

  2026-07-13T00:07:22.975038Z DEBUG  Assigned mole Joe to hole at x/y 1/4
    at src/game.rs:205 on ThreadId(9)

  2026-07-13T00:07:22.975050Z DEBUG  Assigned mole Pamela to hole at x/y 4/2
    at src/game.rs:205 on ThreadId(9)

  2026-07-13T00:07:22.975062Z DEBUG  Assigned mole Linda to hole at x/y 3/1
    at src/game.rs:205 on ThreadId(9)

  2026-07-13T00:07:22.975074Z DEBUG  Assigned mole Victoria to hole at x/y 2/2
    at src/game.rs:205 on ThreadId(9)

  2026-07-13T00:07:22.975091Z DEBUG  Assigned mole Ryan to hole at x/y 2/1
    at src/game.rs:205 on ThreadId(9)

  2026-07-13T00:07:22.975104Z DEBUG  Assigned mole Eugene to hole at x/y 0/3
    at src/game.rs:205 on ThreadId(9)

  2026-07-13T00:07:22.975116Z DEBUG  Assigned mole Mark to hole at x/y 0/2
    at src/game.rs:205 on ThreadId(9)

  2026-07-13T00:07:22.975127Z DEBUG  Assigned mole Harold to hole at x/y 2/4
    at src/game.rs:205 on ThreadId(9)

  2026-07-13T00:07:22.975139Z DEBUG  Assigned mole Daniel to hole at x/y 2/0
    at src/game.rs:205 on ThreadId(9)

  2026-07-13T00:07:22.975151Z DEBUG  Assigned mole Albert to hole at x/y 4/0
    at src/game.rs:205 on ThreadId(9)

  2026-07-13T00:07:22.975162Z DEBUG  Assigned mole Martha to hole at x/y 3/2
    at src/game.rs:205 on ThreadId(9)

  2026-07-13T00:07:22.975173Z DEBUG  Assigned mole Deborah to hole at x/y 0/0
    at src/game.rs:205 on ThreadId(9)

  2026-07-13T00:07:22.975184Z DEBUG  Assigned mole Billy to hole at x/y 1/3
    at src/game.rs:205 on ThreadId(9)

  2026-07-13T00:07:22.975195Z DEBUG  Assigned mole Bradley to hole at x/y 3/3
    at src/game.rs:205 on ThreadId(9)

  2026-07-13T00:07:22.975207Z DEBUG  Assigned mole Debra to hole at x/y 4/3
    at src/game.rs:205 on ThreadId(9)

  2026-07-13T00:07:22.975218Z DEBUG  Assigned mole Janice to hole at x/y 3/0
    at src/game.rs:205 on ThreadId(9)

  2026-07-13T00:07:22.975229Z DEBUG  Assigned mole Robert to hole at x/y 4/4
    at src/game.rs:205 on ThreadId(9)

  2026-07-13T00:07:22.975240Z DEBUG  Assigned mole Amy to hole at x/y 5/2
    at src/game.rs:205 on ThreadId(9)

  2026-07-13T00:07:22.975251Z DEBUG  Assigned mole Virginia to hole at x/y 4/1
    at src/game.rs:205 on ThreadId(9)

  2026-07-13T00:07:22.975262Z DEBUG  Assigned mole Willie to hole at x/y 0/1
    at src/game.rs:205 on ThreadId(9)

  2026-07-13T00:07:22.975273Z DEBUG  Assigned mole Judith to hole at x/y 3/4
    at src/game.rs:205 on ThreadId(9)

  2026-07-13T00:07:22.975283Z DEBUG  Assigned mole Roger to hole at x/y 1/1
    at src/game.rs:205 on ThreadId(9)

  2026-07-13T00:07:22.975293Z DEBUG  Assigned mole Jacob to hole at x/y 5/0
    at src/game.rs:205 on ThreadId(9)

  2026-07-13T00:07:22.975305Z DEBUG  Assigned mole Joan to hole at x/y 2/3
    at src/game.rs:205 on ThreadId(9)

  2026-07-13T00:07:22.975316Z DEBUG  Assigned mole Amber to hole at x/y 0/4
    at src/game.rs:205 on ThreadId(9)

  2026-07-13T00:07:22.975336Z DEBUG  Assigned mole Ralph to hole at x/y 1/0
    at src/game.rs:205 on ThreadId(9)

  2026-07-13T00:07:23.057880Z  INFO  Increasing number of moles from 27 to 28
    at src/game.rs:157 on ThreadId(3)

  2026-07-13T00:07:23.057901Z  INFO  Generating 28 moles
    at src/game.rs:238 on ThreadId(3)

  2026-07-13T00:07:23.057913Z  INFO  Increasing number of holes from 27 to 28
    at src/game.rs:164 on ThreadId(3)

  2026-07-13T00:07:23.057922Z  INFO  Generating 28 holes
    at src/game.rs:244 on ThreadId(3)

  2026-07-13T00:07:23.057930Z DEBUG  Assigned hole #0 to x/y position 0/0
    at src/game.rs:257 on ThreadId(3)

  2026-07-13T00:07:23.057939Z DEBUG  Assigned hole #1 to x/y position 1/0
    at src/game.rs:257 on ThreadId(3)

  2026-07-13T00:07:23.057947Z DEBUG  Assigned hole #2 to x/y position 2/0
    at src/game.rs:257 on ThreadId(3)

  2026-07-13T00:07:23.057955Z DEBUG  Assigned hole #3 to x/y position 3/0
    at src/game.rs:257 on ThreadId(3)

  2026-07-13T00:07:23.057963Z DEBUG  Assigned hole #4 to x/y position 4/0
    at src/game.rs:257 on ThreadId(3)

  2026-07-13T00:07:23.057971Z DEBUG  Assigned hole #5 to x/y position 5/0
    at src/game.rs:257 on ThreadId(3)

  2026-07-13T00:07:23.057979Z DEBUG  Assigned hole #6 to x/y position 0/1
    at src/game.rs:257 on ThreadId(3)

  2026-07-13T00:07:23.057987Z DEBUG  Assigned hole #7 to x/y position 1/1
    at src/game.rs:257 on ThreadId(3)

  2026-07-13T00:07:23.057995Z DEBUG  Assigned hole #8 to x/y position 2/1
    at src/game.rs:257 on ThreadId(3)

  2026-07-13T00:07:23.058004Z DEBUG  Assigned hole #9 to x/y position 3/1
    at src/game.rs:257 on ThreadId(3)

  2026-07-13T00:07:23.058012Z DEBUG  Assigned hole #10 to x/y position 4/1
    at src/game.rs:257 on ThreadId(3)

  2026-07-13T00:07:23.058020Z DEBUG  Assigned hole #11 to x/y position 0/2
    at src/game.rs:257 on ThreadId(3)

  2026-07-13T00:07:23.058028Z DEBUG  Assigned hole #12 to x/y position 1/2
    at src/game.rs:257 on ThreadId(3)

  2026-07-13T00:07:23.058035Z DEBUG  Assigned hole #13 to x/y position 2/2
    at src/game.rs:257 on ThreadId(3)

  2026-07-13T00:07:23.058044Z DEBUG  Assigned hole #14 to x/y position 3/2
    at src/game.rs:257 on ThreadId(3)

  2026-07-13T00:07:23.058052Z DEBUG  Assigned hole #15 to x/y position 4/2
    at src/game.rs:257 on ThreadId(3)

  2026-07-13T00:07:23.058061Z DEBUG  Assigned hole #16 to x/y position 5/2
    at src/game.rs:257 on ThreadId(3)

  2026-07-13T00:07:23.058069Z DEBUG  Assigned hole #17 to x/y position 0/3
    at src/game.rs:257 on ThreadId(3)

  2026-07-13T00:07:23.058077Z DEBUG  Assigned hole #18 to x/y position 1/3
    at src/game.rs:257 on ThreadId(3)

  2026-07-13T00:07:23.058085Z DEBUG  Assigned hole #19 to x/y position 2/3
    at src/game.rs:257 on ThreadId(3)

  2026-07-13T00:07:23.058093Z DEBUG  Assigned hole #20 to x/y position 3/3
    at src/game.rs:257 on ThreadId(3)

  2026-07-13T00:07:23.058101Z DEBUG  Assigned hole #21 to x/y position 4/3
    at src/game.rs:257 on ThreadId(3)

  2026-07-13T00:07:23.058109Z DEBUG  Assigned hole #22 to x/y position 0/4
    at src/game.rs:257 on ThreadId(3)

  2026-07-13T00:07:23.058117Z DEBUG  Assigned hole #23 to x/y position 1/4
    at src/game.rs:257 on ThreadId(3)

  2026-07-13T00:07:23.058125Z DEBUG  Assigned hole #24 to x/y position 2/4
    at src/game.rs:257 on ThreadId(3)

  2026-07-13T00:07:23.058133Z DEBUG  Assigned hole #25 to x/y position 3/4
    at src/game.rs:257 on ThreadId(3)

  2026-07-13T00:07:23.058141Z DEBUG  Assigned hole #26 to x/y position 4/4
    at src/game.rs:257 on ThreadId(3)

  2026-07-13T00:07:23.058151Z DEBUG  Assigned hole #27 to x/y position 5/4
    at src/game.rs:257 on ThreadId(3)

  2026-07-13T00:07:23.058161Z  INFO  Naming 28 moles and assigning them to holes
    at src/game.rs:185 on ThreadId(3)

  2026-07-13T00:07:23.058175Z DEBUG  Assigned mole Alexis to hole at x/y 5/0
    at src/game.rs:205 on ThreadId(3)

  2026-07-13T00:07:23.058190Z DEBUG  Assigned mole Peter to hole at x/y 2/3
    at src/game.rs:205 on ThreadId(3)

  2026-07-13T00:07:23.058201Z DEBUG  Assigned mole Gloria to hole at x/y 3/0
    at src/game.rs:205 on ThreadId(3)

  2026-07-13T00:07:23.058213Z DEBUG  Assigned mole Carol to hole at x/y 4/4
    at src/game.rs:205 on ThreadId(3)

  2026-07-13T00:07:23.058225Z DEBUG  Assigned mole Jessica to hole at x/y 5/2
    at src/game.rs:205 on ThreadId(3)

  2026-07-13T00:07:23.058238Z DEBUG  Assigned mole Lori to hole at x/y 3/1
    at src/game.rs:205 on ThreadId(3)

  2026-07-13T00:07:23.058250Z DEBUG  Assigned mole Henry to hole at x/y 1/4
    at src/game.rs:205 on ThreadId(3)

  2026-07-13T00:07:23.058261Z DEBUG  Assigned mole Michelle to hole at x/y 4/0
    at src/game.rs:205 on ThreadId(3)

  2026-07-13T00:07:23.058272Z DEBUG  Assigned mole Sharon to hole at x/y 3/3
    at src/game.rs:205 on ThreadId(3)

  2026-07-13T00:07:23.058284Z DEBUG  Assigned mole Russell to hole at x/y 1/3
    at src/game.rs:205 on ThreadId(3)

  2026-07-13T00:07:23.058295Z DEBUG  Assigned mole Jack to hole at x/y 3/2
    at src/game.rs:205 on ThreadId(3)

  2026-07-13T00:07:23.058307Z DEBUG  Assigned mole Frank to hole at x/y 4/2
    at src/game.rs:205 on ThreadId(3)

  2026-07-13T00:07:23.058318Z DEBUG  Assigned mole Barbara to hole at x/y 1/0
    at src/game.rs:205 on ThreadId(3)

  2026-07-13T00:07:23.058330Z DEBUG  Assigned mole Grace to hole at x/y 5/4
    at src/game.rs:205 on ThreadId(3)

  2026-07-13T00:07:23.058342Z DEBUG  Assigned mole Ryan to hole at x/y 0/4
    at src/game.rs:205 on ThreadId(3)

  2026-07-13T00:07:23.058352Z DEBUG  Assigned mole Cheryl to hole at x/y 2/1
    at src/game.rs:205 on ThreadId(3)

  2026-07-13T00:07:23.058363Z DEBUG  Assigned mole Jason to hole at x/y 0/3
    at src/game.rs:205 on ThreadId(3)

  2026-07-13T00:07:23.058375Z DEBUG  Assigned mole Matthew to hole at x/y 3/4
    at src/game.rs:205 on ThreadId(3)

  2026-07-13T00:07:23.058387Z DEBUG  Assigned mole Maria to hole at x/y 2/0
    at src/game.rs:205 on ThreadId(3)

  2026-07-13T00:07:23.058397Z DEBUG  Assigned mole Aaron to hole at x/y 2/4
    at src/game.rs:205 on ThreadId(3)

  2026-07-13T00:07:23.058407Z DEBUG  Assigned mole Gary to hole at x/y 0/2
    at src/game.rs:205 on ThreadId(3)

  2026-07-13T00:07:23.058417Z DEBUG  Assigned mole Jaq to hole at x/y 1/1
    at src/game.rs:205 on ThreadId(3)

  2026-07-13T00:07:23.058426Z DEBUG  Assigned mole Thomas to hole at x/y 0/1
    at src/game.rs:205 on ThreadId(3)

  2026-07-13T00:07:23.058436Z DEBUG  Assigned mole Douglas to hole at x/y 4/1
    at src/game.rs:205 on ThreadId(3)

  2026-07-13T00:07:23.058456Z DEBUG  Assigned mole Kelly to hole at x/y 0/0
    at src/game.rs:205 on ThreadId(3)

  2026-07-13T00:07:23.058466Z DEBUG  Assigned mole Evelyn to hole at x/y 2/2
    at src/game.rs:205 on ThreadId(3)

  2026-07-13T00:07:23.058476Z DEBUG  Assigned mole Judith to hole at x/y 1/2
    at src/game.rs:205 on ThreadId(3)

  2026-07-13T00:07:23.058485Z DEBUG  Assigned mole Joseph to hole at x/y 4/3
    at src/game.rs:205 on ThreadId(3)

  2026-07-13T00:07:23.142294Z  INFO  Increasing number of moles from 28 to 29
    at src/game.rs:157 on ThreadId(11)

  2026-07-13T00:07:23.142314Z  INFO  Generating 29 moles
    at src/game.rs:238 on ThreadId(11)

  2026-07-13T00:07:23.142326Z  INFO  Increasing number of holes from 28 to 29
    at src/game.rs:164 on ThreadId(11)

  2026-07-13T00:07:23.142335Z  INFO  Generating 29 holes
    at src/game.rs:244 on ThreadId(11)

  2026-07-13T00:07:23.142343Z DEBUG  Assigned hole #0 to x/y position 0/0
    at src/game.rs:257 on ThreadId(11)

  2026-07-13T00:07:23.142352Z DEBUG  Assigned hole #1 to x/y position 1/0
    at src/game.rs:257 on ThreadId(11)

  2026-07-13T00:07:23.142360Z DEBUG  Assigned hole #2 to x/y position 2/0
    at src/game.rs:257 on ThreadId(11)

  2026-07-13T00:07:23.142369Z DEBUG  Assigned hole #3 to x/y position 3/0
    at src/game.rs:257 on ThreadId(11)

  2026-07-13T00:07:23.142377Z DEBUG  Assigned hole #4 to x/y position 4/0
    at src/game.rs:257 on ThreadId(11)

  2026-07-13T00:07:23.142386Z DEBUG  Assigned hole #5 to x/y position 5/0
    at src/game.rs:257 on ThreadId(11)

  2026-07-13T00:07:23.142394Z DEBUG  Assigned hole #6 to x/y position 0/1
    at src/game.rs:257 on ThreadId(11)

  2026-07-13T00:07:23.142402Z DEBUG  Assigned hole #7 to x/y position 1/1
    at src/game.rs:257 on ThreadId(11)

  2026-07-13T00:07:23.142410Z DEBUG  Assigned hole #8 to x/y position 2/1
    at src/game.rs:257 on ThreadId(11)

  2026-07-13T00:07:23.142419Z DEBUG  Assigned hole #9 to x/y position 3/1
    at src/game.rs:257 on ThreadId(11)

  2026-07-13T00:07:23.142427Z DEBUG  Assigned hole #10 to x/y position 4/1
    at src/game.rs:257 on ThreadId(11)

  2026-07-13T00:07:23.142436Z DEBUG  Assigned hole #11 to x/y position 0/2
    at src/game.rs:257 on ThreadId(11)

  2026-07-13T00:07:23.142444Z DEBUG  Assigned hole #12 to x/y position 1/2
    at src/game.rs:257 on ThreadId(11)

  2026-07-13T00:07:23.142452Z DEBUG  Assigned hole #13 to x/y position 2/2
    at src/game.rs:257 on ThreadId(11)

  2026-07-13T00:07:23.142460Z DEBUG  Assigned hole #14 to x/y position 3/2
    at src/game.rs:257 on ThreadId(11)

  2026-07-13T00:07:23.142468Z DEBUG  Assigned hole #15 to x/y position 4/2
    at src/game.rs:257 on ThreadId(11)

  2026-07-13T00:07:23.142476Z DEBUG  Assigned hole #16 to x/y position 5/2
    at src/game.rs:257 on ThreadId(11)

  2026-07-13T00:07:23.142484Z DEBUG  Assigned hole #17 to x/y position 0/3
    at src/game.rs:257 on ThreadId(11)

  2026-07-13T00:07:23.142493Z DEBUG  Assigned hole #18 to x/y position 1/3
    at src/game.rs:257 on ThreadId(11)

  2026-07-13T00:07:23.142501Z DEBUG  Assigned hole #19 to x/y position 2/3
    at src/game.rs:257 on ThreadId(11)

  2026-07-13T00:07:23.142510Z DEBUG  Assigned hole #20 to x/y position 3/3
    at src/game.rs:257 on ThreadId(11)

  2026-07-13T00:07:23.142519Z DEBUG  Assigned hole #21 to x/y position 4/3
    at src/game.rs:257 on ThreadId(11)

  2026-07-13T00:07:23.142529Z DEBUG  Assigned hole #22 to x/y position 0/4
    at src/game.rs:257 on ThreadId(11)

  2026-07-13T00:07:23.142537Z DEBUG  Assigned hole #23 to x/y position 1/4
    at src/game.rs:257 on ThreadId(11)

  2026-07-13T00:07:23.142545Z DEBUG  Assigned hole #24 to x/y position 2/4
    at src/game.rs:257 on ThreadId(11)

  2026-07-13T00:07:23.142553Z DEBUG  Assigned hole #25 to x/y position 3/4
    at src/game.rs:257 on ThreadId(11)

  2026-07-13T00:07:23.142561Z DEBUG  Assigned hole #26 to x/y position 4/4
    at src/game.rs:257 on ThreadId(11)

  2026-07-13T00:07:23.142569Z DEBUG  Assigned hole #27 to x/y position 5/4
    at src/game.rs:257 on ThreadId(11)

  2026-07-13T00:07:23.142579Z DEBUG  Assigned hole #28 to x/y position 0/5
    at src/game.rs:257 on ThreadId(11)

  2026-07-13T00:07:23.142588Z  INFO  Naming 29 moles and assigning them to holes
    at src/game.rs:185 on ThreadId(11)

  2026-07-13T00:07:23.142601Z DEBUG  Assigned mole Bryan to hole at x/y 2/2
    at src/game.rs:205 on ThreadId(11)

  2026-07-13T00:07:23.142613Z DEBUG  Assigned mole Ryan to hole at x/y 2/4
    at src/game.rs:205 on ThreadId(11)

  2026-07-13T00:07:23.142624Z DEBUG  Assigned mole Samantha to hole at x/y 2/1
    at src/game.rs:205 on ThreadId(11)

  2026-07-13T00:07:23.142635Z DEBUG  Assigned mole Diane to hole at x/y 0/0
    at src/game.rs:205 on ThreadId(11)

  2026-07-13T00:07:23.142647Z DEBUG  Assigned mole Lisa to hole at x/y 3/1
    at src/game.rs:205 on ThreadId(11)

  2026-07-13T00:07:23.142658Z DEBUG  Assigned mole Debra to hole at x/y 4/1
    at src/game.rs:205 on ThreadId(11)

  2026-07-13T00:07:23.142672Z DEBUG  Assigned mole Willie to hole at x/y 2/3
    at src/game.rs:205 on ThreadId(11)

  2026-07-13T00:07:23.142684Z DEBUG  Assigned mole Sandra to hole at x/y 4/2
    at src/game.rs:205 on ThreadId(11)

  2026-07-13T00:07:23.142694Z DEBUG  Assigned mole Isabella to hole at x/y 3/0
    at src/game.rs:205 on ThreadId(11)

  2026-07-13T00:07:23.142706Z DEBUG  Assigned mole Jessica to hole at x/y 3/4
    at src/game.rs:205 on ThreadId(11)

  2026-07-13T00:07:23.142717Z DEBUG  Assigned mole Megan to hole at x/y 0/4
    at src/game.rs:205 on ThreadId(11)

  2026-07-13T00:07:23.142728Z DEBUG  Assigned mole Howard to hole at x/y 1/1
    at src/game.rs:205 on ThreadId(11)

  2026-07-13T00:07:23.142739Z DEBUG  Assigned mole Edward to hole at x/y 0/3
    at src/game.rs:205 on ThreadId(11)

  2026-07-13T00:07:23.142751Z DEBUG  Assigned mole Lauren to hole at x/y 1/4
    at src/game.rs:205 on ThreadId(11)

  2026-07-13T00:07:23.142764Z DEBUG  Assigned mole Isabella to hole at x/y 4/4
    at src/game.rs:205 on ThreadId(11)

  2026-07-13T00:07:23.142775Z DEBUG  Assigned mole Jason to hole at x/y 4/3
    at src/game.rs:205 on ThreadId(11)

  2026-07-13T00:07:23.142786Z DEBUG  Assigned mole Laura to hole at x/y 5/2
    at src/game.rs:205 on ThreadId(11)

  2026-07-13T00:07:23.142796Z DEBUG  Assigned mole Vincent to hole at x/y 3/2
    at src/game.rs:205 on ThreadId(11)

  2026-07-13T00:07:23.142807Z DEBUG  Assigned mole Anna to hole at x/y 1/2
    at src/game.rs:205 on ThreadId(11)

  2026-07-13T00:07:23.142820Z DEBUG  Assigned mole Diane to hole at x/y 0/2
    at src/game.rs:205 on ThreadId(11)

  2026-07-13T00:07:23.142830Z DEBUG  Assigned mole Barbara to hole at x/y 3/3
    at src/game.rs:205 on ThreadId(11)

  2026-07-13T00:07:23.142842Z DEBUG  Assigned mole Roy to hole at x/y 1/3
    at src/game.rs:205 on ThreadId(11)

  2026-07-13T00:07:23.142853Z DEBUG  Assigned mole Alice to hole at x/y 0/1
    at src/game.rs:205 on ThreadId(11)

  2026-07-13T00:07:23.142874Z DEBUG  Assigned mole Donna to hole at x/y 1/0
    at src/game.rs:205 on ThreadId(11)

  2026-07-13T00:07:23.142884Z DEBUG  Assigned mole Jeremy to hole at x/y 5/0
    at src/game.rs:205 on ThreadId(11)

  2026-07-13T00:07:23.142893Z DEBUG  Assigned mole Noah to hole at x/y 0/5
    at src/game.rs:205 on ThreadId(11)

  2026-07-13T00:07:23.142903Z DEBUG  Assigned mole Sarah to hole at x/y 4/0
    at src/game.rs:205 on ThreadId(11)

  2026-07-13T00:07:23.142912Z DEBUG  Assigned mole Patrick to hole at x/y 2/0
    at src/game.rs:205 on ThreadId(11)

  2026-07-13T00:07:23.142922Z DEBUG  Assigned mole Bruce to hole at x/y 5/4
    at src/game.rs:205 on ThreadId(11)

  2026-07-13T00:07:23.226490Z  INFO  Increasing number of moles from 29 to 30
    at src/game.rs:157 on ThreadId(3)

  2026-07-13T00:07:23.226508Z  INFO  Generating 30 moles
    at src/game.rs:238 on ThreadId(3)

  2026-07-13T00:07:23.226520Z  INFO  Increasing number of holes from 29 to 30
    at src/game.rs:164 on ThreadId(3)

  2026-07-13T00:07:23.226529Z  INFO  Generating 30 holes
    at src/game.rs:244 on ThreadId(3)

  2026-07-13T00:07:23.226537Z DEBUG  Assigned hole #0 to x/y position 0/0
    at src/game.rs:257 on ThreadId(3)

  2026-07-13T00:07:23.226545Z DEBUG  Assigned hole #1 to x/y position 1/0
    at src/game.rs:257 on ThreadId(3)

  2026-07-13T00:07:23.226555Z DEBUG  Assigned hole #2 to x/y position 2/0
    at src/game.rs:257 on ThreadId(3)

  2026-07-13T00:07:23.226567Z DEBUG  Assigned hole #3 to x/y position 3/0
    at src/game.rs:257 on ThreadId(3)

  2026-07-13T00:07:23.226579Z DEBUG  Assigned hole #4 to x/y position 4/0
    at src/game.rs:257 on ThreadId(3)

  2026-07-13T00:07:23.226591Z DEBUG  Assigned hole #5 to x/y position 5/0
    at src/game.rs:257 on ThreadId(3)

  2026-07-13T00:07:23.226603Z DEBUG  Assigned hole #6 to x/y position 0/1
    at src/game.rs:257 on ThreadId(3)

  2026-07-13T00:07:23.226615Z DEBUG  Assigned hole #7 to x/y position 1/1
    at src/game.rs:257 on ThreadId(3)

  2026-07-13T00:07:23.226628Z DEBUG  Assigned hole #8 to x/y position 2/1
    at src/game.rs:257 on ThreadId(3)

  2026-07-13T00:07:23.226640Z DEBUG  Assigned hole #9 to x/y position 3/1
    at src/game.rs:257 on ThreadId(3)

  2026-07-13T00:07:23.226652Z DEBUG  Assigned hole #10 to x/y position 4/1
    at src/game.rs:257 on ThreadId(3)

  2026-07-13T00:07:23.226663Z DEBUG  Assigned hole #11 to x/y position 0/2
    at src/game.rs:257 on ThreadId(3)

  2026-07-13T00:07:23.226675Z DEBUG  Assigned hole #12 to x/y position 1/2
    at src/game.rs:257 on ThreadId(3)

  2026-07-13T00:07:23.226696Z DEBUG  Assigned hole #13 to x/y position 2/2
    at src/game.rs:257 on ThreadId(3)

  2026-07-13T00:07:23.226707Z DEBUG  Assigned hole #14 to x/y position 3/2
    at src/game.rs:257 on ThreadId(3)

  2026-07-13T00:07:23.226719Z DEBUG  Assigned hole #15 to x/y position 4/2
    at src/game.rs:257 on ThreadId(3)

  2026-07-13T00:07:23.226731Z DEBUG  Assigned hole #16 to x/y position 5/2
    at src/game.rs:257 on ThreadId(3)

  2026-07-13T00:07:23.226746Z DEBUG  Assigned hole #17 to x/y position 0/3
    at src/game.rs:257 on ThreadId(3)

  2026-07-13T00:07:23.226758Z DEBUG  Assigned hole #18 to x/y position 1/3
    at src/game.rs:257 on ThreadId(3)

  2026-07-13T00:07:23.226770Z DEBUG  Assigned hole #19 to x/y position 2/3
    at src/game.rs:257 on ThreadId(3)

  2026-07-13T00:07:23.226782Z DEBUG  Assigned hole #20 to x/y position 3/3
    at src/game.rs:257 on ThreadId(3)

  2026-07-13T00:07:23.226794Z DEBUG  Assigned hole #21 to x/y position 4/3
    at src/game.rs:257 on ThreadId(3)

  2026-07-13T00:07:23.226806Z DEBUG  Assigned hole #22 to x/y position 0/4
    at src/game.rs:257 on ThreadId(3)

  2026-07-13T00:07:23.226817Z DEBUG  Assigned hole #23 to x/y position 1/4
    at src/game.rs:257 on ThreadId(3)

  2026-07-13T00:07:23.226827Z DEBUG  Assigned hole #24 to x/y position 2/4
    at src/game.rs:257 on ThreadId(3)

  2026-07-13T00:07:23.226839Z DEBUG  Assigned hole #25 to x/y position 3/4
    at src/game.rs:257 on ThreadId(3)

  2026-07-13T00:07:23.226852Z DEBUG  Assigned hole #26 to x/y position 4/4
    at src/game.rs:257 on ThreadId(3)

  2026-07-13T00:07:23.226864Z DEBUG  Assigned hole #27 to x/y position 5/4
    at src/game.rs:257 on ThreadId(3)

  2026-07-13T00:07:23.226876Z DEBUG  Assigned hole #28 to x/y position 0/5
    at src/game.rs:257 on ThreadId(3)

  2026-07-13T00:07:23.226888Z DEBUG  Assigned hole #29 to x/y position 1/5
    at src/game.rs:257 on ThreadId(3)

  2026-07-13T00:07:23.226900Z  INFO  Naming 30 moles and assigning them to holes
    at src/game.rs:185 on ThreadId(3)

  2026-07-13T00:07:23.226916Z DEBUG  Assigned mole Billy to hole at x/y 4/4
    at src/game.rs:205 on ThreadId(3)

  2026-07-13T00:07:23.226931Z DEBUG  Assigned mole Katherine to hole at x/y 0/1
    at src/game.rs:205 on ThreadId(3)

  2026-07-13T00:07:23.226947Z DEBUG  Assigned mole Justin to hole at x/y 4/2
    at src/game.rs:205 on ThreadId(3)

  2026-07-13T00:07:23.226958Z DEBUG  Assigned mole Pamela to hole at x/y 4/1
    at src/game.rs:205 on ThreadId(3)

  2026-07-13T00:07:23.226969Z DEBUG  Assigned mole Jordan to hole at x/y 1/3
    at src/game.rs:205 on ThreadId(3)

  2026-07-13T00:07:23.226981Z DEBUG  Assigned mole Andrew to hole at x/y 1/1
    at src/game.rs:205 on ThreadId(3)

  2026-07-13T00:07:23.226992Z DEBUG  Assigned mole Vincent to hole at x/y 0/0
    at src/game.rs:205 on ThreadId(3)

  2026-07-13T00:07:23.227004Z DEBUG  Assigned mole Justin to hole at x/y 2/1
    at src/game.rs:205 on ThreadId(3)

  2026-07-13T00:07:23.227015Z DEBUG  Assigned mole Martha to hole at x/y 3/2
    at src/game.rs:205 on ThreadId(3)

  2026-07-13T00:07:23.227027Z DEBUG  Assigned mole Emma to hole at x/y 5/4
    at src/game.rs:205 on ThreadId(3)

  2026-07-13T00:07:23.227038Z DEBUG  Assigned mole Joan to hole at x/y 3/4
    at src/game.rs:205 on ThreadId(3)

  2026-07-13T00:07:23.227049Z DEBUG  Assigned mole Jose to hole at x/y 5/0
    at src/game.rs:205 on ThreadId(3)

  2026-07-13T00:07:23.227060Z DEBUG  Assigned mole John to hole at x/y 2/3
    at src/game.rs:205 on ThreadId(3)

  2026-07-13T00:07:23.227074Z DEBUG  Assigned mole Danielle to hole at x/y 2/4
    at src/game.rs:205 on ThreadId(3)

  2026-07-13T00:07:23.227092Z DEBUG  Assigned mole Donna to hole at x/y 1/5
    at src/game.rs:205 on ThreadId(3)

  2026-07-13T00:07:23.227102Z DEBUG  Assigned mole Douglas to hole at x/y 0/5
    at src/game.rs:205 on ThreadId(3)

  2026-07-13T00:07:23.227120Z DEBUG  Assigned mole Jeffrey to hole at x/y 1/4
    at src/game.rs:205 on ThreadId(3)

  2026-07-13T00:07:23.227130Z DEBUG  Assigned mole Roy to hole at x/y 0/2
    at src/game.rs:205 on ThreadId(3)

  2026-07-13T00:07:23.227141Z DEBUG  Assigned mole Lawrence to hole at x/y 5/2
    at src/game.rs:205 on ThreadId(3)

  2026-07-13T00:07:23.227151Z DEBUG  Assigned mole Danielle to hole at x/y 3/0
    at src/game.rs:205 on ThreadId(3)

  2026-07-13T00:07:23.227161Z DEBUG  Assigned mole Abigail to hole at x/y 1/0
    at src/game.rs:205 on ThreadId(3)

  2026-07-13T00:07:23.227172Z DEBUG  Assigned mole Diane to hole at x/y 2/2
    at src/game.rs:205 on ThreadId(3)

  2026-07-13T00:07:23.227194Z DEBUG  Assigned mole Marilyn to hole at x/y 0/4
    at src/game.rs:205 on ThreadId(3)

  2026-07-13T00:07:23.227205Z DEBUG  Assigned mole Harold to hole at x/y 1/2
    at src/game.rs:205 on ThreadId(3)

  2026-07-13T00:07:23.227215Z DEBUG  Assigned mole Douglas to hole at x/y 3/1
    at src/game.rs:205 on ThreadId(3)

  2026-07-13T00:07:23.227225Z DEBUG  Assigned mole Amber to hole at x/y 4/3
    at src/game.rs:205 on ThreadId(3)

  2026-07-13T00:07:23.227234Z DEBUG  Assigned mole Sarah to hole at x/y 4/0
    at src/game.rs:205 on ThreadId(3)

  2026-07-13T00:07:23.227244Z DEBUG  Assigned mole Jennifer to hole at x/y 0/3
    at src/game.rs:205 on ThreadId(3)

  2026-07-13T00:07:23.227253Z DEBUG  Assigned mole Kayla to hole at x/y 2/0
    at src/game.rs:205 on ThreadId(3)

  2026-07-13T00:07:23.227262Z DEBUG  Assigned mole Jordan to hole at x/y 3/3
    at src/game.rs:205 on ThreadId(3)

  2026-07-13T00:07:23.310519Z  INFO  Increasing number of moles from 30 to 31
    at src/game.rs:157 on ThreadId(9)

  2026-07-13T00:07:23.310537Z  INFO  Generating 31 moles
    at src/game.rs:238 on ThreadId(9)

  2026-07-13T00:07:23.310549Z  INFO  Increasing number of holes from 30 to 31
    at src/game.rs:164 on ThreadId(9)

  2026-07-13T00:07:23.310558Z  INFO  Generating 31 holes
    at src/game.rs:244 on ThreadId(9)

  2026-07-13T00:07:23.310567Z DEBUG  Assigned hole #0 to x/y position 0/0
    at src/game.rs:257 on ThreadId(9)

  2026-07-13T00:07:23.310575Z DEBUG  Assigned hole #1 to x/y position 1/0
    at src/game.rs:257 on ThreadId(9)

  2026-07-13T00:07:23.310583Z DEBUG  Assigned hole #2 to x/y position 2/0
    at src/game.rs:257 on ThreadId(9)

  2026-07-13T00:07:23.310591Z DEBUG  Assigned hole #3 to x/y position 3/0
    at src/game.rs:257 on ThreadId(9)

  2026-07-13T00:07:23.310599Z DEBUG  Assigned hole #4 to x/y position 4/0
    at src/game.rs:257 on ThreadId(9)

  2026-07-13T00:07:23.310607Z DEBUG  Assigned hole #5 to x/y position 5/0
    at src/game.rs:257 on ThreadId(9)

  2026-07-13T00:07:23.310615Z DEBUG  Assigned hole #6 to x/y position 0/1
    at src/game.rs:257 on ThreadId(9)

  2026-07-13T00:07:23.310623Z DEBUG  Assigned hole #7 to x/y position 1/1
    at src/game.rs:257 on ThreadId(9)

  2026-07-13T00:07:23.310631Z DEBUG  Assigned hole #8 to x/y position 2/1
    at src/game.rs:257 on ThreadId(9)

  2026-07-13T00:07:23.310639Z DEBUG  Assigned hole #9 to x/y position 3/1
    at src/game.rs:257 on ThreadId(9)

  2026-07-13T00:07:23.310647Z DEBUG  Assigned hole #10 to x/y position 4/1
    at src/game.rs:257 on ThreadId(9)

  2026-07-13T00:07:23.310655Z DEBUG  Assigned hole #11 to x/y position 0/2
    at src/game.rs:257 on ThreadId(9)

  2026-07-13T00:07:23.310663Z DEBUG  Assigned hole #12 to x/y position 1/2
    at src/game.rs:257 on ThreadId(9)

  2026-07-13T00:07:23.310670Z DEBUG  Assigned hole #13 to x/y position 2/2
    at src/game.rs:257 on ThreadId(9)

  2026-07-13T00:07:23.310679Z DEBUG  Assigned hole #14 to x/y position 3/2
    at src/game.rs:257 on ThreadId(9)

  2026-07-13T00:07:23.310686Z DEBUG  Assigned hole #15 to x/y position 4/2
    at src/game.rs:257 on ThreadId(9)

  2026-07-13T00:07:23.310695Z DEBUG  Assigned hole #16 to x/y position 5/2
    at src/game.rs:257 on ThreadId(9)

  2026-07-13T00:07:23.310703Z DEBUG  Assigned hole #17 to x/y position 0/3
    at src/game.rs:257 on ThreadId(9)

  2026-07-13T00:07:23.310711Z DEBUG  Assigned hole #18 to x/y position 1/3
    at src/game.rs:257 on ThreadId(9)

  2026-07-13T00:07:23.310718Z DEBUG  Assigned hole #19 to x/y position 2/3
    at src/game.rs:257 on ThreadId(9)

  2026-07-13T00:07:23.310727Z DEBUG  Assigned hole #20 to x/y position 3/3
    at src/game.rs:257 on ThreadId(9)

  2026-07-13T00:07:23.310735Z DEBUG  Assigned hole #21 to x/y position 4/3
    at src/game.rs:257 on ThreadId(9)

  2026-07-13T00:07:23.310742Z DEBUG  Assigned hole #22 to x/y position 0/4
    at src/game.rs:257 on ThreadId(9)

  2026-07-13T00:07:23.310751Z DEBUG  Assigned hole #23 to x/y position 1/4
    at src/game.rs:257 on ThreadId(9)

  2026-07-13T00:07:23.310759Z DEBUG  Assigned hole #24 to x/y position 2/4
    at src/game.rs:257 on ThreadId(9)

  2026-07-13T00:07:23.310767Z DEBUG  Assigned hole #25 to x/y position 3/4
    at src/game.rs:257 on ThreadId(9)

  2026-07-13T00:07:23.310774Z DEBUG  Assigned hole #26 to x/y position 4/4
    at src/game.rs:257 on ThreadId(9)

  2026-07-13T00:07:23.310782Z DEBUG  Assigned hole #27 to x/y position 5/4
    at src/game.rs:257 on ThreadId(9)

  2026-07-13T00:07:23.310790Z DEBUG  Assigned hole #28 to x/y position 0/5
    at src/game.rs:257 on ThreadId(9)

  2026-07-13T00:07:23.310798Z DEBUG  Assigned hole #29 to x/y position 1/5
    at src/game.rs:257 on ThreadId(9)

  2026-07-13T00:07:23.310806Z DEBUG  Assigned hole #30 to x/y position 2/5
    at src/game.rs:257 on ThreadId(9)

  2026-07-13T00:07:23.310815Z  INFO  Naming 31 moles and assigning them to holes
    at src/game.rs:185 on ThreadId(9)

  2026-07-13T00:07:23.310827Z DEBUG  Assigned mole Alan to hole at x/y 5/0
    at src/game.rs:205 on ThreadId(9)

  2026-07-13T00:07:23.310838Z DEBUG  Assigned mole Keith to hole at x/y 0/0
    at src/game.rs:205 on ThreadId(9)

  2026-07-13T00:07:23.310850Z DEBUG  Assigned mole Nicole to hole at x/y 2/4
    at src/game.rs:205 on ThreadId(9)

  2026-07-13T00:07:23.310861Z DEBUG  Assigned mole Austin to hole at x/y 2/3
    at src/game.rs:205 on ThreadId(9)

  2026-07-13T00:07:23.310872Z DEBUG  Assigned mole Christian to hole at x/y 2/0
    at src/game.rs:205 on ThreadId(9)

  2026-07-13T00:07:23.310883Z DEBUG  Assigned mole Edward to hole at x/y 3/3
    at src/game.rs:205 on ThreadId(9)

  2026-07-13T00:07:23.310895Z DEBUG  Assigned mole Carol to hole at x/y 2/5
    at src/game.rs:205 on ThreadId(9)

  2026-07-13T00:07:23.310906Z DEBUG  Assigned mole Patrick to hole at x/y 5/4
    at src/game.rs:205 on ThreadId(9)

  2026-07-13T00:07:23.310918Z DEBUG  Assigned mole Nicholas to hole at x/y 1/5
    at src/game.rs:205 on ThreadId(9)

  2026-07-13T00:07:23.310929Z DEBUG  Assigned mole Evelyn to hole at x/y 0/3
    at src/game.rs:205 on ThreadId(9)

  2026-07-13T00:07:23.310941Z DEBUG  Assigned mole Theresa to hole at x/y 1/3
    at src/game.rs:205 on ThreadId(9)

  2026-07-13T00:07:23.310952Z DEBUG  Assigned mole Linda to hole at x/y 4/4
    at src/game.rs:205 on ThreadId(9)

  2026-07-13T00:07:23.310963Z DEBUG  Assigned mole Howard to hole at x/y 1/4
    at src/game.rs:205 on ThreadId(9)

  2026-07-13T00:07:23.310973Z DEBUG  Assigned mole Andrea to hole at x/y 1/2
    at src/game.rs:205 on ThreadId(9)

  2026-07-13T00:07:23.310984Z DEBUG  Assigned mole Rebecca to hole at x/y 3/2
    at src/game.rs:205 on ThreadId(9)

  2026-07-13T00:07:23.310995Z DEBUG  Assigned mole Henry to hole at x/y 4/0
    at src/game.rs:205 on ThreadId(9)

  2026-07-13T00:07:23.311006Z DEBUG  Assigned mole Debra to hole at x/y 3/1
    at src/game.rs:205 on ThreadId(9)

  2026-07-13T00:07:23.311016Z DEBUG  Assigned mole Louis to hole at x/y 4/1
    at src/game.rs:205 on ThreadId(9)

  2026-07-13T00:07:23.311026Z DEBUG  Assigned mole Matthew to hole at x/y 1/0
    at src/game.rs:205 on ThreadId(9)

  2026-07-13T00:07:23.311037Z DEBUG  Assigned mole Robert to hole at x/y 5/2
    at src/game.rs:205 on ThreadId(9)

  2026-07-13T00:07:23.311048Z DEBUG  Assigned mole Beverly to hole at x/y 0/4
    at src/game.rs:205 on ThreadId(9)

  2026-07-13T00:07:23.311059Z DEBUG  Assigned mole Sara to hole at x/y 2/2
    at src/game.rs:205 on ThreadId(9)

  2026-07-13T00:07:23.311071Z DEBUG  Assigned mole Jack to hole at x/y 3/4
    at src/game.rs:205 on ThreadId(9)

  2026-07-13T00:07:23.311081Z DEBUG  Assigned mole Julia to hole at x/y 1/1
    at src/game.rs:205 on ThreadId(9)

  2026-07-13T00:07:23.311102Z DEBUG  Assigned mole Amy to hole at x/y 0/2
    at src/game.rs:205 on ThreadId(9)

  2026-07-13T00:07:23.311112Z DEBUG  Assigned mole Sara to hole at x/y 0/1
    at src/game.rs:205 on ThreadId(9)

  2026-07-13T00:07:23.311125Z DEBUG  Assigned mole Linda to hole at x/y 4/3
    at src/game.rs:205 on ThreadId(9)

  2026-07-13T00:07:23.311135Z DEBUG  Assigned mole Stephen to hole at x/y 3/0
    at src/game.rs:205 on ThreadId(9)

  2026-07-13T00:07:23.311146Z DEBUG  Assigned mole Patrick to hole at x/y 2/1
    at src/game.rs:205 on ThreadId(9)

  2026-07-13T00:07:23.311156Z DEBUG  Assigned mole Dorothy to hole at x/y 0/5
    at src/game.rs:205 on ThreadId(9)

  2026-07-13T00:07:23.311165Z DEBUG  Assigned mole Patricia to hole at x/y 4/2
    at src/game.rs:205 on ThreadId(9)

  2026-07-13T00:07:23.394585Z  INFO  Increasing number of moles from 31 to 32
    at src/game.rs:157 on ThreadId(3)

  2026-07-13T00:07:23.394603Z  INFO  Generating 32 moles
    at src/game.rs:238 on ThreadId(3)

  2026-07-13T00:07:23.394616Z  INFO  Increasing number of holes from 31 to 32
    at src/game.rs:164 on ThreadId(3)

  2026-07-13T00:07:23.394625Z  INFO  Generating 32 holes
    at src/game.rs:244 on ThreadId(3)

  2026-07-13T00:07:23.394632Z DEBUG  Assigned hole #0 to x/y position 0/0
    at src/game.rs:257 on ThreadId(3)

  2026-07-13T00:07:23.394642Z DEBUG  Assigned hole #1 to x/y position 1/0
    at src/game.rs:257 on ThreadId(3)

  2026-07-13T00:07:23.394650Z DEBUG  Assigned hole #2 to x/y position 2/0
    at src/game.rs:257 on ThreadId(3)

  2026-07-13T00:07:23.394658Z DEBUG  Assigned hole #3 to x/y position 3/0
    at src/game.rs:257 on ThreadId(3)

  2026-07-13T00:07:23.394668Z DEBUG  Assigned hole #4 to x/y position 4/0
    at src/game.rs:257 on ThreadId(3)

  2026-07-13T00:07:23.394678Z DEBUG  Assigned hole #5 to x/y position 5/0
    at src/game.rs:257 on ThreadId(3)

  2026-07-13T00:07:23.394686Z DEBUG  Assigned hole #6 to x/y position 0/1
    at src/game.rs:257 on ThreadId(3)

  2026-07-13T00:07:23.394694Z DEBUG  Assigned hole #7 to x/y position 1/1
    at src/game.rs:257 on ThreadId(3)

  2026-07-13T00:07:23.394702Z DEBUG  Assigned hole #8 to x/y position 2/1
    at src/game.rs:257 on ThreadId(3)

  2026-07-13T00:07:23.394712Z DEBUG  Assigned hole #9 to x/y position 3/1
    at src/game.rs:257 on ThreadId(3)

  2026-07-13T00:07:23.394723Z DEBUG  Assigned hole #10 to x/y position 4/1
    at src/game.rs:257 on ThreadId(3)

  2026-07-13T00:07:23.394730Z DEBUG  Assigned hole #11 to x/y position 0/2
    at src/game.rs:257 on ThreadId(3)

  2026-07-13T00:07:23.394738Z DEBUG  Assigned hole #12 to x/y position 1/2
    at src/game.rs:257 on ThreadId(3)

  2026-07-13T00:07:23.394746Z DEBUG  Assigned hole #13 to x/y position 2/2
    at src/game.rs:257 on ThreadId(3)

  2026-07-13T00:07:23.394754Z DEBUG  Assigned hole #14 to x/y position 3/2
    at src/game.rs:257 on ThreadId(3)

  2026-07-13T00:07:23.394762Z DEBUG  Assigned hole #15 to x/y position 4/2
    at src/game.rs:257 on ThreadId(3)

  2026-07-13T00:07:23.394770Z DEBUG  Assigned hole #16 to x/y position 5/2
    at src/game.rs:257 on ThreadId(3)

  2026-07-13T00:07:23.394778Z DEBUG  Assigned hole #17 to x/y position 0/3
    at src/game.rs:257 on ThreadId(3)

  2026-07-13T00:07:23.394786Z DEBUG  Assigned hole #18 to x/y position 1/3
    at src/game.rs:257 on ThreadId(3)

  2026-07-13T00:07:23.394794Z DEBUG  Assigned hole #19 to x/y position 2/3
    at src/game.rs:257 on ThreadId(3)

  2026-07-13T00:07:23.394802Z DEBUG  Assigned hole #20 to x/y position 3/3
    at src/game.rs:257 on ThreadId(3)

  2026-07-13T00:07:23.394810Z DEBUG  Assigned hole #21 to x/y position 4/3
    at src/game.rs:257 on ThreadId(3)

  2026-07-13T00:07:23.394818Z DEBUG  Assigned hole #22 to x/y position 0/4
    at src/game.rs:257 on ThreadId(3)

  2026-07-13T00:07:23.394826Z DEBUG  Assigned hole #23 to x/y position 1/4
    at src/game.rs:257 on ThreadId(3)

  2026-07-13T00:07:23.394834Z DEBUG  Assigned hole #24 to x/y position 2/4
    at src/game.rs:257 on ThreadId(3)

  2026-07-13T00:07:23.394842Z DEBUG  Assigned hole #25 to x/y position 3/4
    at src/game.rs:257 on ThreadId(3)

  2026-07-13T00:07:23.394850Z DEBUG  Assigned hole #26 to x/y position 4/4
    at src/game.rs:257 on ThreadId(3)

  2026-07-13T00:07:23.394860Z DEBUG  Assigned hole #27 to x/y position 5/4
    at src/game.rs:257 on ThreadId(3)

  2026-07-13T00:07:23.394871Z DEBUG  Assigned hole #28 to x/y position 0/5
    at src/game.rs:257 on ThreadId(3)

  2026-07-13T00:07:23.394880Z DEBUG  Assigned hole #29 to x/y position 1/5
    at src/game.rs:257 on ThreadId(3)

  2026-07-13T00:07:23.394888Z DEBUG  Assigned hole #30 to x/y position 2/5
    at src/game.rs:257 on ThreadId(3)

  2026-07-13T00:07:23.394895Z DEBUG  Assigned hole #31 to x/y position 3/5
    at src/game.rs:257 on ThreadId(3)

  2026-07-13T00:07:23.394903Z  INFO  Naming 32 moles and assigning them to holes
    at src/game.rs:185 on ThreadId(3)

  2026-07-13T00:07:23.394916Z DEBUG  Assigned mole Johnny to hole at x/y 3/1
    at src/game.rs:205 on ThreadId(3)

  2026-07-13T00:07:23.394928Z DEBUG  Assigned mole Jerry to hole at x/y 4/1
    at src/game.rs:205 on ThreadId(3)

  2026-07-13T00:07:23.394942Z DEBUG  Assigned mole Jason to hole at x/y 2/1
    at src/game.rs:205 on ThreadId(3)

  2026-07-13T00:07:23.394955Z DEBUG  Assigned mole Lori to hole at x/y 0/4
    at src/game.rs:205 on ThreadId(3)

  2026-07-13T00:07:23.394967Z DEBUG  Assigned mole Teresa to hole at x/y 0/3
    at src/game.rs:205 on ThreadId(3)

  2026-07-13T00:07:23.394978Z DEBUG  Assigned mole Lauren to hole at x/y 5/4
    at src/game.rs:205 on ThreadId(3)

  2026-07-13T00:07:23.394990Z DEBUG  Assigned mole Marie to hole at x/y 1/2
    at src/game.rs:205 on ThreadId(3)

  2026-07-13T00:07:23.395001Z DEBUG  Assigned mole Karen to hole at x/y 5/2
    at src/game.rs:205 on ThreadId(3)

  2026-07-13T00:07:23.395013Z DEBUG  Assigned mole Eric to hole at x/y 1/1
    at src/game.rs:205 on ThreadId(3)

  2026-07-13T00:07:23.395024Z DEBUG  Assigned mole Theresa to hole at x/y 4/0
    at src/game.rs:205 on ThreadId(3)

  2026-07-13T00:07:23.395035Z DEBUG  Assigned mole Jesse to hole at x/y 5/0
    at src/game.rs:205 on ThreadId(3)

  2026-07-13T00:07:23.395046Z DEBUG  Assigned mole Nancy to hole at x/y 1/0
    at src/game.rs:205 on ThreadId(3)

  2026-07-13T00:07:23.395060Z DEBUG  Assigned mole Alan to hole at x/y 2/2
    at src/game.rs:205 on ThreadId(3)

  2026-07-13T00:07:23.395075Z DEBUG  Assigned mole Jesse to hole at x/y 2/5
    at src/game.rs:205 on ThreadId(3)

  2026-07-13T00:07:23.395090Z DEBUG  Assigned mole Jacob to hole at x/y 3/3
    at src/game.rs:205 on ThreadId(3)

  2026-07-13T00:07:23.395104Z DEBUG  Assigned mole Christopher to hole at x/y 0/1
    at src/game.rs:205 on ThreadId(3)

  2026-07-13T00:07:23.395126Z DEBUG  Assigned mole Randy to hole at x/y 2/4
    at src/game.rs:205 on ThreadId(3)

  2026-07-13T00:07:23.395150Z DEBUG  Assigned mole Frank to hole at x/y 0/2
    at src/game.rs:205 on ThreadId(3)

  2026-07-13T00:07:23.395165Z DEBUG  Assigned mole Arthur to hole at x/y 4/4
    at src/game.rs:205 on ThreadId(3)

  2026-07-13T00:07:23.395179Z DEBUG  Assigned mole Ryan to hole at x/y 4/3
    at src/game.rs:205 on ThreadId(3)

  2026-07-13T00:07:23.395196Z DEBUG  Assigned mole Samantha to hole at x/y 1/3
    at src/game.rs:205 on ThreadId(3)

  2026-07-13T00:07:23.395211Z DEBUG  Assigned mole Patricia to hole at x/y 0/5
    at src/game.rs:205 on ThreadId(3)

  2026-07-13T00:07:23.395225Z DEBUG  Assigned mole Dennis to hole at x/y 0/0
    at src/game.rs:205 on ThreadId(3)

  2026-07-13T00:07:23.395239Z DEBUG  Assigned mole Bryan to hole at x/y 2/0
    at src/game.rs:205 on ThreadId(3)

  2026-07-13T00:07:23.395253Z DEBUG  Assigned mole Raymond to hole at x/y 1/4
    at src/game.rs:205 on ThreadId(3)

  2026-07-13T00:07:23.395268Z DEBUG  Assigned mole Susan to hole at x/y 1/5
    at src/game.rs:205 on ThreadId(3)

  2026-07-13T00:07:23.395281Z DEBUG  Assigned mole Heather to hole at x/y 3/2
    at src/game.rs:205 on ThreadId(3)

  2026-07-13T00:07:23.395295Z DEBUG  Assigned mole Nicole to hole at x/y 2/3
    at src/game.rs:205 on ThreadId(3)

  2026-07-13T00:07:23.395309Z DEBUG  Assigned mole Patricia to hole at x/y 3/4
    at src/game.rs:205 on ThreadId(3)

  2026-07-13T00:07:23.395323Z DEBUG  Assigned mole Kyle to hole at x/y 3/0
    at src/game.rs:205 on ThreadId(3)

  2026-07-13T00:07:23.395352Z DEBUG  Assigned mole Amber to hole at x/y 3/5
    at src/game.rs:205 on ThreadId(3)

  2026-07-13T00:07:23.395365Z DEBUG  Assigned mole Joseph to hole at x/y 4/2
    at src/game.rs:205 on ThreadId(3)

  2026-07-13T00:07:23.479014Z  INFO  Increasing number of moles from 32 to 33
    at src/game.rs:157 on ThreadId(9)

  2026-07-13T00:07:23.479033Z  INFO  Generating 33 moles
    at src/game.rs:238 on ThreadId(9)

  2026-07-13T00:07:23.479045Z  INFO  Increasing number of holes from 32 to 33
    at src/game.rs:164 on ThreadId(9)

  2026-07-13T00:07:23.479055Z  INFO  Generating 33 holes
    at src/game.rs:244 on ThreadId(9)

  2026-07-13T00:07:23.479065Z DEBUG  Assigned hole #0 to x/y position 0/0
    at src/game.rs:257 on ThreadId(9)

  2026-07-13T00:07:23.479075Z DEBUG  Assigned hole #1 to x/y position 1/0
    at src/game.rs:257 on ThreadId(9)

  2026-07-13T00:07:23.479083Z DEBUG  Assigned hole #2 to x/y position 2/0
    at src/game.rs:257 on ThreadId(9)

  2026-07-13T00:07:23.479091Z DEBUG  Assigned hole #3 to x/y position 3/0
    at src/game.rs:257 on ThreadId(9)

  2026-07-13T00:07:23.479099Z DEBUG  Assigned hole #4 to x/y position 4/0
    at src/game.rs:257 on ThreadId(9)

  2026-07-13T00:07:23.479107Z DEBUG  Assigned hole #5 to x/y position 5/0
    at src/game.rs:257 on ThreadId(9)

  2026-07-13T00:07:23.479115Z DEBUG  Assigned hole #6 to x/y position 0/1
    at src/game.rs:257 on ThreadId(9)

  2026-07-13T00:07:23.479123Z DEBUG  Assigned hole #7 to x/y position 1/1
    at src/game.rs:257 on ThreadId(9)

  2026-07-13T00:07:23.479131Z DEBUG  Assigned hole #8 to x/y position 2/1
    at src/game.rs:257 on ThreadId(9)

  2026-07-13T00:07:23.479138Z DEBUG  Assigned hole #9 to x/y position 3/1
    at src/game.rs:257 on ThreadId(9)

  2026-07-13T00:07:23.479147Z DEBUG  Assigned hole #10 to x/y position 4/1
    at src/game.rs:257 on ThreadId(9)

  2026-07-13T00:07:23.479154Z DEBUG  Assigned hole #11 to x/y position 0/2
    at src/game.rs:257 on ThreadId(9)

  2026-07-13T00:07:23.479162Z DEBUG  Assigned hole #12 to x/y position 1/2
    at src/game.rs:257 on ThreadId(9)

  2026-07-13T00:07:23.479170Z DEBUG  Assigned hole #13 to x/y position 2/2
    at src/game.rs:257 on ThreadId(9)

  2026-07-13T00:07:23.479178Z DEBUG  Assigned hole #14 to x/y position 3/2
    at src/game.rs:257 on ThreadId(9)

  2026-07-13T00:07:23.479186Z DEBUG  Assigned hole #15 to x/y position 4/2
    at src/game.rs:257 on ThreadId(9)

  2026-07-13T00:07:23.479194Z DEBUG  Assigned hole #16 to x/y position 5/2
    at src/game.rs:257 on ThreadId(9)

  2026-07-13T00:07:23.479201Z DEBUG  Assigned hole #17 to x/y position 0/3
    at src/game.rs:257 on ThreadId(9)

  2026-07-13T00:07:23.479209Z DEBUG  Assigned hole #18 to x/y position 1/3
    at src/game.rs:257 on ThreadId(9)

  2026-07-13T00:07:23.479218Z DEBUG  Assigned hole #19 to x/y position 2/3
    at src/game.rs:257 on ThreadId(9)

  2026-07-13T00:07:23.479229Z DEBUG  Assigned hole #20 to x/y position 3/3
    at src/game.rs:257 on ThreadId(9)

  2026-07-13T00:07:23.479240Z DEBUG  Assigned hole #21 to x/y position 4/3
    at src/game.rs:257 on ThreadId(9)

  2026-07-13T00:07:23.479252Z DEBUG  Assigned hole #22 to x/y position 0/4
    at src/game.rs:257 on ThreadId(9)

  2026-07-13T00:07:23.479264Z DEBUG  Assigned hole #23 to x/y position 1/4
    at src/game.rs:257 on ThreadId(9)

  2026-07-13T00:07:23.479276Z DEBUG  Assigned hole #24 to x/y position 2/4
    at src/game.rs:257 on ThreadId(9)

  2026-07-13T00:07:23.479288Z DEBUG  Assigned hole #25 to x/y position 3/4
    at src/game.rs:257 on ThreadId(9)

  2026-07-13T00:07:23.479299Z DEBUG  Assigned hole #26 to x/y position 4/4
    at src/game.rs:257 on ThreadId(9)

  2026-07-13T00:07:23.479311Z DEBUG  Assigned hole #27 to x/y position 5/4
    at src/game.rs:257 on ThreadId(9)

  2026-07-13T00:07:23.479323Z DEBUG  Assigned hole #28 to x/y position 0/5
    at src/game.rs:257 on ThreadId(9)

  2026-07-13T00:07:23.479335Z DEBUG  Assigned hole #29 to x/y position 1/5
    at src/game.rs:257 on ThreadId(9)

  2026-07-13T00:07:23.479346Z DEBUG  Assigned hole #30 to x/y position 2/5
    at src/game.rs:257 on ThreadId(9)

  2026-07-13T00:07:23.479356Z DEBUG  Assigned hole #31 to x/y position 3/5
    at src/game.rs:257 on ThreadId(9)

  2026-07-13T00:07:23.479368Z DEBUG  Assigned hole #32 to x/y position 4/5
    at src/game.rs:257 on ThreadId(9)

  2026-07-13T00:07:23.479380Z  INFO  Naming 33 moles and assigning them to holes
    at src/game.rs:185 on ThreadId(9)

  2026-07-13T00:07:23.479397Z DEBUG  Assigned mole Willie to hole at x/y 0/3
    at src/game.rs:205 on ThreadId(9)

  2026-07-13T00:07:23.479412Z DEBUG  Assigned mole Terry to hole at x/y 1/4
    at src/game.rs:205 on ThreadId(9)

  2026-07-13T00:07:23.479428Z DEBUG  Assigned mole Maria to hole at x/y 4/1
    at src/game.rs:205 on ThreadId(9)

  2026-07-13T00:07:23.479444Z DEBUG  Assigned mole Kayla to hole at x/y 1/3
    at src/game.rs:205 on ThreadId(9)

  2026-07-13T00:07:23.479459Z DEBUG  Assigned mole Ralph to hole at x/y 0/4
    at src/game.rs:205 on ThreadId(9)

  2026-07-13T00:07:23.479475Z DEBUG  Assigned mole Kevin to hole at x/y 2/3
    at src/game.rs:205 on ThreadId(9)

  2026-07-13T00:07:23.479490Z DEBUG  Assigned mole Jordan to hole at x/y 3/0
    at src/game.rs:205 on ThreadId(9)

  2026-07-13T00:07:23.479505Z DEBUG  Assigned mole Matthew to hole at x/y 2/1
    at src/game.rs:205 on ThreadId(9)

  2026-07-13T00:07:23.479520Z DEBUG  Assigned mole Dennis to hole at x/y 0/2
    at src/game.rs:205 on ThreadId(9)

  2026-07-13T00:07:23.479535Z DEBUG  Assigned mole Bobby to hole at x/y 4/2
    at src/game.rs:205 on ThreadId(9)

  2026-07-13T00:07:23.479551Z DEBUG  Assigned mole Sean to hole at x/y 3/1
    at src/game.rs:205 on ThreadId(9)

  2026-07-13T00:07:23.479565Z DEBUG  Assigned mole Shirley to hole at x/y 1/1
    at src/game.rs:205 on ThreadId(9)

  2026-07-13T00:07:23.479577Z DEBUG  Assigned mole Judy to hole at x/y 5/4
    at src/game.rs:205 on ThreadId(9)

  2026-07-13T00:07:23.479592Z DEBUG  Assigned mole Russell to hole at x/y 0/0
    at src/game.rs:205 on ThreadId(9)

  2026-07-13T00:07:23.479607Z DEBUG  Assigned mole Richard to hole at x/y 5/2
    at src/game.rs:205 on ThreadId(9)

  2026-07-13T00:07:23.479618Z DEBUG  Assigned mole Bradley to hole at x/y 5/0
    at src/game.rs:205 on ThreadId(9)

  2026-07-13T00:07:23.479628Z DEBUG  Assigned mole George to hole at x/y 0/5
    at src/game.rs:205 on ThreadId(9)

  2026-07-13T00:07:23.479647Z DEBUG  Assigned mole Harold to hole at x/y 1/5
    at src/game.rs:205 on ThreadId(9)

  2026-07-13T00:07:23.479669Z DEBUG  Assigned mole Beverly to hole at x/y 2/5
    at src/game.rs:205 on ThreadId(9)

  2026-07-13T00:07:23.479680Z DEBUG  Assigned mole Samuel to hole at x/y 3/4
    at src/game.rs:205 on ThreadId(9)

  2026-07-13T00:07:23.479691Z DEBUG  Assigned mole Frank to hole at x/y 3/3
    at src/game.rs:205 on ThreadId(9)

  2026-07-13T00:07:23.479701Z DEBUG  Assigned mole Dorothy to hole at x/y 4/4
    at src/game.rs:205 on ThreadId(9)

  2026-07-13T00:07:23.479711Z DEBUG  Assigned mole Andrew to hole at x/y 4/5
    at src/game.rs:205 on ThreadId(9)

  2026-07-13T00:07:23.479722Z DEBUG  Assigned mole Albert to hole at x/y 3/5
    at src/game.rs:205 on ThreadId(9)

  2026-07-13T00:07:23.479731Z DEBUG  Assigned mole Lisa to hole at x/y 0/1
    at src/game.rs:205 on ThreadId(9)

  2026-07-13T00:07:23.479742Z DEBUG  Assigned mole Amanda to hole at x/y 2/2
    at src/game.rs:205 on ThreadId(9)

  2026-07-13T00:07:23.479752Z DEBUG  Assigned mole Sean to hole at x/y 2/4
    at src/game.rs:205 on ThreadId(9)

  2026-07-13T00:07:23.479765Z DEBUG  Assigned mole Jonathan to hole at x/y 2/0
    at src/game.rs:205 on ThreadId(9)

  2026-07-13T00:07:23.479779Z DEBUG  Assigned mole Grace to hole at x/y 4/0
    at src/game.rs:205 on ThreadId(9)

  2026-07-13T00:07:23.479788Z DEBUG  Assigned mole Theresa to hole at x/y 4/3
    at src/game.rs:205 on ThreadId(9)

  2026-07-13T00:07:23.479798Z DEBUG  Assigned mole Stephanie to hole at x/y 1/0
    at src/game.rs:205 on ThreadId(9)

  2026-07-13T00:07:23.479807Z DEBUG  Assigned mole Jaq to hole at x/y 3/2
    at src/game.rs:205 on ThreadId(9)

  2026-07-13T00:07:23.479818Z DEBUG  Assigned mole Juan to hole at x/y 1/2
    at src/game.rs:205 on ThreadId(9)

  2026-07-13T00:07:23.562843Z  INFO  Increasing number of moles from 33 to 34
    at src/game.rs:157 on ThreadId(3)

  2026-07-13T00:07:23.562878Z  INFO  Generating 34 moles
    at src/game.rs:238 on ThreadId(3)

  2026-07-13T00:07:23.562892Z  INFO  Increasing number of holes from 33 to 34
    at src/game.rs:164 on ThreadId(3)

  2026-07-13T00:07:23.562901Z  INFO  Generating 34 holes
    at src/game.rs:244 on ThreadId(3)

  2026-07-13T00:07:23.562911Z DEBUG  Assigned hole #0 to x/y position 0/0
    at src/game.rs:257 on ThreadId(3)

  2026-07-13T00:07:23.562919Z DEBUG  Assigned hole #1 to x/y position 1/0
    at src/game.rs:257 on ThreadId(3)

  2026-07-13T00:07:23.562926Z DEBUG  Assigned hole #2 to x/y position 2/0
    at src/game.rs:257 on ThreadId(3)

  2026-07-13T00:07:23.562934Z DEBUG  Assigned hole #3 to x/y position 3/0
    at src/game.rs:257 on ThreadId(3)

  2026-07-13T00:07:23.562942Z DEBUG  Assigned hole #4 to x/y position 4/0
    at src/game.rs:257 on ThreadId(3)

  2026-07-13T00:07:23.562949Z DEBUG  Assigned hole #5 to x/y position 5/0
    at src/game.rs:257 on ThreadId(3)

  2026-07-13T00:07:23.562957Z DEBUG  Assigned hole #6 to x/y position 0/1
    at src/game.rs:257 on ThreadId(3)

  2026-07-13T00:07:23.562964Z DEBUG  Assigned hole #7 to x/y position 1/1
    at src/game.rs:257 on ThreadId(3)

  2026-07-13T00:07:23.562972Z DEBUG  Assigned hole #8 to x/y position 2/1
    at src/game.rs:257 on ThreadId(3)

  2026-07-13T00:07:23.562980Z DEBUG  Assigned hole #9 to x/y position 3/1
    at src/game.rs:257 on ThreadId(3)

  2026-07-13T00:07:23.562987Z DEBUG  Assigned hole #10 to x/y position 4/1
    at src/game.rs:257 on ThreadId(3)

  2026-07-13T00:07:23.562995Z DEBUG  Assigned hole #11 to x/y position 0/2
    at src/game.rs:257 on ThreadId(3)

  2026-07-13T00:07:23.563002Z DEBUG  Assigned hole #12 to x/y position 1/2
    at src/game.rs:257 on ThreadId(3)

  2026-07-13T00:07:23.563010Z DEBUG  Assigned hole #13 to x/y position 2/2
    at src/game.rs:257 on ThreadId(3)

  2026-07-13T00:07:23.563017Z DEBUG  Assigned hole #14 to x/y position 3/2
    at src/game.rs:257 on ThreadId(3)

  2026-07-13T00:07:23.563025Z DEBUG  Assigned hole #15 to x/y position 4/2
    at src/game.rs:257 on ThreadId(3)

  2026-07-13T00:07:23.563035Z DEBUG  Assigned hole #16 to x/y position 5/2
    at src/game.rs:257 on ThreadId(3)

  2026-07-13T00:07:23.563045Z DEBUG  Assigned hole #17 to x/y position 0/3
    at src/game.rs:257 on ThreadId(3)

  2026-07-13T00:07:23.563056Z DEBUG  Assigned hole #18 to x/y position 1/3
    at src/game.rs:257 on ThreadId(3)

  2026-07-13T00:07:23.563068Z DEBUG  Assigned hole #19 to x/y position 2/3
    at src/game.rs:257 on ThreadId(3)

  2026-07-13T00:07:23.563080Z DEBUG  Assigned hole #20 to x/y position 3/3
    at src/game.rs:257 on ThreadId(3)

  2026-07-13T00:07:23.563091Z DEBUG  Assigned hole #21 to x/y position 4/3
    at src/game.rs:257 on ThreadId(3)

  2026-07-13T00:07:23.563103Z DEBUG  Assigned hole #22 to x/y position 0/4
    at src/game.rs:257 on ThreadId(3)

  2026-07-13T00:07:23.563115Z DEBUG  Assigned hole #23 to x/y position 1/4
    at src/game.rs:257 on ThreadId(3)

  2026-07-13T00:07:23.563127Z DEBUG  Assigned hole #24 to x/y position 2/4
    at src/game.rs:257 on ThreadId(3)

  2026-07-13T00:07:23.563139Z DEBUG  Assigned hole #25 to x/y position 3/4
    at src/game.rs:257 on ThreadId(3)

  2026-07-13T00:07:23.563150Z DEBUG  Assigned hole #26 to x/y position 4/4
    at src/game.rs:257 on ThreadId(3)

  2026-07-13T00:07:23.563162Z DEBUG  Assigned hole #27 to x/y position 5/4
    at src/game.rs:257 on ThreadId(3)

  2026-07-13T00:07:23.563174Z DEBUG  Assigned hole #28 to x/y position 0/5
    at src/game.rs:257 on ThreadId(3)

  2026-07-13T00:07:23.563185Z DEBUG  Assigned hole #29 to x/y position 1/5
    at src/game.rs:257 on ThreadId(3)

  2026-07-13T00:07:23.563197Z DEBUG  Assigned hole #30 to x/y position 2/5
    at src/game.rs:257 on ThreadId(3)

  2026-07-13T00:07:23.563213Z DEBUG  Assigned hole #31 to x/y position 3/5
    at src/game.rs:257 on ThreadId(3)

  2026-07-13T00:07:23.563225Z DEBUG  Assigned hole #32 to x/y position 4/5
    at src/game.rs:257 on ThreadId(3)

  2026-07-13T00:07:23.563237Z DEBUG  Assigned hole #33 to x/y position 0/6
    at src/game.rs:257 on ThreadId(3)

  2026-07-13T00:07:23.563250Z  INFO  Naming 34 moles and assigning them to holes
    at src/game.rs:185 on ThreadId(3)

  2026-07-13T00:07:23.563266Z DEBUG  Assigned mole William to hole at x/y 5/0
    at src/game.rs:205 on ThreadId(3)

  2026-07-13T00:07:23.563282Z DEBUG  Assigned mole Sandra to hole at x/y 3/1
    at src/game.rs:205 on ThreadId(3)

  2026-07-13T00:07:23.563298Z DEBUG  Assigned mole Nancy to hole at x/y 1/4
    at src/game.rs:205 on ThreadId(3)

  2026-07-13T00:07:23.563313Z DEBUG  Assigned mole Nancy to hole at x/y 0/3
    at src/game.rs:205 on ThreadId(3)

  2026-07-13T00:07:23.563329Z DEBUG  Assigned mole Diana to hole at x/y 2/0
    at src/game.rs:205 on ThreadId(3)

  2026-07-13T00:07:23.563344Z DEBUG  Assigned mole Bradley to hole at x/y 0/1
    at src/game.rs:205 on ThreadId(3)

  2026-07-13T00:07:23.563360Z DEBUG  Assigned mole Marie to hole at x/y 5/4
    at src/game.rs:205 on ThreadId(3)

  2026-07-13T00:07:23.563375Z DEBUG  Assigned mole Gloria to hole at x/y 0/2
    at src/game.rs:205 on ThreadId(3)

  2026-07-13T00:07:23.563391Z DEBUG  Assigned mole Carolyn to hole at x/y 4/0
    at src/game.rs:205 on ThreadId(3)

  2026-07-13T00:07:23.563406Z DEBUG  Assigned mole Richard to hole at x/y 4/4
    at src/game.rs:205 on ThreadId(3)

  2026-07-13T00:07:23.563422Z DEBUG  Assigned mole Betty to hole at x/y 3/4
    at src/game.rs:205 on ThreadId(3)

  2026-07-13T00:07:23.563444Z DEBUG  Assigned mole Sharon to hole at x/y 0/5
    at src/game.rs:205 on ThreadId(3)

  2026-07-13T00:07:23.563455Z DEBUG  Assigned mole Amy to hole at x/y 5/2
    at src/game.rs:205 on ThreadId(3)

  2026-07-13T00:07:23.563466Z DEBUG  Assigned mole Andrew to hole at x/y 4/2
    at src/game.rs:205 on ThreadId(3)

  2026-07-13T00:07:23.563477Z DEBUG  Assigned mole Kathleen to hole at x/y 2/5
    at src/game.rs:205 on ThreadId(3)

  2026-07-13T00:07:23.563488Z DEBUG  Assigned mole Deborah to hole at x/y 0/0
    at src/game.rs:205 on ThreadId(3)

  2026-07-13T00:07:23.563498Z DEBUG  Assigned mole Jerry to hole at x/y 3/2
    at src/game.rs:205 on ThreadId(3)

  2026-07-13T00:07:23.563509Z DEBUG  Assigned mole William to hole at x/y 1/1
    at src/game.rs:205 on ThreadId(3)

  2026-07-13T00:07:23.563520Z DEBUG  Assigned mole Dennis to hole at x/y 2/2
    at src/game.rs:205 on ThreadId(3)

  2026-07-13T00:07:23.563531Z DEBUG  Assigned mole Maria to hole at x/y 0/4
    at src/game.rs:205 on ThreadId(3)

  2026-07-13T00:07:23.563542Z DEBUG  Assigned mole Zachary to hole at x/y 3/5
    at src/game.rs:205 on ThreadId(3)

  2026-07-13T00:07:23.563556Z DEBUG  Assigned mole Kathryn to hole at x/y 0/6
    at src/game.rs:205 on ThreadId(3)

  2026-07-13T00:07:23.563567Z DEBUG  Assigned mole Johnny to hole at x/y 1/0
    at src/game.rs:205 on ThreadId(3)

  2026-07-13T00:07:23.563577Z DEBUG  Assigned mole Sophia to hole at x/y 3/3
    at src/game.rs:205 on ThreadId(3)

  2026-07-13T00:07:23.563587Z DEBUG  Assigned mole Zachary to hole at x/y 4/3
    at src/game.rs:205 on ThreadId(3)

  2026-07-13T00:07:23.563598Z DEBUG  Assigned mole Donald to hole at x/y 4/1
    at src/game.rs:205 on ThreadId(3)

  2026-07-13T00:07:23.563608Z DEBUG  Assigned mole Nicole to hole at x/y 1/2
    at src/game.rs:205 on ThreadId(3)

  2026-07-13T00:07:23.563618Z DEBUG  Assigned mole Catherine to hole at x/y 4/5
    at src/game.rs:205 on ThreadId(3)

  2026-07-13T00:07:23.563628Z DEBUG  Assigned mole Sean to hole at x/y 1/5
    at src/game.rs:205 on ThreadId(3)

  2026-07-13T00:07:23.563637Z DEBUG  Assigned mole Albert to hole at x/y 2/1
    at src/game.rs:205 on ThreadId(3)

  2026-07-13T00:07:23.563647Z DEBUG  Assigned mole Kathryn to hole at x/y 2/4
    at src/game.rs:205 on ThreadId(3)

  2026-07-13T00:07:23.563657Z DEBUG  Assigned mole Austin to hole at x/y 1/3
    at src/game.rs:205 on ThreadId(3)

  2026-07-13T00:07:23.563666Z DEBUG  Assigned mole Scott to hole at x/y 2/3
    at src/game.rs:205 on ThreadId(3)

  2026-07-13T00:07:23.563675Z DEBUG  Assigned mole Cheryl to hole at x/y 3/0
    at src/game.rs:205 on ThreadId(3)

  2026-07-13T00:07:23.646063Z  INFO  Increasing number of moles from 34 to 35
    at src/game.rs:157 on ThreadId(9)

  2026-07-13T00:07:23.646096Z  INFO  Generating 35 moles
    at src/game.rs:238 on ThreadId(9)

  2026-07-13T00:07:23.646109Z  INFO  Increasing number of holes from 34 to 35
    at src/game.rs:164 on ThreadId(9)

  2026-07-13T00:07:23.646117Z  INFO  Generating 35 holes
    at src/game.rs:244 on ThreadId(9)

  2026-07-13T00:07:23.646125Z DEBUG  Assigned hole #0 to x/y position 0/0
    at src/game.rs:257 on ThreadId(9)

  2026-07-13T00:07:23.646133Z DEBUG  Assigned hole #1 to x/y position 1/0
    at src/game.rs:257 on ThreadId(9)

  2026-07-13T00:07:23.646142Z DEBUG  Assigned hole #2 to x/y position 2/0
    at src/game.rs:257 on ThreadId(9)

  2026-07-13T00:07:23.646150Z DEBUG  Assigned hole #3 to x/y position 3/0
    at src/game.rs:257 on ThreadId(9)

  2026-07-13T00:07:23.646158Z DEBUG  Assigned hole #4 to x/y position 4/0
    at src/game.rs:257 on ThreadId(9)

  2026-07-13T00:07:23.646166Z DEBUG  Assigned hole #5 to x/y position 5/0
    at src/game.rs:257 on ThreadId(9)

  2026-07-13T00:07:23.646174Z DEBUG  Assigned hole #6 to x/y position 0/1
    at src/game.rs:257 on ThreadId(9)

  2026-07-13T00:07:23.646181Z DEBUG  Assigned hole #7 to x/y position 1/1
    at src/game.rs:257 on ThreadId(9)

  2026-07-13T00:07:23.646189Z DEBUG  Assigned hole #8 to x/y position 2/1
    at src/game.rs:257 on ThreadId(9)

  2026-07-13T00:07:23.646197Z DEBUG  Assigned hole #9 to x/y position 3/1
    at src/game.rs:257 on ThreadId(9)

  2026-07-13T00:07:23.646205Z DEBUG  Assigned hole #10 to x/y position 4/1
    at src/game.rs:257 on ThreadId(9)

  2026-07-13T00:07:23.646213Z DEBUG  Assigned hole #11 to x/y position 0/2
    at src/game.rs:257 on ThreadId(9)

  2026-07-13T00:07:23.646221Z DEBUG  Assigned hole #12 to x/y position 1/2
    at src/game.rs:257 on ThreadId(9)

  2026-07-13T00:07:23.646230Z DEBUG  Assigned hole #13 to x/y position 2/2
    at src/game.rs:257 on ThreadId(9)

  2026-07-13T00:07:23.646239Z DEBUG  Assigned hole #14 to x/y position 3/2
    at src/game.rs:257 on ThreadId(9)

  2026-07-13T00:07:23.646246Z DEBUG  Assigned hole #15 to x/y position 4/2
    at src/game.rs:257 on ThreadId(9)

  2026-07-13T00:07:23.646253Z DEBUG  Assigned hole #16 to x/y position 5/2
    at src/game.rs:257 on ThreadId(9)

  2026-07-13T00:07:23.646261Z DEBUG  Assigned hole #17 to x/y position 0/3
    at src/game.rs:257 on ThreadId(9)

  2026-07-13T00:07:23.646270Z DEBUG  Assigned hole #18 to x/y position 1/3
    at src/game.rs:257 on ThreadId(9)

  2026-07-13T00:07:23.646279Z DEBUG  Assigned hole #19 to x/y position 2/3
    at src/game.rs:257 on ThreadId(9)

  2026-07-13T00:07:23.646287Z DEBUG  Assigned hole #20 to x/y position 3/3
    at src/game.rs:257 on ThreadId(9)

  2026-07-13T00:07:23.646296Z DEBUG  Assigned hole #21 to x/y position 4/3
    at src/game.rs:257 on ThreadId(9)

  2026-07-13T00:07:23.646304Z DEBUG  Assigned hole #22 to x/y position 0/4
    at src/game.rs:257 on ThreadId(9)

  2026-07-13T00:07:23.646311Z DEBUG  Assigned hole #23 to x/y position 1/4
    at src/game.rs:257 on ThreadId(9)

  2026-07-13T00:07:23.646318Z DEBUG  Assigned hole #24 to x/y position 2/4
    at src/game.rs:257 on ThreadId(9)

  2026-07-13T00:07:23.646326Z DEBUG  Assigned hole #25 to x/y position 3/4
    at src/game.rs:257 on ThreadId(9)

  2026-07-13T00:07:23.646333Z DEBUG  Assigned hole #26 to x/y position 4/4
    at src/game.rs:257 on ThreadId(9)

  2026-07-13T00:07:23.646340Z DEBUG  Assigned hole #27 to x/y position 5/4
    at src/game.rs:257 on ThreadId(9)

  2026-07-13T00:07:23.646348Z DEBUG  Assigned hole #28 to x/y position 0/5
    at src/game.rs:257 on ThreadId(9)

  2026-07-13T00:07:23.646356Z DEBUG  Assigned hole #29 to x/y position 1/5
    at src/game.rs:257 on ThreadId(9)

  2026-07-13T00:07:23.646363Z DEBUG  Assigned hole #30 to x/y position 2/5
    at src/game.rs:257 on ThreadId(9)

  2026-07-13T00:07:23.646370Z DEBUG  Assigned hole #31 to x/y position 3/5
    at src/game.rs:257 on ThreadId(9)

  2026-07-13T00:07:23.646378Z DEBUG  Assigned hole #32 to x/y position 4/5
    at src/game.rs:257 on ThreadId(9)

  2026-07-13T00:07:23.646386Z DEBUG  Assigned hole #33 to x/y position 0/6
    at src/game.rs:257 on ThreadId(9)

  2026-07-13T00:07:23.646393Z DEBUG  Assigned hole #34 to x/y position 1/6
    at src/game.rs:257 on ThreadId(9)

  2026-07-13T00:07:23.646401Z  INFO  Naming 35 moles and assigning them to holes
    at src/game.rs:185 on ThreadId(9)

  2026-07-13T00:07:23.646413Z DEBUG  Assigned mole Arthur to hole at x/y 4/5
    at src/game.rs:205 on ThreadId(9)

  2026-07-13T00:07:23.646425Z DEBUG  Assigned mole Andrea to hole at x/y 1/2
    at src/game.rs:205 on ThreadId(9)

  2026-07-13T00:07:23.646438Z DEBUG  Assigned mole Eugene to hole at x/y 1/4
    at src/game.rs:205 on ThreadId(9)

  2026-07-13T00:07:23.646449Z DEBUG  Assigned mole Julie to hole at x/y 4/2
    at src/game.rs:205 on ThreadId(9)

  2026-07-13T00:07:23.646460Z DEBUG  Assigned mole Kenneth to hole at x/y 2/4
    at src/game.rs:205 on ThreadId(9)

  2026-07-13T00:07:23.646470Z DEBUG  Assigned mole Christian to hole at x/y 0/2
    at src/game.rs:205 on ThreadId(9)

  2026-07-13T00:07:23.646482Z DEBUG  Assigned mole Edward to hole at x/y 4/3
    at src/game.rs:205 on ThreadId(9)

  2026-07-13T00:07:23.646493Z DEBUG  Assigned mole Mary to hole at x/y 3/5
    at src/game.rs:205 on ThreadId(9)

  2026-07-13T00:07:23.646505Z DEBUG  Assigned mole Howard to hole at x/y 2/5
    at src/game.rs:205 on ThreadId(9)

  2026-07-13T00:07:23.646517Z DEBUG  Assigned mole Mark to hole at x/y 3/3
    at src/game.rs:205 on ThreadId(9)

  2026-07-13T00:07:23.646530Z DEBUG  Assigned mole Scott to hole at x/y 0/0
    at src/game.rs:205 on ThreadId(9)

  2026-07-13T00:07:23.646550Z DEBUG  Assigned mole Emma to hole at x/y 0/1
    at src/game.rs:205 on ThreadId(9)

  2026-07-13T00:07:23.646561Z DEBUG  Assigned mole Isabella to hole at x/y 3/1
    at src/game.rs:205 on ThreadId(9)

  2026-07-13T00:07:23.646572Z DEBUG  Assigned mole Gerald to hole at x/y 2/3
    at src/game.rs:205 on ThreadId(9)

  2026-07-13T00:07:23.646582Z DEBUG  Assigned mole Julia to hole at x/y 2/0
    at src/game.rs:205 on ThreadId(9)

  2026-07-13T00:07:23.646593Z DEBUG  Assigned mole Nathan to hole at x/y 1/6
    at src/game.rs:205 on ThreadId(9)

  2026-07-13T00:07:23.646603Z DEBUG  Assigned mole Rebecca to hole at x/y 0/5
    at src/game.rs:205 on ThreadId(9)

  2026-07-13T00:07:23.646613Z DEBUG  Assigned mole Samuel to hole at x/y 5/0
    at src/game.rs:205 on ThreadId(9)

  2026-07-13T00:07:23.646628Z DEBUG  Assigned mole Ann to hole at x/y 1/3
    at src/game.rs:205 on ThreadId(9)

  2026-07-13T00:07:23.646641Z DEBUG  Assigned mole Ralph to hole at x/y 3/2
    at src/game.rs:205 on ThreadId(9)

  2026-07-13T00:07:23.646655Z DEBUG  Assigned mole Logan to hole at x/y 2/1
    at src/game.rs:205 on ThreadId(9)

  2026-07-13T00:07:23.646669Z DEBUG  Assigned mole Julie to hole at x/y 1/5
    at src/game.rs:205 on ThreadId(9)

  2026-07-13T00:07:23.646683Z DEBUG  Assigned mole Margaret to hole at x/y 4/0
    at src/game.rs:205 on ThreadId(9)

  2026-07-13T00:07:23.646697Z DEBUG  Assigned mole Timothy to hole at x/y 3/0
    at src/game.rs:205 on ThreadId(9)

  2026-07-13T00:07:23.646710Z DEBUG  Assigned mole Eric to hole at x/y 4/1
    at src/game.rs:205 on ThreadId(9)

  2026-07-13T00:07:23.646723Z DEBUG  Assigned mole Victoria to hole at x/y 3/4
    at src/game.rs:205 on ThreadId(9)

  2026-07-13T00:07:23.646736Z DEBUG  Assigned mole Joseph to hole at x/y 0/3
    at src/game.rs:205 on ThreadId(9)

  2026-07-13T00:07:23.646751Z DEBUG  Assigned mole Deborah to hole at x/y 5/4
    at src/game.rs:205 on ThreadId(9)

  2026-07-13T00:07:23.646764Z DEBUG  Assigned mole Nancy to hole at x/y 4/4
    at src/game.rs:205 on ThreadId(9)

  2026-07-13T00:07:23.646777Z DEBUG  Assigned mole Sarah to hole at x/y 5/2
    at src/game.rs:205 on ThreadId(9)

  2026-07-13T00:07:23.646790Z DEBUG  Assigned mole Lawrence to hole at x/y 1/1
    at src/game.rs:205 on ThreadId(9)

  2026-07-13T00:07:23.646802Z DEBUG  Assigned mole Brandon to hole at x/y 0/4
    at src/game.rs:205 on ThreadId(9)

  2026-07-13T00:07:23.646815Z DEBUG  Assigned mole Ronald to hole at x/y 1/0
    at src/game.rs:205 on ThreadId(9)

  2026-07-13T00:07:23.646828Z DEBUG  Assigned mole Carolyn to hole at x/y 2/2
    at src/game.rs:205 on ThreadId(9)

  2026-07-13T00:07:23.646840Z DEBUG  Assigned mole Andrea to hole at x/y 0/6
    at src/game.rs:205 on ThreadId(9)

  2026-07-13T00:07:23.730069Z  INFO  Increasing number of moles from 35 to 36
    at src/game.rs:157 on ThreadId(9)

  2026-07-13T00:07:23.730086Z  INFO  Generating 36 moles
    at src/game.rs:238 on ThreadId(9)

  2026-07-13T00:07:23.730099Z  INFO  Increasing number of holes from 35 to 36
    at src/game.rs:164 on ThreadId(9)

  2026-07-13T00:07:23.730107Z  INFO  Generating 36 holes
    at src/game.rs:244 on ThreadId(9)

  2026-07-13T00:07:23.730115Z DEBUG  Assigned hole #0 to x/y position 0/0
    at src/game.rs:257 on ThreadId(9)

  2026-07-13T00:07:23.730123Z DEBUG  Assigned hole #1 to x/y position 1/0
    at src/game.rs:257 on ThreadId(9)

  2026-07-13T00:07:23.730131Z DEBUG  Assigned hole #2 to x/y position 2/0
    at src/game.rs:257 on ThreadId(9)

  2026-07-13T00:07:23.730140Z DEBUG  Assigned hole #3 to x/y position 3/0
    at src/game.rs:257 on ThreadId(9)

  2026-07-13T00:07:23.730151Z DEBUG  Assigned hole #4 to x/y position 4/0
    at src/game.rs:257 on ThreadId(9)

  2026-07-13T00:07:23.730163Z DEBUG  Assigned hole #5 to x/y position 5/0
    at src/game.rs:257 on ThreadId(9)

  2026-07-13T00:07:23.730175Z DEBUG  Assigned hole #6 to x/y position 0/1
    at src/game.rs:257 on ThreadId(9)

  2026-07-13T00:07:23.730186Z DEBUG  Assigned hole #7 to x/y position 1/1
    at src/game.rs:257 on ThreadId(9)

  2026-07-13T00:07:23.730199Z DEBUG  Assigned hole #8 to x/y position 2/1
    at src/game.rs:257 on ThreadId(9)

  2026-07-13T00:07:23.730210Z DEBUG  Assigned hole #9 to x/y position 3/1
    at src/game.rs:257 on ThreadId(9)

  2026-07-13T00:07:23.730222Z DEBUG  Assigned hole #10 to x/y position 4/1
    at src/game.rs:257 on ThreadId(9)

  2026-07-13T00:07:23.730233Z DEBUG  Assigned hole #11 to x/y position 0/2
    at src/game.rs:257 on ThreadId(9)

  2026-07-13T00:07:23.730245Z DEBUG  Assigned hole #12 to x/y position 1/2
    at src/game.rs:257 on ThreadId(9)

  2026-07-13T00:07:23.730257Z DEBUG  Assigned hole #13 to x/y position 2/2
    at src/game.rs:257 on ThreadId(9)

  2026-07-13T00:07:23.730268Z DEBUG  Assigned hole #14 to x/y position 3/2
    at src/game.rs:257 on ThreadId(9)

  2026-07-13T00:07:23.730280Z DEBUG  Assigned hole #15 to x/y position 4/2
    at src/game.rs:257 on ThreadId(9)

  2026-07-13T00:07:23.730290Z DEBUG  Assigned hole #16 to x/y position 5/2
    at src/game.rs:257 on ThreadId(9)

  2026-07-13T00:07:23.730301Z DEBUG  Assigned hole #17 to x/y position 0/3
    at src/game.rs:257 on ThreadId(9)

  2026-07-13T00:07:23.730312Z DEBUG  Assigned hole #18 to x/y position 1/3
    at src/game.rs:257 on ThreadId(9)

  2026-07-13T00:07:23.730323Z DEBUG  Assigned hole #19 to x/y position 2/3
    at src/game.rs:257 on ThreadId(9)

  2026-07-13T00:07:23.730335Z DEBUG  Assigned hole #20 to x/y position 3/3
    at src/game.rs:257 on ThreadId(9)

  2026-07-13T00:07:23.730347Z DEBUG  Assigned hole #21 to x/y position 4/3
    at src/game.rs:257 on ThreadId(9)

  2026-07-13T00:07:23.730358Z DEBUG  Assigned hole #22 to x/y position 0/4
    at src/game.rs:257 on ThreadId(9)

  2026-07-13T00:07:23.730370Z DEBUG  Assigned hole #23 to x/y position 1/4
    at src/game.rs:257 on ThreadId(9)

  2026-07-13T00:07:23.730382Z DEBUG  Assigned hole #24 to x/y position 2/4
    at src/game.rs:257 on ThreadId(9)

  2026-07-13T00:07:23.730393Z DEBUG  Assigned hole #25 to x/y position 3/4
    at src/game.rs:257 on ThreadId(9)

  2026-07-13T00:07:23.730409Z DEBUG  Assigned hole #26 to x/y position 4/4
    at src/game.rs:257 on ThreadId(9)

  2026-07-13T00:07:23.730420Z DEBUG  Assigned hole #27 to x/y position 5/4
    at src/game.rs:257 on ThreadId(9)

  2026-07-13T00:07:23.730432Z DEBUG  Assigned hole #28 to x/y position 0/5
    at src/game.rs:257 on ThreadId(9)

  2026-07-13T00:07:23.730444Z DEBUG  Assigned hole #29 to x/y position 1/5
    at src/game.rs:257 on ThreadId(9)

  2026-07-13T00:07:23.730455Z DEBUG  Assigned hole #30 to x/y position 2/5
    at src/game.rs:257 on ThreadId(9)

  2026-07-13T00:07:23.730466Z DEBUG  Assigned hole #31 to x/y position 3/5
    at src/game.rs:257 on ThreadId(9)

  2026-07-13T00:07:23.730477Z DEBUG  Assigned hole #32 to x/y position 4/5
    at src/game.rs:257 on ThreadId(9)

  2026-07-13T00:07:23.730488Z DEBUG  Assigned hole #33 to x/y position 0/6
    at src/game.rs:257 on ThreadId(9)

  2026-07-13T00:07:23.730499Z DEBUG  Assigned hole #34 to x/y position 1/6
    at src/game.rs:257 on ThreadId(9)

  2026-07-13T00:07:23.730510Z DEBUG  Assigned hole #35 to x/y position 2/6
    at src/game.rs:257 on ThreadId(9)

  2026-07-13T00:07:23.730518Z  INFO  Naming 36 moles and assigning them to holes
    at src/game.rs:185 on ThreadId(9)

  2026-07-13T00:07:23.730530Z DEBUG  Assigned mole Sara to hole at x/y 1/0
    at src/game.rs:205 on ThreadId(9)

  2026-07-13T00:07:23.730542Z DEBUG  Assigned mole Matthew to hole at x/y 1/6
    at src/game.rs:205 on ThreadId(9)

  2026-07-13T00:07:23.730565Z DEBUG  Assigned mole Charlotte to hole at x/y 2/5
    at src/game.rs:205 on ThreadId(9)

  2026-07-13T00:07:23.730578Z DEBUG  Assigned mole Joyce to hole at x/y 0/5
    at src/game.rs:205 on ThreadId(9)

  2026-07-13T00:07:23.730588Z DEBUG  Assigned mole Nicole to hole at x/y 0/0
    at src/game.rs:205 on ThreadId(9)

  2026-07-13T00:07:23.730599Z DEBUG  Assigned mole Bobby to hole at x/y 2/2
    at src/game.rs:205 on ThreadId(9)

  2026-07-13T00:07:23.730610Z DEBUG  Assigned mole Kimberly to hole at x/y 2/6
    at src/game.rs:205 on ThreadId(9)

  2026-07-13T00:07:23.730621Z DEBUG  Assigned mole Madison to hole at x/y 2/0
    at src/game.rs:205 on ThreadId(9)

  2026-07-13T00:07:23.730632Z DEBUG  Assigned mole Nancy to hole at x/y 1/3
    at src/game.rs:205 on ThreadId(9)

  2026-07-13T00:07:23.730644Z DEBUG  Assigned mole Teresa to hole at x/y 0/2
    at src/game.rs:205 on ThreadId(9)

  2026-07-13T00:07:23.730658Z DEBUG  Assigned mole Christina to hole at x/y 0/1
    at src/game.rs:205 on ThreadId(9)

  2026-07-13T00:07:23.730669Z DEBUG  Assigned mole Kenneth to hole at x/y 3/1
    at src/game.rs:205 on ThreadId(9)

  2026-07-13T00:07:23.730679Z DEBUG  Assigned mole Kevin to hole at x/y 1/1
    at src/game.rs:205 on ThreadId(9)

  2026-07-13T00:07:23.730690Z DEBUG  Assigned mole Gabriel to hole at x/y 0/4
    at src/game.rs:205 on ThreadId(9)

  2026-07-13T00:07:23.730701Z DEBUG  Assigned mole Danielle to hole at x/y 3/0
    at src/game.rs:205 on ThreadId(9)

  2026-07-13T00:07:23.730711Z DEBUG  Assigned mole Joseph to hole at x/y 3/2
    at src/game.rs:205 on ThreadId(9)

  2026-07-13T00:07:23.730722Z DEBUG  Assigned mole Diana to hole at x/y 3/5
    at src/game.rs:205 on ThreadId(9)

  2026-07-13T00:07:23.730732Z DEBUG  Assigned mole Isabella to hole at x/y 4/3
    at src/game.rs:205 on ThreadId(9)

  2026-07-13T00:07:23.730742Z DEBUG  Assigned mole Peter to hole at x/y 5/0
    at src/game.rs:205 on ThreadId(9)

  2026-07-13T00:07:23.730753Z DEBUG  Assigned mole Carol to hole at x/y 4/2
    at src/game.rs:205 on ThreadId(9)

  2026-07-13T00:07:23.730763Z DEBUG  Assigned mole Johnny to hole at x/y 0/3
    at src/game.rs:205 on ThreadId(9)

  2026-07-13T00:07:23.730774Z DEBUG  Assigned mole Alexis to hole at x/y 3/4
    at src/game.rs:205 on ThreadId(9)

  2026-07-13T00:07:23.730784Z DEBUG  Assigned mole Julia to hole at x/y 5/2
    at src/game.rs:205 on ThreadId(9)

  2026-07-13T00:07:23.730794Z DEBUG  Assigned mole Olivia to hole at x/y 4/1
    at src/game.rs:205 on ThreadId(9)

  2026-07-13T00:07:23.730804Z DEBUG  Assigned mole Cheryl to hole at x/y 2/1
    at src/game.rs:205 on ThreadId(9)

  2026-07-13T00:07:23.730813Z DEBUG  Assigned mole Deborah to hole at x/y 0/6
    at src/game.rs:205 on ThreadId(9)

  2026-07-13T00:07:23.730833Z DEBUG  Assigned mole Abigail to hole at x/y 1/5
    at src/game.rs:205 on ThreadId(9)

  2026-07-13T00:07:23.730843Z DEBUG  Assigned mole Victoria to hole at x/y 3/3
    at src/game.rs:205 on ThreadId(9)

  2026-07-13T00:07:23.730852Z DEBUG  Assigned mole Brandon to hole at x/y 4/4
    at src/game.rs:205 on ThreadId(9)

  2026-07-13T00:07:23.730862Z DEBUG  Assigned mole Amber to hole at x/y 2/3
    at src/game.rs:205 on ThreadId(9)

  2026-07-13T00:07:23.730871Z DEBUG  Assigned mole Gerald to hole at x/y 1/4
    at src/game.rs:205 on ThreadId(9)

  2026-07-13T00:07:23.730881Z DEBUG  Assigned mole Marilyn to hole at x/y 4/5
    at src/game.rs:205 on ThreadId(9)

  2026-07-13T00:07:23.730890Z DEBUG  Assigned mole Marie to hole at x/y 4/0
    at src/game.rs:205 on ThreadId(9)

  2026-07-13T00:07:23.730903Z DEBUG  Assigned mole Kyle to hole at x/y 1/2
    at src/game.rs:205 on ThreadId(9)

  2026-07-13T00:07:23.730911Z DEBUG  Assigned mole Ann to hole at x/y 5/4
    at src/game.rs:205 on ThreadId(9)

  2026-07-13T00:07:23.730920Z DEBUG  Assigned mole Brandon to hole at x/y 2/4
    at src/game.rs:205 on ThreadId(9)

  2026-07-13T00:07:23.814302Z  INFO  Increasing number of moles from 36 to 37
    at src/game.rs:157 on ThreadId(3)

  2026-07-13T00:07:23.814318Z  INFO  Generating 37 moles
    at src/game.rs:238 on ThreadId(3)

  2026-07-13T00:07:23.814330Z  INFO  Increasing number of holes from 36 to 37
    at src/game.rs:164 on ThreadId(3)

  2026-07-13T00:07:23.814339Z  INFO  Generating 37 holes
    at src/game.rs:244 on ThreadId(3)

  2026-07-13T00:07:23.814346Z DEBUG  Assigned hole #0 to x/y position 0/0
    at src/game.rs:257 on ThreadId(3)

  2026-07-13T00:07:23.814354Z DEBUG  Assigned hole #1 to x/y position 1/0
    at src/game.rs:257 on ThreadId(3)

  2026-07-13T00:07:23.814363Z DEBUG  Assigned hole #2 to x/y position 2/0
    at src/game.rs:257 on ThreadId(3)

  2026-07-13T00:07:23.814371Z DEBUG  Assigned hole #3 to x/y position 3/0
    at src/game.rs:257 on ThreadId(3)

  2026-07-13T00:07:23.814379Z DEBUG  Assigned hole #4 to x/y position 4/0
    at src/game.rs:257 on ThreadId(3)

  2026-07-13T00:07:23.814387Z DEBUG  Assigned hole #5 to x/y position 5/0
    at src/game.rs:257 on ThreadId(3)

  2026-07-13T00:07:23.814396Z DEBUG  Assigned hole #6 to x/y position 6/0
    at src/game.rs:257 on ThreadId(3)

  2026-07-13T00:07:23.814405Z DEBUG  Assigned hole #7 to x/y position 0/1
    at src/game.rs:257 on ThreadId(3)

  2026-07-13T00:07:23.814414Z DEBUG  Assigned hole #8 to x/y position 1/1
    at src/game.rs:257 on ThreadId(3)

  2026-07-13T00:07:23.814421Z DEBUG  Assigned hole #9 to x/y position 2/1
    at src/game.rs:257 on ThreadId(3)

  2026-07-13T00:07:23.814429Z DEBUG  Assigned hole #10 to x/y position 3/1
    at src/game.rs:257 on ThreadId(3)

  2026-07-13T00:07:23.814436Z DEBUG  Assigned hole #11 to x/y position 4/1
    at src/game.rs:257 on ThreadId(3)

  2026-07-13T00:07:23.814444Z DEBUG  Assigned hole #12 to x/y position 5/1
    at src/game.rs:257 on ThreadId(3)

  2026-07-13T00:07:23.814451Z DEBUG  Assigned hole #13 to x/y position 0/2
    at src/game.rs:257 on ThreadId(3)

  2026-07-13T00:07:23.814459Z DEBUG  Assigned hole #14 to x/y position 1/2
    at src/game.rs:257 on ThreadId(3)

  2026-07-13T00:07:23.814466Z DEBUG  Assigned hole #15 to x/y position 2/2
    at src/game.rs:257 on ThreadId(3)

  2026-07-13T00:07:23.814476Z DEBUG  Assigned hole #16 to x/y position 3/2
    at src/game.rs:257 on ThreadId(3)

  2026-07-13T00:07:23.814485Z DEBUG  Assigned hole #17 to x/y position 4/2
    at src/game.rs:257 on ThreadId(3)

  2026-07-13T00:07:23.814495Z DEBUG  Assigned hole #18 to x/y position 5/2
    at src/game.rs:257 on ThreadId(3)

  2026-07-13T00:07:23.814502Z DEBUG  Assigned hole #19 to x/y position 6/2
    at src/game.rs:257 on ThreadId(3)

  2026-07-13T00:07:23.814510Z DEBUG  Assigned hole #20 to x/y position 0/3
    at src/game.rs:257 on ThreadId(3)

  2026-07-13T00:07:23.814517Z DEBUG  Assigned hole #21 to x/y position 1/3
    at src/game.rs:257 on ThreadId(3)

  2026-07-13T00:07:23.814525Z DEBUG  Assigned hole #22 to x/y position 2/3
    at src/game.rs:257 on ThreadId(3)

  2026-07-13T00:07:23.814532Z DEBUG  Assigned hole #23 to x/y position 3/3
    at src/game.rs:257 on ThreadId(3)

  2026-07-13T00:07:23.814540Z DEBUG  Assigned hole #24 to x/y position 4/3
    at src/game.rs:257 on ThreadId(3)

  2026-07-13T00:07:23.814547Z DEBUG  Assigned hole #25 to x/y position 5/3
    at src/game.rs:257 on ThreadId(3)

  2026-07-13T00:07:23.814555Z DEBUG  Assigned hole #26 to x/y position 0/4
    at src/game.rs:257 on ThreadId(3)

  2026-07-13T00:07:23.814562Z DEBUG  Assigned hole #27 to x/y position 1/4
    at src/game.rs:257 on ThreadId(3)

  2026-07-13T00:07:23.814570Z DEBUG  Assigned hole #28 to x/y position 2/4
    at src/game.rs:257 on ThreadId(3)

  2026-07-13T00:07:23.814577Z DEBUG  Assigned hole #29 to x/y position 3/4
    at src/game.rs:257 on ThreadId(3)

  2026-07-13T00:07:23.814584Z DEBUG  Assigned hole #30 to x/y position 4/4
    at src/game.rs:257 on ThreadId(3)

  2026-07-13T00:07:23.814592Z DEBUG  Assigned hole #31 to x/y position 5/4
    at src/game.rs:257 on ThreadId(3)

  2026-07-13T00:07:23.814600Z DEBUG  Assigned hole #32 to x/y position 6/4
    at src/game.rs:257 on ThreadId(3)

  2026-07-13T00:07:23.814608Z DEBUG  Assigned hole #33 to x/y position 0/5
    at src/game.rs:257 on ThreadId(3)

  2026-07-13T00:07:23.814615Z DEBUG  Assigned hole #34 to x/y position 1/5
    at src/game.rs:257 on ThreadId(3)

  2026-07-13T00:07:23.814623Z DEBUG  Assigned hole #35 to x/y position 2/5
    at src/game.rs:257 on ThreadId(3)

  2026-07-13T00:07:23.814630Z DEBUG  Assigned hole #36 to x/y position 3/5
    at src/game.rs:257 on ThreadId(3)

  2026-07-13T00:07:23.814638Z  INFO  Naming 37 moles and assigning them to holes
    at src/game.rs:185 on ThreadId(3)

  2026-07-13T00:07:23.814649Z DEBUG  Assigned mole Bobby to hole at x/y 3/0
    at src/game.rs:205 on ThreadId(3)

  2026-07-13T00:07:23.814662Z DEBUG  Assigned mole Victoria to hole at x/y 0/4
    at src/game.rs:205 on ThreadId(3)

  2026-07-13T00:07:23.814673Z DEBUG  Assigned mole Sean to hole at x/y 3/2
    at src/game.rs:205 on ThreadId(3)

  2026-07-13T00:07:23.814684Z DEBUG  Assigned mole Jaq to hole at x/y 1/1
    at src/game.rs:205 on ThreadId(3)

  2026-07-13T00:07:23.814706Z DEBUG  Assigned mole Robert to hole at x/y 4/0
    at src/game.rs:205 on ThreadId(3)

  2026-07-13T00:07:23.814717Z DEBUG  Assigned mole Steven to hole at x/y 1/2
    at src/game.rs:205 on ThreadId(3)

  2026-07-13T00:07:23.814729Z DEBUG  Assigned mole Ashley to hole at x/y 5/4
    at src/game.rs:205 on ThreadId(3)

  2026-07-13T00:07:23.814740Z DEBUG  Assigned mole Doris to hole at x/y 6/2
    at src/game.rs:205 on ThreadId(3)

  2026-07-13T00:07:23.814751Z DEBUG  Assigned mole Paul to hole at x/y 0/5
    at src/game.rs:205 on ThreadId(3)

  2026-07-13T00:07:23.814762Z DEBUG  Assigned mole Joe to hole at x/y 2/5
    at src/game.rs:205 on ThreadId(3)

  2026-07-13T00:07:23.814773Z DEBUG  Assigned mole Ronald to hole at x/y 1/0
    at src/game.rs:205 on ThreadId(3)

  2026-07-13T00:07:23.814784Z DEBUG  Assigned mole Gregory to hole at x/y 6/0
    at src/game.rs:205 on ThreadId(3)

  2026-07-13T00:07:23.814795Z DEBUG  Assigned mole Christina to hole at x/y 4/1
    at src/game.rs:205 on ThreadId(3)

  2026-07-13T00:07:23.814806Z DEBUG  Assigned mole Ruth to hole at x/y 3/5
    at src/game.rs:205 on ThreadId(3)

  2026-07-13T00:07:23.814817Z DEBUG  Assigned mole Maria to hole at x/y 4/4
    at src/game.rs:205 on ThreadId(3)

  2026-07-13T00:07:23.814828Z DEBUG  Assigned mole Melissa to hole at x/y 1/4
    at src/game.rs:205 on ThreadId(3)

  2026-07-13T00:07:23.814839Z DEBUG  Assigned mole Jennifer to hole at x/y 0/3
    at src/game.rs:205 on ThreadId(3)

  2026-07-13T00:07:23.814849Z DEBUG  Assigned mole Joseph to hole at x/y 0/0
    at src/game.rs:205 on ThreadId(3)

  2026-07-13T00:07:23.814859Z DEBUG  Assigned mole Louis to hole at x/y 4/3
    at src/game.rs:205 on ThreadId(3)

  2026-07-13T00:07:23.814869Z DEBUG  Assigned mole Debra to hole at x/y 5/1
    at src/game.rs:205 on ThreadId(3)

  2026-07-13T00:07:23.814880Z DEBUG  Assigned mole Thomas to hole at x/y 5/0
    at src/game.rs:205 on ThreadId(3)

  2026-07-13T00:07:23.814889Z DEBUG  Assigned mole Brittany to hole at x/y 0/1
    at src/game.rs:205 on ThreadId(3)

  2026-07-13T00:07:23.814899Z DEBUG  Assigned mole Kimberly to hole at x/y 3/3
    at src/game.rs:205 on ThreadId(3)

  2026-07-13T00:07:23.814909Z DEBUG  Assigned mole Noah to hole at x/y 0/2
    at src/game.rs:205 on ThreadId(3)

  2026-07-13T00:07:23.814919Z DEBUG  Assigned mole Austin to hole at x/y 6/4
    at src/game.rs:205 on ThreadId(3)

  2026-07-13T00:07:23.814929Z DEBUG  Assigned mole Jessica to hole at x/y 2/4
    at src/game.rs:205 on ThreadId(3)

  2026-07-13T00:07:23.814939Z DEBUG  Assigned mole Megan to hole at x/y 2/0
    at src/game.rs:205 on ThreadId(3)

  2026-07-13T00:07:23.814948Z DEBUG  Assigned mole Stephanie to hole at x/y 2/2
    at src/game.rs:205 on ThreadId(3)

  2026-07-13T00:07:23.814959Z DEBUG  Assigned mole Jean to hole at x/y 4/2
    at src/game.rs:205 on ThreadId(3)

  2026-07-13T00:07:23.814978Z DEBUG  Assigned mole Natalie to hole at x/y 2/1
    at src/game.rs:205 on ThreadId(3)

  2026-07-13T00:07:23.814988Z DEBUG  Assigned mole Alice to hole at x/y 1/3
    at src/game.rs:205 on ThreadId(3)

  2026-07-13T00:07:23.814997Z DEBUG  Assigned mole Logan to hole at x/y 3/1
    at src/game.rs:205 on ThreadId(3)

  2026-07-13T00:07:23.815006Z DEBUG  Assigned mole Rachel to hole at x/y 3/4
    at src/game.rs:205 on ThreadId(3)

  2026-07-13T00:07:23.815015Z DEBUG  Assigned mole Emily to hole at x/y 1/5
    at src/game.rs:205 on ThreadId(3)

  2026-07-13T00:07:23.815025Z DEBUG  Assigned mole Tyler to hole at x/y 5/3
    at src/game.rs:205 on ThreadId(3)

  2026-07-13T00:07:23.815033Z DEBUG  Assigned mole Victoria to hole at x/y 5/2
    at src/game.rs:205 on ThreadId(3)

  2026-07-13T00:07:23.815042Z DEBUG  Assigned mole Frances to hole at x/y 2/3
    at src/game.rs:205 on ThreadId(3)

  2026-07-13T00:07:23.897690Z  INFO  Increasing number of moles from 37 to 38
    at src/game.rs:157 on ThreadId(9)

  2026-07-13T00:07:23.897715Z  INFO  Generating 38 moles
    at src/game.rs:238 on ThreadId(9)

  2026-07-13T00:07:23.897728Z  INFO  Increasing number of holes from 37 to 38
    at src/game.rs:164 on ThreadId(9)

  2026-07-13T00:07:23.897737Z  INFO  Generating 38 holes
    at src/game.rs:244 on ThreadId(9)

  2026-07-13T00:07:23.897745Z DEBUG  Assigned hole #0 to x/y position 0/0
    at src/game.rs:257 on ThreadId(9)

  2026-07-13T00:07:23.897753Z DEBUG  Assigned hole #1 to x/y position 1/0
    at src/game.rs:257 on ThreadId(9)

  2026-07-13T00:07:23.897760Z DEBUG  Assigned hole #2 to x/y position 2/0
    at src/game.rs:257 on ThreadId(9)

  2026-07-13T00:07:23.897768Z DEBUG  Assigned hole #3 to x/y position 3/0
    at src/game.rs:257 on ThreadId(9)

  2026-07-13T00:07:23.897776Z DEBUG  Assigned hole #4 to x/y position 4/0
    at src/game.rs:257 on ThreadId(9)

  2026-07-13T00:07:23.897783Z DEBUG  Assigned hole #5 to x/y position 5/0
    at src/game.rs:257 on ThreadId(9)

  2026-07-13T00:07:23.897792Z DEBUG  Assigned hole #6 to x/y position 6/0
    at src/game.rs:257 on ThreadId(9)

  2026-07-13T00:07:23.897801Z DEBUG  Assigned hole #7 to x/y position 0/1
    at src/game.rs:257 on ThreadId(9)

  2026-07-13T00:07:23.897809Z DEBUG  Assigned hole #8 to x/y position 1/1
    at src/game.rs:257 on ThreadId(9)

  2026-07-13T00:07:23.897817Z DEBUG  Assigned hole #9 to x/y position 2/1
    at src/game.rs:257 on ThreadId(9)

  2026-07-13T00:07:23.897825Z DEBUG  Assigned hole #10 to x/y position 3/1
    at src/game.rs:257 on ThreadId(9)

  2026-07-13T00:07:23.897832Z DEBUG  Assigned hole #11 to x/y position 4/1
    at src/game.rs:257 on ThreadId(9)

  2026-07-13T00:07:23.897839Z DEBUG  Assigned hole #12 to x/y position 5/1
    at src/game.rs:257 on ThreadId(9)

  2026-07-13T00:07:23.897847Z DEBUG  Assigned hole #13 to x/y position 0/2
    at src/game.rs:257 on ThreadId(9)

  2026-07-13T00:07:23.897862Z DEBUG  Assigned hole #14 to x/y position 1/2
    at src/game.rs:257 on ThreadId(9)

  2026-07-13T00:07:23.897870Z DEBUG  Assigned hole #15 to x/y position 2/2
    at src/game.rs:257 on ThreadId(9)

  2026-07-13T00:07:23.897879Z DEBUG  Assigned hole #16 to x/y position 3/2
    at src/game.rs:257 on ThreadId(9)

  2026-07-13T00:07:23.897888Z DEBUG  Assigned hole #17 to x/y position 4/2
    at src/game.rs:257 on ThreadId(9)

  2026-07-13T00:07:23.897895Z DEBUG  Assigned hole #18 to x/y position 5/2
    at src/game.rs:257 on ThreadId(9)

  2026-07-13T00:07:23.897903Z DEBUG  Assigned hole #19 to x/y position 6/2
    at src/game.rs:257 on ThreadId(9)

  2026-07-13T00:07:23.897910Z DEBUG  Assigned hole #20 to x/y position 0/3
    at src/game.rs:257 on ThreadId(9)

  2026-07-13T00:07:23.897918Z DEBUG  Assigned hole #21 to x/y position 1/3
    at src/game.rs:257 on ThreadId(9)

  2026-07-13T00:07:23.897925Z DEBUG  Assigned hole #22 to x/y position 2/3
    at src/game.rs:257 on ThreadId(9)

  2026-07-13T00:07:23.897933Z DEBUG  Assigned hole #23 to x/y position 3/3
    at src/game.rs:257 on ThreadId(9)

  2026-07-13T00:07:23.897941Z DEBUG  Assigned hole #24 to x/y position 4/3
    at src/game.rs:257 on ThreadId(9)

  2026-07-13T00:07:23.897948Z DEBUG  Assigned hole #25 to x/y position 5/3
    at src/game.rs:257 on ThreadId(9)

  2026-07-13T00:07:23.897955Z DEBUG  Assigned hole #26 to x/y position 0/4
    at src/game.rs:257 on ThreadId(9)

  2026-07-13T00:07:23.897963Z DEBUG  Assigned hole #27 to x/y position 1/4
    at src/game.rs:257 on ThreadId(9)

  2026-07-13T00:07:23.897970Z DEBUG  Assigned hole #28 to x/y position 2/4
    at src/game.rs:257 on ThreadId(9)

  2026-07-13T00:07:23.897978Z DEBUG  Assigned hole #29 to x/y position 3/4
    at src/game.rs:257 on ThreadId(9)

  2026-07-13T00:07:23.897985Z DEBUG  Assigned hole #30 to x/y position 4/4
    at src/game.rs:257 on ThreadId(9)

  2026-07-13T00:07:23.897992Z DEBUG  Assigned hole #31 to x/y position 5/4
    at src/game.rs:257 on ThreadId(9)

  2026-07-13T00:07:23.898001Z DEBUG  Assigned hole #32 to x/y position 6/4
    at src/game.rs:257 on ThreadId(9)

  2026-07-13T00:07:23.898008Z DEBUG  Assigned hole #33 to x/y position 0/5
    at src/game.rs:257 on ThreadId(9)

  2026-07-13T00:07:23.898015Z DEBUG  Assigned hole #34 to x/y position 1/5
    at src/game.rs:257 on ThreadId(9)

  2026-07-13T00:07:23.898023Z DEBUG  Assigned hole #35 to x/y position 2/5
    at src/game.rs:257 on ThreadId(9)

  2026-07-13T00:07:23.898030Z DEBUG  Assigned hole #36 to x/y position 3/5
    at src/game.rs:257 on ThreadId(9)

  2026-07-13T00:07:23.898037Z DEBUG  Assigned hole #37 to x/y position 4/5
    at src/game.rs:257 on ThreadId(9)

  2026-07-13T00:07:23.898045Z  INFO  Naming 38 moles and assigning them to holes
    at src/game.rs:185 on ThreadId(9)

  2026-07-13T00:07:23.898058Z DEBUG  Assigned mole Linda to hole at x/y 4/2
    at src/game.rs:205 on ThreadId(9)

  2026-07-13T00:07:23.898071Z DEBUG  Assigned mole Kathleen to hole at x/y 1/4
    at src/game.rs:205 on ThreadId(9)

  2026-07-13T00:07:23.898082Z DEBUG  Assigned mole Isabella to hole at x/y 0/2
    at src/game.rs:205 on ThreadId(9)

  2026-07-13T00:07:23.898094Z DEBUG  Assigned mole Jesse to hole at x/y 0/4
    at src/game.rs:205 on ThreadId(9)

  2026-07-13T00:07:23.898106Z DEBUG  Assigned mole Elizabeth to hole at x/y 5/2
    at src/game.rs:205 on ThreadId(9)

  2026-07-13T00:07:23.898118Z DEBUG  Assigned mole Jeffrey to hole at x/y 6/2
    at src/game.rs:205 on ThreadId(9)

  2026-07-13T00:07:23.898129Z DEBUG  Assigned mole Brittany to hole at x/y 3/4
    at src/game.rs:205 on ThreadId(9)

  2026-07-13T00:07:23.898140Z DEBUG  Assigned mole Zachary to hole at x/y 0/5
    at src/game.rs:205 on ThreadId(9)

  2026-07-13T00:07:23.898152Z DEBUG  Assigned mole Helen to hole at x/y 4/4
    at src/game.rs:205 on ThreadId(9)

  2026-07-13T00:07:23.898163Z DEBUG  Assigned mole Jacob to hole at x/y 1/3
    at src/game.rs:205 on ThreadId(9)

  2026-07-13T00:07:23.898174Z DEBUG  Assigned mole Steven to hole at x/y 5/1
    at src/game.rs:205 on ThreadId(9)

  2026-07-13T00:07:23.898185Z DEBUG  Assigned mole Dennis to hole at x/y 6/0
    at src/game.rs:205 on ThreadId(9)

  2026-07-13T00:07:23.898196Z DEBUG  Assigned mole Bryan to hole at x/y 2/5
    at src/game.rs:205 on ThreadId(9)

  2026-07-13T00:07:23.898217Z DEBUG  Assigned mole Justin to hole at x/y 1/5
    at src/game.rs:205 on ThreadId(9)

  2026-07-13T00:07:23.898228Z DEBUG  Assigned mole Jordan to hole at x/y 4/0
    at src/game.rs:205 on ThreadId(9)

  2026-07-13T00:07:23.898239Z DEBUG  Assigned mole Helen to hole at x/y 5/3
    at src/game.rs:205 on ThreadId(9)

  2026-07-13T00:07:23.898249Z DEBUG  Assigned mole Christopher to hole at x/y 0/3
    at src/game.rs:205 on ThreadId(9)

  2026-07-13T00:07:23.898260Z DEBUG  Assigned mole Emma to hole at x/y 3/1
    at src/game.rs:205 on ThreadId(9)

  2026-07-13T00:07:23.898271Z DEBUG  Assigned mole Victoria to hole at x/y 4/5
    at src/game.rs:205 on ThreadId(9)

  2026-07-13T00:07:23.898282Z DEBUG  Assigned mole Albert to hole at x/y 1/0
    at src/game.rs:205 on ThreadId(9)

  2026-07-13T00:07:23.898292Z DEBUG  Assigned mole Dylan to hole at x/y 3/5
    at src/game.rs:205 on ThreadId(9)

  2026-07-13T00:07:23.898303Z DEBUG  Assigned mole Jeremy to hole at x/y 5/4
    at src/game.rs:205 on ThreadId(9)

  2026-07-13T00:07:23.898313Z DEBUG  Assigned mole Samuel to hole at x/y 2/4
    at src/game.rs:205 on ThreadId(9)

  2026-07-13T00:07:23.898323Z DEBUG  Assigned mole Rebecca to hole at x/y 4/3
    at src/game.rs:205 on ThreadId(9)

  2026-07-13T00:07:23.898334Z DEBUG  Assigned mole Mark to hole at x/y 1/1
    at src/game.rs:205 on ThreadId(9)

  2026-07-13T00:07:23.898343Z DEBUG  Assigned mole Alexander to hole at x/y 3/0
    at src/game.rs:205 on ThreadId(9)

  2026-07-13T00:07:23.898353Z DEBUG  Assigned mole Timothy to hole at x/y 2/1
    at src/game.rs:205 on ThreadId(9)

  2026-07-13T00:07:23.898363Z DEBUG  Assigned mole Teresa to hole at x/y 0/0
    at src/game.rs:205 on ThreadId(9)

  2026-07-13T00:07:23.898375Z DEBUG  Assigned mole Frank to hole at x/y 3/3
    at src/game.rs:205 on ThreadId(9)

  2026-07-13T00:07:23.898385Z DEBUG  Assigned mole Judith to hole at x/y 6/4
    at src/game.rs:205 on ThreadId(9)

  2026-07-13T00:07:23.898394Z DEBUG  Assigned mole Henry to hole at x/y 2/2
    at src/game.rs:205 on ThreadId(9)

  2026-07-13T00:07:23.898404Z DEBUG  Assigned mole Amanda to hole at x/y 4/1
    at src/game.rs:205 on ThreadId(9)

  2026-07-13T00:07:23.898413Z DEBUG  Assigned mole Patricia to hole at x/y 0/1
    at src/game.rs:205 on ThreadId(9)

  2026-07-13T00:07:23.898422Z DEBUG  Assigned mole Philip to hole at x/y 2/3
    at src/game.rs:205 on ThreadId(9)

  2026-07-13T00:07:23.898432Z DEBUG  Assigned mole Christina to hole at x/y 3/2
    at src/game.rs:205 on ThreadId(9)

  2026-07-13T00:07:23.898443Z DEBUG  Assigned mole Bobby to hole at x/y 2/0
    at src/game.rs:205 on ThreadId(9)

  2026-07-13T00:07:23.898453Z DEBUG  Assigned mole Adam to hole at x/y 5/0
    at src/game.rs:205 on ThreadId(9)

  2026-07-13T00:07:23.898462Z DEBUG  Assigned mole Kathleen to hole at x/y 1/2
    at src/game.rs:205 on ThreadId(9)

  2026-07-13T00:07:23.981672Z  INFO  Increasing number of moles from 38 to 39
    at src/game.rs:157 on ThreadId(11)

  2026-07-13T00:07:23.981719Z  INFO  Generating 39 moles
    at src/game.rs:238 on ThreadId(11)

  2026-07-13T00:07:23.981735Z  INFO  Increasing number of holes from 38 to 39
    at src/game.rs:164 on ThreadId(11)

  2026-07-13T00:07:23.981744Z  INFO  Generating 39 holes
    at src/game.rs:244 on ThreadId(11)

  2026-07-13T00:07:23.981751Z DEBUG  Assigned hole #0 to x/y position 0/0
    at src/game.rs:257 on ThreadId(11)

  2026-07-13T00:07:23.981759Z DEBUG  Assigned hole #1 to x/y position 1/0
    at src/game.rs:257 on ThreadId(11)

  2026-07-13T00:07:23.981766Z DEBUG  Assigned hole #2 to x/y position 2/0
    at src/game.rs:257 on ThreadId(11)

  2026-07-13T00:07:23.981774Z DEBUG  Assigned hole #3 to x/y position 3/0
    at src/game.rs:257 on ThreadId(11)

  2026-07-13T00:07:23.981782Z DEBUG  Assigned hole #4 to x/y position 4/0
    at src/game.rs:257 on ThreadId(11)

  2026-07-13T00:07:23.981789Z DEBUG  Assigned hole #5 to x/y position 5/0
    at src/game.rs:257 on ThreadId(11)

  2026-07-13T00:07:23.981797Z DEBUG  Assigned hole #6 to x/y position 6/0
    at src/game.rs:257 on ThreadId(11)

  2026-07-13T00:07:23.981805Z DEBUG  Assigned hole #7 to x/y position 0/1
    at src/game.rs:257 on ThreadId(11)

  2026-07-13T00:07:23.981813Z DEBUG  Assigned hole #8 to x/y position 1/1
    at src/game.rs:257 on ThreadId(11)

  2026-07-13T00:07:23.981820Z DEBUG  Assigned hole #9 to x/y position 2/1
    at src/game.rs:257 on ThreadId(11)

  2026-07-13T00:07:23.981828Z DEBUG  Assigned hole #10 to x/y position 3/1
    at src/game.rs:257 on ThreadId(11)

  2026-07-13T00:07:23.981835Z DEBUG  Assigned hole #11 to x/y position 4/1
    at src/game.rs:257 on ThreadId(11)

  2026-07-13T00:07:23.981843Z DEBUG  Assigned hole #12 to x/y position 5/1
    at src/game.rs:257 on ThreadId(11)

  2026-07-13T00:07:23.981850Z DEBUG  Assigned hole #13 to x/y position 0/2
    at src/game.rs:257 on ThreadId(11)

  2026-07-13T00:07:23.981857Z DEBUG  Assigned hole #14 to x/y position 1/2
    at src/game.rs:257 on ThreadId(11)

  2026-07-13T00:07:23.981865Z DEBUG  Assigned hole #15 to x/y position 2/2
    at src/game.rs:257 on ThreadId(11)

  2026-07-13T00:07:23.981873Z DEBUG  Assigned hole #16 to x/y position 3/2
    at src/game.rs:257 on ThreadId(11)

  2026-07-13T00:07:23.981880Z DEBUG  Assigned hole #17 to x/y position 4/2
    at src/game.rs:257 on ThreadId(11)

  2026-07-13T00:07:23.981888Z DEBUG  Assigned hole #18 to x/y position 5/2
    at src/game.rs:257 on ThreadId(11)

  2026-07-13T00:07:23.981895Z DEBUG  Assigned hole #19 to x/y position 6/2
    at src/game.rs:257 on ThreadId(11)

  2026-07-13T00:07:23.981903Z DEBUG  Assigned hole #20 to x/y position 0/3
    at src/game.rs:257 on ThreadId(11)

  2026-07-13T00:07:23.981910Z DEBUG  Assigned hole #21 to x/y position 1/3
    at src/game.rs:257 on ThreadId(11)

  2026-07-13T00:07:23.981917Z DEBUG  Assigned hole #22 to x/y position 2/3
    at src/game.rs:257 on ThreadId(11)

  2026-07-13T00:07:23.981925Z DEBUG  Assigned hole #23 to x/y position 3/3
    at src/game.rs:257 on ThreadId(11)

  2026-07-13T00:07:23.981932Z DEBUG  Assigned hole #24 to x/y position 4/3
    at src/game.rs:257 on ThreadId(11)

  2026-07-13T00:07:23.981940Z DEBUG  Assigned hole #25 to x/y position 5/3
    at src/game.rs:257 on ThreadId(11)

  2026-07-13T00:07:23.981947Z DEBUG  Assigned hole #26 to x/y position 0/4
    at src/game.rs:257 on ThreadId(11)

  2026-07-13T00:07:23.981954Z DEBUG  Assigned hole #27 to x/y position 1/4
    at src/game.rs:257 on ThreadId(11)

  2026-07-13T00:07:23.981962Z DEBUG  Assigned hole #28 to x/y position 2/4
    at src/game.rs:257 on ThreadId(11)

  2026-07-13T00:07:23.981969Z DEBUG  Assigned hole #29 to x/y position 3/4
    at src/game.rs:257 on ThreadId(11)

  2026-07-13T00:07:23.981977Z DEBUG  Assigned hole #30 to x/y position 4/4
    at src/game.rs:257 on ThreadId(11)

  2026-07-13T00:07:23.981984Z DEBUG  Assigned hole #31 to x/y position 5/4
    at src/game.rs:257 on ThreadId(11)

  2026-07-13T00:07:23.981992Z DEBUG  Assigned hole #32 to x/y position 6/4
    at src/game.rs:257 on ThreadId(11)

  2026-07-13T00:07:23.981999Z DEBUG  Assigned hole #33 to x/y position 0/5
    at src/game.rs:257 on ThreadId(11)

  2026-07-13T00:07:23.982007Z DEBUG  Assigned hole #34 to x/y position 1/5
    at src/game.rs:257 on ThreadId(11)

  2026-07-13T00:07:23.982014Z DEBUG  Assigned hole #35 to x/y position 2/5
    at src/game.rs:257 on ThreadId(11)

  2026-07-13T00:07:23.982022Z DEBUG  Assigned hole #36 to x/y position 3/5
    at src/game.rs:257 on ThreadId(11)

  2026-07-13T00:07:23.982029Z DEBUG  Assigned hole #37 to x/y position 4/5
    at src/game.rs:257 on ThreadId(11)

  2026-07-13T00:07:23.982037Z DEBUG  Assigned hole #38 to x/y position 5/5
    at src/game.rs:257 on ThreadId(11)

  2026-07-13T00:07:23.982045Z  INFO  Naming 39 moles and assigning them to holes
    at src/game.rs:185 on ThreadId(11)

  2026-07-13T00:07:23.982058Z DEBUG  Assigned mole Michelle to hole at x/y 2/4
    at src/game.rs:205 on ThreadId(11)

  2026-07-13T00:07:23.982071Z DEBUG  Assigned mole Judy to hole at x/y 1/5
    at src/game.rs:205 on ThreadId(11)

  2026-07-13T00:07:23.982083Z DEBUG  Assigned mole Austin to hole at x/y 0/4
    at src/game.rs:205 on ThreadId(11)

  2026-07-13T00:07:23.982095Z DEBUG  Assigned mole Alexis to hole at x/y 3/5
    at src/game.rs:205 on ThreadId(11)

  2026-07-13T00:07:23.982106Z DEBUG  Assigned mole Roy to hole at x/y 6/0
    at src/game.rs:205 on ThreadId(11)

  2026-07-13T00:07:23.982118Z DEBUG  Assigned mole Abigail to hole at x/y 4/1
    at src/game.rs:205 on ThreadId(11)

  2026-07-13T00:07:23.982129Z DEBUG  Assigned mole Roger to hole at x/y 2/3
    at src/game.rs:205 on ThreadId(11)

  2026-07-13T00:07:23.982141Z DEBUG  Assigned mole Randy to hole at x/y 1/3
    at src/game.rs:205 on ThreadId(11)

  2026-07-13T00:07:23.982152Z DEBUG  Assigned mole Logan to hole at x/y 5/5
    at src/game.rs:205 on ThreadId(11)

  2026-07-13T00:07:23.982163Z DEBUG  Assigned mole Deborah to hole at x/y 4/0
    at src/game.rs:205 on ThreadId(11)

  2026-07-13T00:07:23.982174Z DEBUG  Assigned mole Jaq to hole at x/y 5/1
    at src/game.rs:205 on ThreadId(11)

  2026-07-13T00:07:23.982185Z DEBUG  Assigned mole Kathryn to hole at x/y 4/4
    at src/game.rs:205 on ThreadId(11)

  2026-07-13T00:07:23.982196Z DEBUG  Assigned mole Russell to hole at x/y 1/2
    at src/game.rs:205 on ThreadId(11)

  2026-07-13T00:07:23.982208Z DEBUG  Assigned mole Bryan to hole at x/y 5/2
    at src/game.rs:205 on ThreadId(11)

  2026-07-13T00:07:23.982220Z DEBUG  Assigned mole Jennifer to hole at x/y 0/0
    at src/game.rs:205 on ThreadId(11)

  2026-07-13T00:07:23.982233Z DEBUG  Assigned mole Timothy to hole at x/y 2/2
    at src/game.rs:205 on ThreadId(11)

  2026-07-13T00:07:23.982254Z DEBUG  Assigned mole Christopher to hole at x/y 6/4
    at src/game.rs:205 on ThreadId(11)

  2026-07-13T00:07:23.982265Z DEBUG  Assigned mole Scott to hole at x/y 5/3
    at src/game.rs:205 on ThreadId(11)

  2026-07-13T00:07:23.982276Z DEBUG  Assigned mole Patricia to hole at x/y 3/4
    at src/game.rs:205 on ThreadId(11)

  2026-07-13T00:07:23.982287Z DEBUG  Assigned mole Eugene to hole at x/y 1/0
    at src/game.rs:205 on ThreadId(11)

  2026-07-13T00:07:23.982298Z DEBUG  Assigned mole Sophia to hole at x/y 4/3
    at src/game.rs:205 on ThreadId(11)

  2026-07-13T00:07:23.982309Z DEBUG  Assigned mole Gloria to hole at x/y 0/2
    at src/game.rs:205 on ThreadId(11)

  2026-07-13T00:07:23.982320Z DEBUG  Assigned mole Eric to hole at x/y 3/0
    at src/game.rs:205 on ThreadId(11)

  2026-07-13T00:07:23.982330Z DEBUG  Assigned mole Mark to hole at x/y 1/4
    at src/game.rs:205 on ThreadId(11)

  2026-07-13T00:07:23.982341Z DEBUG  Assigned mole Helen to hole at x/y 6/2
    at src/game.rs:205 on ThreadId(11)

  2026-07-13T00:07:23.982351Z DEBUG  Assigned mole Walter to hole at x/y 2/5
    at src/game.rs:205 on ThreadId(11)

  2026-07-13T00:07:23.982361Z DEBUG  Assigned mole Alexis to hole at x/y 5/0
    at src/game.rs:205 on ThreadId(11)

  2026-07-13T00:07:23.982372Z DEBUG  Assigned mole Eric to hole at x/y 5/4
    at src/game.rs:205 on ThreadId(11)

  2026-07-13T00:07:23.982384Z DEBUG  Assigned mole Lori to hole at x/y 1/1
    at src/game.rs:205 on ThreadId(11)

  2026-07-13T00:07:23.982395Z DEBUG  Assigned mole Juan to hole at x/y 4/5
    at src/game.rs:205 on ThreadId(11)

  2026-07-13T00:07:23.982405Z DEBUG  Assigned mole Jeremy to hole at x/y 2/1
    at src/game.rs:205 on ThreadId(11)

  2026-07-13T00:07:23.982414Z DEBUG  Assigned mole Ryan to hole at x/y 3/2
    at src/game.rs:205 on ThreadId(11)

  2026-07-13T00:07:23.982425Z DEBUG  Assigned mole Joseph to hole at x/y 2/0
    at src/game.rs:205 on ThreadId(11)

  2026-07-13T00:07:23.982436Z DEBUG  Assigned mole Theresa to hole at x/y 3/3
    at src/game.rs:205 on ThreadId(11)

  2026-07-13T00:07:23.982453Z DEBUG  Assigned mole William to hole at x/y 0/3
    at src/game.rs:205 on ThreadId(11)

  2026-07-13T00:07:23.982462Z DEBUG  Assigned mole Douglas to hole at x/y 4/2
    at src/game.rs:205 on ThreadId(11)

  2026-07-13T00:07:23.982471Z DEBUG  Assigned mole Sarah to hole at x/y 0/5
    at src/game.rs:205 on ThreadId(11)

  2026-07-13T00:07:23.982480Z DEBUG  Assigned mole Olivia to hole at x/y 0/1
    at src/game.rs:205 on ThreadId(11)

  2026-07-13T00:07:23.982489Z DEBUG  Assigned mole Paul to hole at x/y 3/1
    at src/game.rs:205 on ThreadId(11)

  2026-07-13T00:07:24.068571Z  INFO  Increasing number of moles from 39 to 40
    at src/game.rs:157 on ThreadId(3)

  2026-07-13T00:07:24.068588Z  INFO  Generating 40 moles
    at src/game.rs:238 on ThreadId(3)

  2026-07-13T00:07:24.068601Z  INFO  Increasing number of holes from 39 to 40
    at src/game.rs:164 on ThreadId(3)

  2026-07-13T00:07:24.068609Z  INFO  Generating 40 holes
    at src/game.rs:244 on ThreadId(3)

  2026-07-13T00:07:24.068617Z DEBUG  Assigned hole #0 to x/y position 0/0
    at src/game.rs:257 on ThreadId(3)

  2026-07-13T00:07:24.068625Z DEBUG  Assigned hole #1 to x/y position 1/0
    at src/game.rs:257 on ThreadId(3)

  2026-07-13T00:07:24.068633Z DEBUG  Assigned hole #2 to x/y position 2/0
    at src/game.rs:257 on ThreadId(3)

  2026-07-13T00:07:24.068641Z DEBUG  Assigned hole #3 to x/y position 3/0
    at src/game.rs:257 on ThreadId(3)

  2026-07-13T00:07:24.068649Z DEBUG  Assigned hole #4 to x/y position 4/0
    at src/game.rs:257 on ThreadId(3)

  2026-07-13T00:07:24.068657Z DEBUG  Assigned hole #5 to x/y position 5/0
    at src/game.rs:257 on ThreadId(3)

  2026-07-13T00:07:24.068664Z DEBUG  Assigned hole #6 to x/y position 6/0
    at src/game.rs:257 on ThreadId(3)

  2026-07-13T00:07:24.068671Z DEBUG  Assigned hole #7 to x/y position 0/1
    at src/game.rs:257 on ThreadId(3)

  2026-07-13T00:07:24.068679Z DEBUG  Assigned hole #8 to x/y position 1/1
    at src/game.rs:257 on ThreadId(3)

  2026-07-13T00:07:24.068686Z DEBUG  Assigned hole #9 to x/y position 2/1
    at src/game.rs:257 on ThreadId(3)

  2026-07-13T00:07:24.068694Z DEBUG  Assigned hole #10 to x/y position 3/1
    at src/game.rs:257 on ThreadId(3)

  2026-07-13T00:07:24.068701Z DEBUG  Assigned hole #11 to x/y position 4/1
    at src/game.rs:257 on ThreadId(3)

  2026-07-13T00:07:24.068709Z DEBUG  Assigned hole #12 to x/y position 5/1
    at src/game.rs:257 on ThreadId(3)

  2026-07-13T00:07:24.068717Z DEBUG  Assigned hole #13 to x/y position 0/2
    at src/game.rs:257 on ThreadId(3)

  2026-07-13T00:07:24.068726Z DEBUG  Assigned hole #14 to x/y position 1/2
    at src/game.rs:257 on ThreadId(3)

  2026-07-13T00:07:24.068736Z DEBUG  Assigned hole #15 to x/y position 2/2
    at src/game.rs:257 on ThreadId(3)

  2026-07-13T00:07:24.068745Z DEBUG  Assigned hole #16 to x/y position 3/2
    at src/game.rs:257 on ThreadId(3)

  2026-07-13T00:07:24.068755Z DEBUG  Assigned hole #17 to x/y position 4/2
    at src/game.rs:257 on ThreadId(3)

  2026-07-13T00:07:24.068762Z DEBUG  Assigned hole #18 to x/y position 5/2
    at src/game.rs:257 on ThreadId(3)

  2026-07-13T00:07:24.068770Z DEBUG  Assigned hole #19 to x/y position 6/2
    at src/game.rs:257 on ThreadId(3)

  2026-07-13T00:07:24.068778Z DEBUG  Assigned hole #20 to x/y position 0/3
    at src/game.rs:257 on ThreadId(3)

  2026-07-13T00:07:24.068786Z DEBUG  Assigned hole #21 to x/y position 1/3
    at src/game.rs:257 on ThreadId(3)

  2026-07-13T00:07:24.068794Z DEBUG  Assigned hole #22 to x/y position 2/3
    at src/game.rs:257 on ThreadId(3)

  2026-07-13T00:07:24.068801Z DEBUG  Assigned hole #23 to x/y position 3/3
    at src/game.rs:257 on ThreadId(3)

  2026-07-13T00:07:24.068809Z DEBUG  Assigned hole #24 to x/y position 4/3
    at src/game.rs:257 on ThreadId(3)

  2026-07-13T00:07:24.068817Z DEBUG  Assigned hole #25 to x/y position 5/3
    at src/game.rs:257 on ThreadId(3)

  2026-07-13T00:07:24.068824Z DEBUG  Assigned hole #26 to x/y position 0/4
    at src/game.rs:257 on ThreadId(3)

  2026-07-13T00:07:24.068832Z DEBUG  Assigned hole #27 to x/y position 1/4
    at src/game.rs:257 on ThreadId(3)

  2026-07-13T00:07:24.068858Z DEBUG  Assigned hole #28 to x/y position 2/4
    at src/game.rs:257 on ThreadId(3)

  2026-07-13T00:07:24.068866Z DEBUG  Assigned hole #29 to x/y position 3/4
    at src/game.rs:257 on ThreadId(3)

  2026-07-13T00:07:24.068874Z DEBUG  Assigned hole #30 to x/y position 4/4
    at src/game.rs:257 on ThreadId(3)

  2026-07-13T00:07:24.068881Z DEBUG  Assigned hole #31 to x/y position 5/4
    at src/game.rs:257 on ThreadId(3)

  2026-07-13T00:07:24.068889Z DEBUG  Assigned hole #32 to x/y position 6/4
    at src/game.rs:257 on ThreadId(3)

  2026-07-13T00:07:24.068897Z DEBUG  Assigned hole #33 to x/y position 0/5
    at src/game.rs:257 on ThreadId(3)

  2026-07-13T00:07:24.068905Z DEBUG  Assigned hole #34 to x/y position 1/5
    at src/game.rs:257 on ThreadId(3)

  2026-07-13T00:07:24.068912Z DEBUG  Assigned hole #35 to x/y position 2/5
    at src/game.rs:257 on ThreadId(3)

  2026-07-13T00:07:24.068920Z DEBUG  Assigned hole #36 to x/y position 3/5
    at src/game.rs:257 on ThreadId(3)

  2026-07-13T00:07:24.068927Z DEBUG  Assigned hole #37 to x/y position 4/5
    at src/game.rs:257 on ThreadId(3)

  2026-07-13T00:07:24.068934Z DEBUG  Assigned hole #38 to x/y position 5/5
    at src/game.rs:257 on ThreadId(3)

  2026-07-13T00:07:24.068942Z DEBUG  Assigned hole #39 to x/y position 0/6
    at src/game.rs:257 on ThreadId(3)

  2026-07-13T00:07:24.068950Z  INFO  Naming 40 moles and assigning them to holes
    at src/game.rs:185 on ThreadId(3)

  2026-07-13T00:07:24.068963Z DEBUG  Assigned mole Angela to hole at x/y 0/0
    at src/game.rs:205 on ThreadId(3)

  2026-07-13T00:07:24.068975Z DEBUG  Assigned mole Ralph to hole at x/y 4/1
    at src/game.rs:205 on ThreadId(3)

  2026-07-13T00:07:24.068987Z DEBUG  Assigned mole Bobby to hole at x/y 2/4
    at src/game.rs:205 on ThreadId(3)

  2026-07-13T00:07:24.069000Z DEBUG  Assigned mole George to hole at x/y 3/0
    at src/game.rs:205 on ThreadId(3)

  2026-07-13T00:07:24.069012Z DEBUG  Assigned mole Henry to hole at x/y 4/5
    at src/game.rs:205 on ThreadId(3)

  2026-07-13T00:07:24.069024Z DEBUG  Assigned mole Kenneth to hole at x/y 5/3
    at src/game.rs:205 on ThreadId(3)

  2026-07-13T00:07:24.069035Z DEBUG  Assigned mole Alexis to hole at x/y 2/1
    at src/game.rs:205 on ThreadId(3)

  2026-07-13T00:07:24.069045Z DEBUG  Assigned mole Jerry to hole at x/y 4/3
    at src/game.rs:205 on ThreadId(3)

  2026-07-13T00:07:24.069057Z DEBUG  Assigned mole Ronald to hole at x/y 0/4
    at src/game.rs:205 on ThreadId(3)

  2026-07-13T00:07:24.069069Z DEBUG  Assigned mole Jessica to hole at x/y 6/4
    at src/game.rs:205 on ThreadId(3)

  2026-07-13T00:07:24.069080Z DEBUG  Assigned mole Richard to hole at x/y 5/2
    at src/game.rs:205 on ThreadId(3)

  2026-07-13T00:07:24.069092Z DEBUG  Assigned mole Kimberly to hole at x/y 4/2
    at src/game.rs:205 on ThreadId(3)

  2026-07-13T00:07:24.069105Z DEBUG  Assigned mole Catherine to hole at x/y 3/1
    at src/game.rs:205 on ThreadId(3)

  2026-07-13T00:07:24.069118Z DEBUG  Assigned mole James to hole at x/y 1/0
    at src/game.rs:205 on ThreadId(3)

  2026-07-13T00:07:24.069139Z DEBUG  Assigned mole Amanda to hole at x/y 1/5
    at src/game.rs:205 on ThreadId(3)

  2026-07-13T00:07:24.069150Z DEBUG  Assigned mole Nicholas to hole at x/y 5/5
    at src/game.rs:205 on ThreadId(3)

  2026-07-13T00:07:24.069161Z DEBUG  Assigned mole Heather to hole at x/y 3/4
    at src/game.rs:205 on ThreadId(3)

  2026-07-13T00:07:24.069173Z DEBUG  Assigned mole Stephen to hole at x/y 6/0
    at src/game.rs:205 on ThreadId(3)

  2026-07-13T00:07:24.069184Z DEBUG  Assigned mole Shirley to hole at x/y 3/3
    at src/game.rs:205 on ThreadId(3)

  2026-07-13T00:07:24.069197Z DEBUG  Assigned mole Hannah to hole at x/y 0/3
    at src/game.rs:205 on ThreadId(3)

  2026-07-13T00:07:24.069209Z DEBUG  Assigned mole Shirley to hole at x/y 5/0
    at src/game.rs:205 on ThreadId(3)

  2026-07-13T00:07:24.069219Z DEBUG  Assigned mole Christian to hole at x/y 1/2
    at src/game.rs:205 on ThreadId(3)

  2026-07-13T00:07:24.069229Z DEBUG  Assigned mole Kyle to hole at x/y 4/0
    at src/game.rs:205 on ThreadId(3)

  2026-07-13T00:07:24.069240Z DEBUG  Assigned mole Theresa to hole at x/y 0/1
    at src/game.rs:205 on ThreadId(3)

  2026-07-13T00:07:24.069250Z DEBUG  Assigned mole Christine to hole at x/y 6/2
    at src/game.rs:205 on ThreadId(3)

  2026-07-13T00:07:24.069260Z DEBUG  Assigned mole Gerald to hole at x/y 0/2
    at src/game.rs:205 on ThreadId(3)

  2026-07-13T00:07:24.069270Z DEBUG  Assigned mole Emma to hole at x/y 2/5
    at src/game.rs:205 on ThreadId(3)

  2026-07-13T00:07:24.069280Z DEBUG  Assigned mole Joseph to hole at x/y 2/0
    at src/game.rs:205 on ThreadId(3)

  2026-07-13T00:07:24.069290Z DEBUG  Assigned mole Charles to hole at x/y 3/2
    at src/game.rs:205 on ThreadId(3)

  2026-07-13T00:07:24.069300Z DEBUG  Assigned mole James to hole at x/y 2/2
    at src/game.rs:205 on ThreadId(3)

  2026-07-13T00:07:24.069310Z DEBUG  Assigned mole Virginia to hole at x/y 1/1
    at src/game.rs:205 on ThreadId(3)

  2026-07-13T00:07:24.069320Z DEBUG  Assigned mole Benjamin to hole at x/y 4/4
    at src/game.rs:205 on ThreadId(3)

  2026-07-13T00:07:24.069329Z DEBUG  Assigned mole Amber to hole at x/y 3/5
    at src/game.rs:205 on ThreadId(3)

  2026-07-13T00:07:24.069339Z DEBUG  Assigned mole Dorothy to hole at x/y 2/3
    at src/game.rs:205 on ThreadId(3)

  2026-07-13T00:07:24.069348Z DEBUG  Assigned mole Marilyn to hole at x/y 1/3
    at src/game.rs:205 on ThreadId(3)

  2026-07-13T00:07:24.069357Z DEBUG  Assigned mole Willie to hole at x/y 1/4
    at src/game.rs:205 on ThreadId(3)

  2026-07-13T00:07:24.069367Z DEBUG  Assigned mole Carl to hole at x/y 0/5
    at src/game.rs:205 on ThreadId(3)

  2026-07-13T00:07:24.069376Z DEBUG  Assigned mole Amy to hole at x/y 5/1
    at src/game.rs:205 on ThreadId(3)

  2026-07-13T00:07:24.069385Z DEBUG  Assigned mole Joshua to hole at x/y 0/6
    at src/game.rs:205 on ThreadId(3)

  2026-07-13T00:07:24.069393Z DEBUG  Assigned mole Madison to hole at x/y 5/4
    at src/game.rs:205 on ThreadId(3)

  2026-07-13T00:07:24.148949Z  INFO  Increasing number of moles from 40 to 41
    at src/game.rs:157 on ThreadId(11)

  2026-07-13T00:07:24.148965Z  INFO  Generating 41 moles
    at src/game.rs:238 on ThreadId(11)

  2026-07-13T00:07:24.148976Z  INFO  Increasing number of holes from 40 to 41
    at src/game.rs:164 on ThreadId(11)

  2026-07-13T00:07:24.148984Z  INFO  Generating 41 holes
    at src/game.rs:244 on ThreadId(11)

  2026-07-13T00:07:24.148992Z DEBUG  Assigned hole #0 to x/y position 0/0
    at src/game.rs:257 on ThreadId(11)

  2026-07-13T00:07:24.149000Z DEBUG  Assigned hole #1 to x/y position 1/0
    at src/game.rs:257 on ThreadId(11)

  2026-07-13T00:07:24.149007Z DEBUG  Assigned hole #2 to x/y position 2/0
    at src/game.rs:257 on ThreadId(11)

  2026-07-13T00:07:24.149015Z DEBUG  Assigned hole #3 to x/y position 3/0
    at src/game.rs:257 on ThreadId(11)

  2026-07-13T00:07:24.149022Z DEBUG  Assigned hole #4 to x/y position 4/0
    at src/game.rs:257 on ThreadId(11)

  2026-07-13T00:07:24.149030Z DEBUG  Assigned hole #5 to x/y position 5/0
    at src/game.rs:257 on ThreadId(11)

  2026-07-13T00:07:24.149038Z DEBUG  Assigned hole #6 to x/y position 6/0
    at src/game.rs:257 on ThreadId(11)

  2026-07-13T00:07:24.149045Z DEBUG  Assigned hole #7 to x/y position 0/1
    at src/game.rs:257 on ThreadId(11)

  2026-07-13T00:07:24.149053Z DEBUG  Assigned hole #8 to x/y position 1/1
    at src/game.rs:257 on ThreadId(11)

  2026-07-13T00:07:24.149061Z DEBUG  Assigned hole #9 to x/y position 2/1
    at src/game.rs:257 on ThreadId(11)

  2026-07-13T00:07:24.149068Z DEBUG  Assigned hole #10 to x/y position 3/1
    at src/game.rs:257 on ThreadId(11)

  2026-07-13T00:07:24.149075Z DEBUG  Assigned hole #11 to x/y position 4/1
    at src/game.rs:257 on ThreadId(11)

  2026-07-13T00:07:24.149083Z DEBUG  Assigned hole #12 to x/y position 5/1
    at src/game.rs:257 on ThreadId(11)

  2026-07-13T00:07:24.149090Z DEBUG  Assigned hole #13 to x/y position 0/2
    at src/game.rs:257 on ThreadId(11)

  2026-07-13T00:07:24.149098Z DEBUG  Assigned hole #14 to x/y position 1/2
    at src/game.rs:257 on ThreadId(11)

  2026-07-13T00:07:24.149106Z DEBUG  Assigned hole #15 to x/y position 2/2
    at src/game.rs:257 on ThreadId(11)

  2026-07-13T00:07:24.149114Z DEBUG  Assigned hole #16 to x/y position 3/2
    at src/game.rs:257 on ThreadId(11)

  2026-07-13T00:07:24.149122Z DEBUG  Assigned hole #17 to x/y position 4/2
    at src/game.rs:257 on ThreadId(11)

  2026-07-13T00:07:24.149129Z DEBUG  Assigned hole #18 to x/y position 5/2
    at src/game.rs:257 on ThreadId(11)

  2026-07-13T00:07:24.149137Z DEBUG  Assigned hole #19 to x/y position 6/2
    at src/game.rs:257 on ThreadId(11)

  2026-07-13T00:07:24.149144Z DEBUG  Assigned hole #20 to x/y position 0/3
    at src/game.rs:257 on ThreadId(11)

  2026-07-13T00:07:24.149152Z DEBUG  Assigned hole #21 to x/y position 1/3
    at src/game.rs:257 on ThreadId(11)

  2026-07-13T00:07:24.149159Z DEBUG  Assigned hole #22 to x/y position 2/3
    at src/game.rs:257 on ThreadId(11)

  2026-07-13T00:07:24.149167Z DEBUG  Assigned hole #23 to x/y position 3/3
    at src/game.rs:257 on ThreadId(11)

  2026-07-13T00:07:24.149174Z DEBUG  Assigned hole #24 to x/y position 4/3
    at src/game.rs:257 on ThreadId(11)

  2026-07-13T00:07:24.149182Z DEBUG  Assigned hole #25 to x/y position 5/3
    at src/game.rs:257 on ThreadId(11)

  2026-07-13T00:07:24.149189Z DEBUG  Assigned hole #26 to x/y position 0/4
    at src/game.rs:257 on ThreadId(11)

  2026-07-13T00:07:24.149197Z DEBUG  Assigned hole #27 to x/y position 1/4
    at src/game.rs:257 on ThreadId(11)

  2026-07-13T00:07:24.149204Z DEBUG  Assigned hole #28 to x/y position 2/4
    at src/game.rs:257 on ThreadId(11)

  2026-07-13T00:07:24.149212Z DEBUG  Assigned hole #29 to x/y position 3/4
    at src/game.rs:257 on ThreadId(11)

  2026-07-13T00:07:24.149219Z DEBUG  Assigned hole #30 to x/y position 4/4
    at src/game.rs:257 on ThreadId(11)

  2026-07-13T00:07:24.149227Z DEBUG  Assigned hole #31 to x/y position 5/4
    at src/game.rs:257 on ThreadId(11)

  2026-07-13T00:07:24.149234Z DEBUG  Assigned hole #32 to x/y position 6/4
    at src/game.rs:257 on ThreadId(11)

  2026-07-13T00:07:24.149242Z DEBUG  Assigned hole #33 to x/y position 0/5
    at src/game.rs:257 on ThreadId(11)

  2026-07-13T00:07:24.149250Z DEBUG  Assigned hole #34 to x/y position 1/5
    at src/game.rs:257 on ThreadId(11)

  2026-07-13T00:07:24.149257Z DEBUG  Assigned hole #35 to x/y position 2/5
    at src/game.rs:257 on ThreadId(11)

  2026-07-13T00:07:24.149265Z DEBUG  Assigned hole #36 to x/y position 3/5
    at src/game.rs:257 on ThreadId(11)

  2026-07-13T00:07:24.149272Z DEBUG  Assigned hole #37 to x/y position 4/5
    at src/game.rs:257 on ThreadId(11)

  2026-07-13T00:07:24.149280Z DEBUG  Assigned hole #38 to x/y position 5/5
    at src/game.rs:257 on ThreadId(11)

  2026-07-13T00:07:24.149287Z DEBUG  Assigned hole #39 to x/y position 0/6
    at src/game.rs:257 on ThreadId(11)

  2026-07-13T00:07:24.149295Z DEBUG  Assigned hole #40 to x/y position 1/6
    at src/game.rs:257 on ThreadId(11)

  2026-07-13T00:07:24.149303Z  INFO  Naming 41 moles and assigning them to holes
    at src/game.rs:185 on ThreadId(11)

  2026-07-13T00:07:24.149314Z DEBUG  Assigned mole James to hole at x/y 2/3
    at src/game.rs:205 on ThreadId(11)

  2026-07-13T00:07:24.149326Z DEBUG  Assigned mole Sarah to hole at x/y 5/3
    at src/game.rs:205 on ThreadId(11)

  2026-07-13T00:07:24.149338Z DEBUG  Assigned mole Donald to hole at x/y 6/0
    at src/game.rs:205 on ThreadId(11)

  2026-07-13T00:07:24.149359Z DEBUG  Assigned mole Patrick to hole at x/y 5/1
    at src/game.rs:205 on ThreadId(11)

  2026-07-13T00:07:24.149371Z DEBUG  Assigned mole Linda to hole at x/y 4/2
    at src/game.rs:205 on ThreadId(11)

  2026-07-13T00:07:24.149382Z DEBUG  Assigned mole Abigail to hole at x/y 0/0
    at src/game.rs:205 on ThreadId(11)

  2026-07-13T00:07:24.149393Z DEBUG  Assigned mole Ryan to hole at x/y 1/4
    at src/game.rs:205 on ThreadId(11)

  2026-07-13T00:07:24.149408Z DEBUG  Assigned mole Jean to hole at x/y 0/6
    at src/game.rs:205 on ThreadId(11)

  2026-07-13T00:07:24.149420Z DEBUG  Assigned mole Kenneth to hole at x/y 1/0
    at src/game.rs:205 on ThreadId(11)

  2026-07-13T00:07:24.149434Z DEBUG  Assigned mole Cheryl to hole at x/y 2/1
    at src/game.rs:205 on ThreadId(11)

  2026-07-13T00:07:24.149446Z DEBUG  Assigned mole Anna to hole at x/y 0/3
    at src/game.rs:205 on ThreadId(11)

  2026-07-13T00:07:24.149458Z DEBUG  Assigned mole Linda to hole at x/y 3/2
    at src/game.rs:205 on ThreadId(11)

  2026-07-13T00:07:24.149469Z DEBUG  Assigned mole Nancy to hole at x/y 3/5
    at src/game.rs:205 on ThreadId(11)

  2026-07-13T00:07:24.149480Z DEBUG  Assigned mole Sean to hole at x/y 4/0
    at src/game.rs:205 on ThreadId(11)

  2026-07-13T00:07:24.149492Z DEBUG  Assigned mole Heather to hole at x/y 1/3
    at src/game.rs:205 on ThreadId(11)

  2026-07-13T00:07:24.149504Z DEBUG  Assigned mole Helen to hole at x/y 4/4
    at src/game.rs:205 on ThreadId(11)

  2026-07-13T00:07:24.149515Z DEBUG  Assigned mole Jordan to hole at x/y 3/3
    at src/game.rs:205 on ThreadId(11)

  2026-07-13T00:07:24.149527Z DEBUG  Assigned mole Isabella to hole at x/y 5/5
    at src/game.rs:205 on ThreadId(11)

  2026-07-13T00:07:24.149538Z DEBUG  Assigned mole Carl to hole at x/y 0/4
    at src/game.rs:205 on ThreadId(11)

  2026-07-13T00:07:24.149549Z DEBUG  Assigned mole Charlotte to hole at x/y 6/4
    at src/game.rs:205 on ThreadId(11)

  2026-07-13T00:07:24.149560Z DEBUG  Assigned mole Virginia to hole at x/y 2/2
    at src/game.rs:205 on ThreadId(11)

  2026-07-13T00:07:24.149572Z DEBUG  Assigned mole Noah to hole at x/y 2/4
    at src/game.rs:205 on ThreadId(11)

  2026-07-13T00:07:24.149582Z DEBUG  Assigned mole Lawrence to hole at x/y 1/6
    at src/game.rs:205 on ThreadId(11)

  2026-07-13T00:07:24.149605Z DEBUG  Assigned mole Helen to hole at x/y 5/2
    at src/game.rs:205 on ThreadId(11)

  2026-07-13T00:07:24.149617Z DEBUG  Assigned mole Danielle to hole at x/y 2/5
    at src/game.rs:205 on ThreadId(11)

  2026-07-13T00:07:24.149628Z DEBUG  Assigned mole Ashley to hole at x/y 1/2
    at src/game.rs:205 on ThreadId(11)

  2026-07-13T00:07:24.149640Z DEBUG  Assigned mole Ronald to hole at x/y 5/4
    at src/game.rs:205 on ThreadId(11)

  2026-07-13T00:07:24.149651Z DEBUG  Assigned mole William to hole at x/y 3/1
    at src/game.rs:205 on ThreadId(11)

  2026-07-13T00:07:24.149661Z DEBUG  Assigned mole Kenneth to hole at x/y 0/5
    at src/game.rs:205 on ThreadId(11)

  2026-07-13T00:07:24.149671Z DEBUG  Assigned mole Joseph to hole at x/y 4/3
    at src/game.rs:205 on ThreadId(11)

  2026-07-13T00:07:24.149681Z DEBUG  Assigned mole Lori to hole at x/y 1/5
    at src/game.rs:205 on ThreadId(11)

  2026-07-13T00:07:24.149690Z DEBUG  Assigned mole Kimberly to hole at x/y 1/1
    at src/game.rs:205 on ThreadId(11)

  2026-07-13T00:07:24.149700Z DEBUG  Assigned mole Laura to hole at x/y 5/0
    at src/game.rs:205 on ThreadId(11)

  2026-07-13T00:07:24.149710Z DEBUG  Assigned mole George to hole at x/y 6/2
    at src/game.rs:205 on ThreadId(11)

  2026-07-13T00:07:24.149719Z DEBUG  Assigned mole Maria to hole at x/y 0/2
    at src/game.rs:205 on ThreadId(11)

  2026-07-13T00:07:24.149729Z DEBUG  Assigned mole Bryan to hole at x/y 4/1
    at src/game.rs:205 on ThreadId(11)

  2026-07-13T00:07:24.149738Z DEBUG  Assigned mole Gary to hole at x/y 0/1
    at src/game.rs:205 on ThreadId(11)

  2026-07-13T00:07:24.149747Z DEBUG  Assigned mole Matthew to hole at x/y 4/5
    at src/game.rs:205 on ThreadId(11)

  2026-07-13T00:07:24.149756Z DEBUG  Assigned mole Nancy to hole at x/y 2/0
    at src/game.rs:205 on ThreadId(11)

  2026-07-13T00:07:24.149767Z DEBUG  Assigned mole Amy to hole at x/y 3/0
    at src/game.rs:205 on ThreadId(11)

  2026-07-13T00:07:24.149777Z DEBUG  Assigned mole Kathryn to hole at x/y 3/4
    at src/game.rs:205 on ThreadId(11)

  2026-07-13T00:07:24.232841Z  INFO  Increasing number of moles from 41 to 42
    at src/game.rs:157 on ThreadId(3)

  2026-07-13T00:07:24.232855Z  INFO  Generating 42 moles
    at src/game.rs:238 on ThreadId(3)

  2026-07-13T00:07:24.232869Z  INFO  Increasing number of holes from 41 to 42
    at src/game.rs:164 on ThreadId(3)

  2026-07-13T00:07:24.232876Z  INFO  Generating 42 holes
    at src/game.rs:244 on ThreadId(3)

  2026-07-13T00:07:24.232884Z DEBUG  Assigned hole #0 to x/y position 0/0
    at src/game.rs:257 on ThreadId(3)

  2026-07-13T00:07:24.232891Z DEBUG  Assigned hole #1 to x/y position 1/0
    at src/game.rs:257 on ThreadId(3)

  2026-07-13T00:07:24.232899Z DEBUG  Assigned hole #2 to x/y position 2/0
    at src/game.rs:257 on ThreadId(3)

  2026-07-13T00:07:24.232906Z DEBUG  Assigned hole #3 to x/y position 3/0
    at src/game.rs:257 on ThreadId(3)

  2026-07-13T00:07:24.232914Z DEBUG  Assigned hole #4 to x/y position 4/0
    at src/game.rs:257 on ThreadId(3)

  2026-07-13T00:07:24.232921Z DEBUG  Assigned hole #5 to x/y position 5/0
    at src/game.rs:257 on ThreadId(3)

  2026-07-13T00:07:24.232929Z DEBUG  Assigned hole #6 to x/y position 6/0
    at src/game.rs:257 on ThreadId(3)

  2026-07-13T00:07:24.232938Z DEBUG  Assigned hole #7 to x/y position 0/1
    at src/game.rs:257 on ThreadId(3)

  2026-07-13T00:07:24.232947Z DEBUG  Assigned hole #8 to x/y position 1/1
    at src/game.rs:257 on ThreadId(3)

  2026-07-13T00:07:24.232956Z DEBUG  Assigned hole #9 to x/y position 2/1
    at src/game.rs:257 on ThreadId(3)

  2026-07-13T00:07:24.232964Z DEBUG  Assigned hole #10 to x/y position 3/1
    at src/game.rs:257 on ThreadId(3)

  2026-07-13T00:07:24.232971Z DEBUG  Assigned hole #11 to x/y position 4/1
    at src/game.rs:257 on ThreadId(3)

  2026-07-13T00:07:24.232979Z DEBUG  Assigned hole #12 to x/y position 5/1
    at src/game.rs:257 on ThreadId(3)

  2026-07-13T00:07:24.232987Z DEBUG  Assigned hole #13 to x/y position 0/2
    at src/game.rs:257 on ThreadId(3)

  2026-07-13T00:07:24.232994Z DEBUG  Assigned hole #14 to x/y position 1/2
    at src/game.rs:257 on ThreadId(3)

  2026-07-13T00:07:24.233002Z DEBUG  Assigned hole #15 to x/y position 2/2
    at src/game.rs:257 on ThreadId(3)

  2026-07-13T00:07:24.233010Z DEBUG  Assigned hole #16 to x/y position 3/2
    at src/game.rs:257 on ThreadId(3)

  2026-07-13T00:07:24.233017Z DEBUG  Assigned hole #17 to x/y position 4/2
    at src/game.rs:257 on ThreadId(3)

  2026-07-13T00:07:24.233024Z DEBUG  Assigned hole #18 to x/y position 5/2
    at src/game.rs:257 on ThreadId(3)

  2026-07-13T00:07:24.233032Z DEBUG  Assigned hole #19 to x/y position 6/2
    at src/game.rs:257 on ThreadId(3)

  2026-07-13T00:07:24.233039Z DEBUG  Assigned hole #20 to x/y position 0/3
    at src/game.rs:257 on ThreadId(3)

  2026-07-13T00:07:24.233046Z DEBUG  Assigned hole #21 to x/y position 1/3
    at src/game.rs:257 on ThreadId(3)

  2026-07-13T00:07:24.233054Z DEBUG  Assigned hole #22 to x/y position 2/3
    at src/game.rs:257 on ThreadId(3)

  2026-07-13T00:07:24.233061Z DEBUG  Assigned hole #23 to x/y position 3/3
    at src/game.rs:257 on ThreadId(3)

  2026-07-13T00:07:24.233068Z DEBUG  Assigned hole #24 to x/y position 4/3
    at src/game.rs:257 on ThreadId(3)

  2026-07-13T00:07:24.233076Z DEBUG  Assigned hole #25 to x/y position 5/3
    at src/game.rs:257 on ThreadId(3)

  2026-07-13T00:07:24.233083Z DEBUG  Assigned hole #26 to x/y position 0/4
    at src/game.rs:257 on ThreadId(3)

  2026-07-13T00:07:24.233090Z DEBUG  Assigned hole #27 to x/y position 1/4
    at src/game.rs:257 on ThreadId(3)

  2026-07-13T00:07:24.233098Z DEBUG  Assigned hole #28 to x/y position 2/4
    at src/game.rs:257 on ThreadId(3)

  2026-07-13T00:07:24.233105Z DEBUG  Assigned hole #29 to x/y position 3/4
    at src/game.rs:257 on ThreadId(3)

  2026-07-13T00:07:24.233112Z DEBUG  Assigned hole #30 to x/y position 4/4
    at src/game.rs:257 on ThreadId(3)

  2026-07-13T00:07:24.233120Z DEBUG  Assigned hole #31 to x/y position 5/4
    at src/game.rs:257 on ThreadId(3)

  2026-07-13T00:07:24.233127Z DEBUG  Assigned hole #32 to x/y position 6/4
    at src/game.rs:257 on ThreadId(3)

  2026-07-13T00:07:24.233135Z DEBUG  Assigned hole #33 to x/y position 0/5
    at src/game.rs:257 on ThreadId(3)

  2026-07-13T00:07:24.233142Z DEBUG  Assigned hole #34 to x/y position 1/5
    at src/game.rs:257 on ThreadId(3)

  2026-07-13T00:07:24.233149Z DEBUG  Assigned hole #35 to x/y position 2/5
    at src/game.rs:257 on ThreadId(3)

  2026-07-13T00:07:24.233157Z DEBUG  Assigned hole #36 to x/y position 3/5
    at src/game.rs:257 on ThreadId(3)

  2026-07-13T00:07:24.233164Z DEBUG  Assigned hole #37 to x/y position 4/5
    at src/game.rs:257 on ThreadId(3)

  2026-07-13T00:07:24.233172Z DEBUG  Assigned hole #38 to x/y position 5/5
    at src/game.rs:257 on ThreadId(3)

  2026-07-13T00:07:24.233179Z DEBUG  Assigned hole #39 to x/y position 0/6
    at src/game.rs:257 on ThreadId(3)

  2026-07-13T00:07:24.233187Z DEBUG  Assigned hole #40 to x/y position 1/6
    at src/game.rs:257 on ThreadId(3)

  2026-07-13T00:07:24.233194Z DEBUG  Assigned hole #41 to x/y position 2/6
    at src/game.rs:257 on ThreadId(3)

  2026-07-13T00:07:24.233201Z  INFO  Naming 42 moles and assigning them to holes
    at src/game.rs:185 on ThreadId(3)

  2026-07-13T00:07:24.233214Z DEBUG  Assigned mole Danielle to hole at x/y 3/0
    at src/game.rs:205 on ThreadId(3)

  2026-07-13T00:07:24.233226Z DEBUG  Assigned mole Steven to hole at x/y 6/2
    at src/game.rs:205 on ThreadId(3)

  2026-07-13T00:07:24.233248Z DEBUG  Assigned mole Diana to hole at x/y 3/4
    at src/game.rs:205 on ThreadId(3)

  2026-07-13T00:07:24.233260Z DEBUG  Assigned mole Teresa to hole at x/y 0/5
    at src/game.rs:205 on ThreadId(3)

  2026-07-13T00:07:24.233272Z DEBUG  Assigned mole Donna to hole at x/y 2/2
    at src/game.rs:205 on ThreadId(3)

  2026-07-13T00:07:24.233283Z DEBUG  Assigned mole Shirley to hole at x/y 4/5
    at src/game.rs:205 on ThreadId(3)

  2026-07-13T00:07:24.233295Z DEBUG  Assigned mole Alice to hole at x/y 5/2
    at src/game.rs:205 on ThreadId(3)

  2026-07-13T00:07:24.233306Z DEBUG  Assigned mole Bobby to hole at x/y 2/1
    at src/game.rs:205 on ThreadId(3)

  2026-07-13T00:07:24.233317Z DEBUG  Assigned mole Bryan to hole at x/y 5/0
    at src/game.rs:205 on ThreadId(3)

  2026-07-13T00:07:24.233328Z DEBUG  Assigned mole Linda to hole at x/y 1/5
    at src/game.rs:205 on ThreadId(3)

  2026-07-13T00:07:24.233339Z DEBUG  Assigned mole Richard to hole at x/y 1/2
    at src/game.rs:205 on ThreadId(3)

  2026-07-13T00:07:24.233351Z DEBUG  Assigned mole Deborah to hole at x/y 5/3
    at src/game.rs:205 on ThreadId(3)

  2026-07-13T00:07:24.233362Z DEBUG  Assigned mole Nicole to hole at x/y 4/2
    at src/game.rs:205 on ThreadId(3)

  2026-07-13T00:07:24.233373Z DEBUG  Assigned mole Emily to hole at x/y 4/0
    at src/game.rs:205 on ThreadId(3)

  2026-07-13T00:07:24.233384Z DEBUG  Assigned mole Amber to hole at x/y 4/4
    at src/game.rs:205 on ThreadId(3)

  2026-07-13T00:07:24.233394Z DEBUG  Assigned mole Catherine to hole at x/y 3/5
    at src/game.rs:205 on ThreadId(3)

  2026-07-13T00:07:24.233405Z DEBUG  Assigned mole Victoria to hole at x/y 3/1
    at src/game.rs:205 on ThreadId(3)

  2026-07-13T00:07:24.233416Z DEBUG  Assigned mole Barbara to hole at x/y 3/2
    at src/game.rs:205 on ThreadId(3)

  2026-07-13T00:07:24.233427Z DEBUG  Assigned mole Sophia to hole at x/y 0/1
    at src/game.rs:205 on ThreadId(3)

  2026-07-13T00:07:24.233437Z DEBUG  Assigned mole Janice to hole at x/y 0/0
    at src/game.rs:205 on ThreadId(3)

  2026-07-13T00:07:24.233448Z DEBUG  Assigned mole Katherine to hole at x/y 0/2
    at src/game.rs:205 on ThreadId(3)

  2026-07-13T00:07:24.233458Z DEBUG  Assigned mole Joshua to hole at x/y 0/6
    at src/game.rs:205 on ThreadId(3)

  2026-07-13T00:07:24.233479Z DEBUG  Assigned mole Jason to hole at x/y 5/1
    at src/game.rs:205 on ThreadId(3)

  2026-07-13T00:07:24.233490Z DEBUG  Assigned mole Barbara to hole at x/y 0/4
    at src/game.rs:205 on ThreadId(3)

  2026-07-13T00:07:24.233500Z DEBUG  Assigned mole Theresa to hole at x/y 2/3
    at src/game.rs:205 on ThreadId(3)

  2026-07-13T00:07:24.233510Z DEBUG  Assigned mole Amanda to hole at x/y 6/4
    at src/game.rs:205 on ThreadId(3)

  2026-07-13T00:07:24.233520Z DEBUG  Assigned mole Jonathan to hole at x/y 1/6
    at src/game.rs:205 on ThreadId(3)

  2026-07-13T00:07:24.233531Z DEBUG  Assigned mole Debra to hole at x/y 5/4
    at src/game.rs:205 on ThreadId(3)

  2026-07-13T00:07:24.233541Z DEBUG  Assigned mole Howard to hole at x/y 4/1
    at src/game.rs:205 on ThreadId(3)

  2026-07-13T00:07:24.233551Z DEBUG  Assigned mole Roger to hole at x/y 3/3
    at src/game.rs:205 on ThreadId(3)

  2026-07-13T00:07:24.233561Z DEBUG  Assigned mole Tyler to hole at x/y 2/6
    at src/game.rs:205 on ThreadId(3)

  2026-07-13T00:07:24.233570Z DEBUG  Assigned mole Alan to hole at x/y 6/0
    at src/game.rs:205 on ThreadId(3)

  2026-07-13T00:07:24.233580Z DEBUG  Assigned mole Kelly to hole at x/y 4/3
    at src/game.rs:205 on ThreadId(3)

  2026-07-13T00:07:24.233590Z DEBUG  Assigned mole Anthony to hole at x/y 1/3
    at src/game.rs:205 on ThreadId(3)

  2026-07-13T00:07:24.233599Z DEBUG  Assigned mole Jack to hole at x/y 1/4
    at src/game.rs:205 on ThreadId(3)

  2026-07-13T00:07:24.233608Z DEBUG  Assigned mole Austin to hole at x/y 2/0
    at src/game.rs:205 on ThreadId(3)

  2026-07-13T00:07:24.233618Z DEBUG  Assigned mole Jessica to hole at x/y 5/5
    at src/game.rs:205 on ThreadId(3)

  2026-07-13T00:07:24.233627Z DEBUG  Assigned mole George to hole at x/y 1/1
    at src/game.rs:205 on ThreadId(3)

  2026-07-13T00:07:24.233636Z DEBUG  Assigned mole Denise to hole at x/y 1/0
    at src/game.rs:205 on ThreadId(3)

  2026-07-13T00:07:24.233645Z DEBUG  Assigned mole Jacob to hole at x/y 2/5
    at src/game.rs:205 on ThreadId(3)

  2026-07-13T00:07:24.233654Z DEBUG  Assigned mole Teresa to hole at x/y 0/3
    at src/game.rs:205 on ThreadId(3)

  2026-07-13T00:07:24.233663Z DEBUG  Assigned mole Terry to hole at x/y 2/4
    at src/game.rs:205 on ThreadId(3)

  2026-07-13T00:07:24.317200Z  INFO  Increasing number of moles from 42 to 43
    at src/game.rs:157 on ThreadId(11)

  2026-07-13T00:07:24.317225Z  INFO  Generating 43 moles
    at src/game.rs:238 on ThreadId(11)

  2026-07-13T00:07:24.317237Z  INFO  Increasing number of holes from 42 to 43
    at src/game.rs:164 on ThreadId(11)

  2026-07-13T00:07:24.317245Z  INFO  Generating 43 holes
    at src/game.rs:244 on ThreadId(11)

  2026-07-13T00:07:24.317252Z DEBUG  Assigned hole #0 to x/y position 0/0
    at src/game.rs:257 on ThreadId(11)

  2026-07-13T00:07:24.317260Z DEBUG  Assigned hole #1 to x/y position 1/0
    at src/game.rs:257 on ThreadId(11)

  2026-07-13T00:07:24.317267Z DEBUG  Assigned hole #2 to x/y position 2/0
    at src/game.rs:257 on ThreadId(11)

  2026-07-13T00:07:24.317275Z DEBUG  Assigned hole #3 to x/y position 3/0
    at src/game.rs:257 on ThreadId(11)

  2026-07-13T00:07:24.317283Z DEBUG  Assigned hole #4 to x/y position 4/0
    at src/game.rs:257 on ThreadId(11)

  2026-07-13T00:07:24.317290Z DEBUG  Assigned hole #5 to x/y position 5/0
    at src/game.rs:257 on ThreadId(11)

  2026-07-13T00:07:24.317299Z DEBUG  Assigned hole #6 to x/y position 6/0
    at src/game.rs:257 on ThreadId(11)

  2026-07-13T00:07:24.317308Z DEBUG  Assigned hole #7 to x/y position 0/1
    at src/game.rs:257 on ThreadId(11)

  2026-07-13T00:07:24.317318Z DEBUG  Assigned hole #8 to x/y position 1/1
    at src/game.rs:257 on ThreadId(11)

  2026-07-13T00:07:24.317327Z DEBUG  Assigned hole #9 to x/y position 2/1
    at src/game.rs:257 on ThreadId(11)

  2026-07-13T00:07:24.317334Z DEBUG  Assigned hole #10 to x/y position 3/1
    at src/game.rs:257 on ThreadId(11)

  2026-07-13T00:07:24.317342Z DEBUG  Assigned hole #11 to x/y position 4/1
    at src/game.rs:257 on ThreadId(11)

  2026-07-13T00:07:24.317349Z DEBUG  Assigned hole #12 to x/y position 5/1
    at src/game.rs:257 on ThreadId(11)

  2026-07-13T00:07:24.317357Z DEBUG  Assigned hole #13 to x/y position 0/2
    at src/game.rs:257 on ThreadId(11)

  2026-07-13T00:07:24.317365Z DEBUG  Assigned hole #14 to x/y position 1/2
    at src/game.rs:257 on ThreadId(11)

  2026-07-13T00:07:24.317373Z DEBUG  Assigned hole #15 to x/y position 2/2
    at src/game.rs:257 on ThreadId(11)

  2026-07-13T00:07:24.317386Z DEBUG  Assigned hole #16 to x/y position 3/2
    at src/game.rs:257 on ThreadId(11)

  2026-07-13T00:07:24.317394Z DEBUG  Assigned hole #17 to x/y position 4/2
    at src/game.rs:257 on ThreadId(11)

  2026-07-13T00:07:24.317402Z DEBUG  Assigned hole #18 to x/y position 5/2
    at src/game.rs:257 on ThreadId(11)

  2026-07-13T00:07:24.317409Z DEBUG  Assigned hole #19 to x/y position 6/2
    at src/game.rs:257 on ThreadId(11)

  2026-07-13T00:07:24.317417Z DEBUG  Assigned hole #20 to x/y position 0/3
    at src/game.rs:257 on ThreadId(11)

  2026-07-13T00:07:24.317425Z DEBUG  Assigned hole #21 to x/y position 1/3
    at src/game.rs:257 on ThreadId(11)

  2026-07-13T00:07:24.317432Z DEBUG  Assigned hole #22 to x/y position 2/3
    at src/game.rs:257 on ThreadId(11)

  2026-07-13T00:07:24.317439Z DEBUG  Assigned hole #23 to x/y position 3/3
    at src/game.rs:257 on ThreadId(11)

  2026-07-13T00:07:24.317447Z DEBUG  Assigned hole #24 to x/y position 4/3
    at src/game.rs:257 on ThreadId(11)

  2026-07-13T00:07:24.317455Z DEBUG  Assigned hole #25 to x/y position 5/3
    at src/game.rs:257 on ThreadId(11)

  2026-07-13T00:07:24.317463Z DEBUG  Assigned hole #26 to x/y position 0/4
    at src/game.rs:257 on ThreadId(11)

  2026-07-13T00:07:24.317471Z DEBUG  Assigned hole #27 to x/y position 1/4
    at src/game.rs:257 on ThreadId(11)

  2026-07-13T00:07:24.317478Z DEBUG  Assigned hole #28 to x/y position 2/4
    at src/game.rs:257 on ThreadId(11)

  2026-07-13T00:07:24.317487Z DEBUG  Assigned hole #29 to x/y position 3/4
    at src/game.rs:257 on ThreadId(11)

  2026-07-13T00:07:24.317494Z DEBUG  Assigned hole #30 to x/y position 4/4
    at src/game.rs:257 on ThreadId(11)

  2026-07-13T00:07:24.317502Z DEBUG  Assigned hole #31 to x/y position 5/4
    at src/game.rs:257 on ThreadId(11)

  2026-07-13T00:07:24.317511Z DEBUG  Assigned hole #32 to x/y position 6/4
    at src/game.rs:257 on ThreadId(11)

  2026-07-13T00:07:24.317518Z DEBUG  Assigned hole #33 to x/y position 0/5
    at src/game.rs:257 on ThreadId(11)

  2026-07-13T00:07:24.317525Z DEBUG  Assigned hole #34 to x/y position 1/5
    at src/game.rs:257 on ThreadId(11)

  2026-07-13T00:07:24.317533Z DEBUG  Assigned hole #35 to x/y position 2/5
    at src/game.rs:257 on ThreadId(11)

  2026-07-13T00:07:24.317541Z DEBUG  Assigned hole #36 to x/y position 3/5
    at src/game.rs:257 on ThreadId(11)

  2026-07-13T00:07:24.317551Z DEBUG  Assigned hole #37 to x/y position 4/5
    at src/game.rs:257 on ThreadId(11)

  2026-07-13T00:07:24.317559Z DEBUG  Assigned hole #38 to x/y position 5/5
    at src/game.rs:257 on ThreadId(11)

  2026-07-13T00:07:24.317567Z DEBUG  Assigned hole #39 to x/y position 0/6
    at src/game.rs:257 on ThreadId(11)

  2026-07-13T00:07:24.317576Z DEBUG  Assigned hole #40 to x/y position 1/6
    at src/game.rs:257 on ThreadId(11)

  2026-07-13T00:07:24.317584Z DEBUG  Assigned hole #41 to x/y position 2/6
    at src/game.rs:257 on ThreadId(11)

  2026-07-13T00:07:24.317592Z DEBUG  Assigned hole #42 to x/y position 3/6
    at src/game.rs:257 on ThreadId(11)

  2026-07-13T00:07:24.317600Z  INFO  Naming 43 moles and assigning them to holes
    at src/game.rs:185 on ThreadId(11)

  2026-07-13T00:07:24.317612Z DEBUG  Assigned mole Alice to hole at x/y 2/5
    at src/game.rs:205 on ThreadId(11)

  2026-07-13T00:07:24.317624Z DEBUG  Assigned mole Sara to hole at x/y 4/0
    at src/game.rs:205 on ThreadId(11)

  2026-07-13T00:07:24.317636Z DEBUG  Assigned mole Donald to hole at x/y 4/5
    at src/game.rs:205 on ThreadId(11)

  2026-07-13T00:07:24.317649Z DEBUG  Assigned mole Larry to hole at x/y 6/2
    at src/game.rs:205 on ThreadId(11)

  2026-07-13T00:07:24.317662Z DEBUG  Assigned mole Brenda to hole at x/y 6/4
    at src/game.rs:205 on ThreadId(11)

  2026-07-13T00:07:24.317675Z DEBUG  Assigned mole Jessica to hole at x/y 6/0
    at src/game.rs:205 on ThreadId(11)

  2026-07-13T00:07:24.317686Z DEBUG  Assigned mole Emma to hole at x/y 3/0
    at src/game.rs:205 on ThreadId(11)

  2026-07-13T00:07:24.317708Z DEBUG  Assigned mole Scott to hole at x/y 2/2
    at src/game.rs:205 on ThreadId(11)

  2026-07-13T00:07:24.317720Z DEBUG  Assigned mole Ronald to hole at x/y 1/6
    at src/game.rs:205 on ThreadId(11)

  2026-07-13T00:07:24.317731Z DEBUG  Assigned mole Gary to hole at x/y 5/2
    at src/game.rs:205 on ThreadId(11)

  2026-07-13T00:07:24.317742Z DEBUG  Assigned mole Eugene to hole at x/y 1/3
    at src/game.rs:205 on ThreadId(11)

  2026-07-13T00:07:24.317754Z DEBUG  Assigned mole Gregory to hole at x/y 3/4
    at src/game.rs:205 on ThreadId(11)

  2026-07-13T00:07:24.317765Z DEBUG  Assigned mole Steven to hole at x/y 2/1
    at src/game.rs:205 on ThreadId(11)

  2026-07-13T00:07:24.317777Z DEBUG  Assigned mole Jennifer to hole at x/y 5/5
    at src/game.rs:205 on ThreadId(11)

  2026-07-13T00:07:24.317787Z DEBUG  Assigned mole Johnny to hole at x/y 0/2
    at src/game.rs:205 on ThreadId(11)

  2026-07-13T00:07:24.317799Z DEBUG  Assigned mole Nathan to hole at x/y 3/3
    at src/game.rs:205 on ThreadId(11)

  2026-07-13T00:07:24.317810Z DEBUG  Assigned mole Gloria to hole at x/y 0/3
    at src/game.rs:205 on ThreadId(11)

  2026-07-13T00:07:24.317821Z DEBUG  Assigned mole Carl to hole at x/y 5/1
    at src/game.rs:205 on ThreadId(11)

  2026-07-13T00:07:24.317832Z DEBUG  Assigned mole Deborah to hole at x/y 1/1
    at src/game.rs:205 on ThreadId(11)

  2026-07-13T00:07:24.317843Z DEBUG  Assigned mole Mark to hole at x/y 4/4
    at src/game.rs:205 on ThreadId(11)

  2026-07-13T00:07:24.317854Z DEBUG  Assigned mole Kayla to hole at x/y 0/0
    at src/game.rs:205 on ThreadId(11)

  2026-07-13T00:07:24.317866Z DEBUG  Assigned mole Christian to hole at x/y 3/2
    at src/game.rs:205 on ThreadId(11)

  2026-07-13T00:07:24.317877Z DEBUG  Assigned mole Lori to hole at x/y 2/6
    at src/game.rs:205 on ThreadId(11)

  2026-07-13T00:07:24.317888Z DEBUG  Assigned mole Kathryn to hole at x/y 4/1
    at src/game.rs:205 on ThreadId(11)

  2026-07-13T00:07:24.317899Z DEBUG  Assigned mole Billy to hole at x/y 3/5
    at src/game.rs:205 on ThreadId(11)

  2026-07-13T00:07:24.317909Z DEBUG  Assigned mole Ronald to hole at x/y 2/0
    at src/game.rs:205 on ThreadId(11)

  2026-07-13T00:07:24.317919Z DEBUG  Assigned mole Benjamin to hole at x/y 4/3
    at src/game.rs:205 on ThreadId(11)

  2026-07-13T00:07:24.317940Z DEBUG  Assigned mole Katherine to hole at x/y 5/0
    at src/game.rs:205 on ThreadId(11)

  2026-07-13T00:07:24.317950Z DEBUG  Assigned mole Larry to hole at x/y 5/3
    at src/game.rs:205 on ThreadId(11)

  2026-07-13T00:07:24.317960Z DEBUG  Assigned mole Richard to hole at x/y 0/4
    at src/game.rs:205 on ThreadId(11)

  2026-07-13T00:07:24.317970Z DEBUG  Assigned mole Andrew to hole at x/y 0/5
    at src/game.rs:205 on ThreadId(11)

  2026-07-13T00:07:24.317980Z DEBUG  Assigned mole Billy to hole at x/y 3/1
    at src/game.rs:205 on ThreadId(11)

  2026-07-13T00:07:24.317992Z DEBUG  Assigned mole Cheryl to hole at x/y 5/4
    at src/game.rs:205 on ThreadId(11)

  2026-07-13T00:07:24.318010Z DEBUG  Assigned mole Juan to hole at x/y 4/2
    at src/game.rs:205 on ThreadId(11)

  2026-07-13T00:07:24.318021Z DEBUG  Assigned mole Robert to hole at x/y 0/6
    at src/game.rs:205 on ThreadId(11)

  2026-07-13T00:07:24.318031Z DEBUG  Assigned mole John to hole at x/y 2/3
    at src/game.rs:205 on ThreadId(11)

  2026-07-13T00:07:24.318040Z DEBUG  Assigned mole Arthur to hole at x/y 1/5
    at src/game.rs:205 on ThreadId(11)

  2026-07-13T00:07:24.318050Z DEBUG  Assigned mole Philip to hole at x/y 0/1
    at src/game.rs:205 on ThreadId(11)

  2026-07-13T00:07:24.318059Z DEBUG  Assigned mole Gerald to hole at x/y 1/4
    at src/game.rs:205 on ThreadId(11)

  2026-07-13T00:07:24.318068Z DEBUG  Assigned mole Samantha to hole at x/y 1/0
    at src/game.rs:205 on ThreadId(11)

  2026-07-13T00:07:24.318077Z DEBUG  Assigned mole Judith to hole at x/y 1/2
    at src/game.rs:205 on ThreadId(11)

  2026-07-13T00:07:24.318086Z DEBUG  Assigned mole Alan to hole at x/y 3/6
    at src/game.rs:205 on ThreadId(11)

  2026-07-13T00:07:24.318095Z DEBUG  Assigned mole Elizabeth to hole at x/y 2/4
    at src/game.rs:205 on ThreadId(11)

  2026-07-13T00:07:24.401175Z  INFO  Increasing number of moles from 43 to 44
    at src/game.rs:157 on ThreadId(3)

  2026-07-13T00:07:24.401195Z  INFO  Generating 44 moles
    at src/game.rs:238 on ThreadId(3)

  2026-07-13T00:07:24.401207Z  INFO  Increasing number of holes from 43 to 44
    at src/game.rs:164 on ThreadId(3)

  2026-07-13T00:07:24.401217Z  INFO  Generating 44 holes
    at src/game.rs:244 on ThreadId(3)

  2026-07-13T00:07:24.401225Z DEBUG  Assigned hole #0 to x/y position 0/0
    at src/game.rs:257 on ThreadId(3)

  2026-07-13T00:07:24.401233Z DEBUG  Assigned hole #1 to x/y position 1/0
    at src/game.rs:257 on ThreadId(3)

  2026-07-13T00:07:24.401241Z DEBUG  Assigned hole #2 to x/y position 2/0
    at src/game.rs:257 on ThreadId(3)

  2026-07-13T00:07:24.401249Z DEBUG  Assigned hole #3 to x/y position 3/0
    at src/game.rs:257 on ThreadId(3)

  2026-07-13T00:07:24.401257Z DEBUG  Assigned hole #4 to x/y position 4/0
    at src/game.rs:257 on ThreadId(3)

  2026-07-13T00:07:24.401265Z DEBUG  Assigned hole #5 to x/y position 5/0
    at src/game.rs:257 on ThreadId(3)

  2026-07-13T00:07:24.401273Z DEBUG  Assigned hole #6 to x/y position 6/0
    at src/game.rs:257 on ThreadId(3)

  2026-07-13T00:07:24.401280Z DEBUG  Assigned hole #7 to x/y position 0/1
    at src/game.rs:257 on ThreadId(3)

  2026-07-13T00:07:24.401288Z DEBUG  Assigned hole #8 to x/y position 1/1
    at src/game.rs:257 on ThreadId(3)

  2026-07-13T00:07:24.401296Z DEBUG  Assigned hole #9 to x/y position 2/1
    at src/game.rs:257 on ThreadId(3)

  2026-07-13T00:07:24.401303Z DEBUG  Assigned hole #10 to x/y position 3/1
    at src/game.rs:257 on ThreadId(3)

  2026-07-13T00:07:24.401311Z DEBUG  Assigned hole #11 to x/y position 4/1
    at src/game.rs:257 on ThreadId(3)

  2026-07-13T00:07:24.401319Z DEBUG  Assigned hole #12 to x/y position 5/1
    at src/game.rs:257 on ThreadId(3)

  2026-07-13T00:07:24.401327Z DEBUG  Assigned hole #13 to x/y position 0/2
    at src/game.rs:257 on ThreadId(3)

  2026-07-13T00:07:24.401335Z DEBUG  Assigned hole #14 to x/y position 1/2
    at src/game.rs:257 on ThreadId(3)

  2026-07-13T00:07:24.401342Z DEBUG  Assigned hole #15 to x/y position 2/2
    at src/game.rs:257 on ThreadId(3)

  2026-07-13T00:07:24.401350Z DEBUG  Assigned hole #16 to x/y position 3/2
    at src/game.rs:257 on ThreadId(3)

  2026-07-13T00:07:24.401358Z DEBUG  Assigned hole #17 to x/y position 4/2
    at src/game.rs:257 on ThreadId(3)

  2026-07-13T00:07:24.401366Z DEBUG  Assigned hole #18 to x/y position 5/2
    at src/game.rs:257 on ThreadId(3)

  2026-07-13T00:07:24.401374Z DEBUG  Assigned hole #19 to x/y position 6/2
    at src/game.rs:257 on ThreadId(3)

  2026-07-13T00:07:24.401382Z DEBUG  Assigned hole #20 to x/y position 0/3
    at src/game.rs:257 on ThreadId(3)

  2026-07-13T00:07:24.401391Z DEBUG  Assigned hole #21 to x/y position 1/3
    at src/game.rs:257 on ThreadId(3)

  2026-07-13T00:07:24.401399Z DEBUG  Assigned hole #22 to x/y position 2/3
    at src/game.rs:257 on ThreadId(3)

  2026-07-13T00:07:24.401406Z DEBUG  Assigned hole #23 to x/y position 3/3
    at src/game.rs:257 on ThreadId(3)

  2026-07-13T00:07:24.401414Z DEBUG  Assigned hole #24 to x/y position 4/3
    at src/game.rs:257 on ThreadId(3)

  2026-07-13T00:07:24.401421Z DEBUG  Assigned hole #25 to x/y position 5/3
    at src/game.rs:257 on ThreadId(3)

  2026-07-13T00:07:24.401429Z DEBUG  Assigned hole #26 to x/y position 0/4
    at src/game.rs:257 on ThreadId(3)

  2026-07-13T00:07:24.401438Z DEBUG  Assigned hole #27 to x/y position 1/4
    at src/game.rs:257 on ThreadId(3)

  2026-07-13T00:07:24.401447Z DEBUG  Assigned hole #28 to x/y position 2/4
    at src/game.rs:257 on ThreadId(3)

  2026-07-13T00:07:24.401454Z DEBUG  Assigned hole #29 to x/y position 3/4
    at src/game.rs:257 on ThreadId(3)

  2026-07-13T00:07:24.401461Z DEBUG  Assigned hole #30 to x/y position 4/4
    at src/game.rs:257 on ThreadId(3)

  2026-07-13T00:07:24.401469Z DEBUG  Assigned hole #31 to x/y position 5/4
    at src/game.rs:257 on ThreadId(3)

  2026-07-13T00:07:24.401477Z DEBUG  Assigned hole #32 to x/y position 6/4
    at src/game.rs:257 on ThreadId(3)

  2026-07-13T00:07:24.401484Z DEBUG  Assigned hole #33 to x/y position 0/5
    at src/game.rs:257 on ThreadId(3)

  2026-07-13T00:07:24.401491Z DEBUG  Assigned hole #34 to x/y position 1/5
    at src/game.rs:257 on ThreadId(3)

  2026-07-13T00:07:24.401499Z DEBUG  Assigned hole #35 to x/y position 2/5
    at src/game.rs:257 on ThreadId(3)

  2026-07-13T00:07:24.401506Z DEBUG  Assigned hole #36 to x/y position 3/5
    at src/game.rs:257 on ThreadId(3)

  2026-07-13T00:07:24.401514Z DEBUG  Assigned hole #37 to x/y position 4/5
    at src/game.rs:257 on ThreadId(3)

  2026-07-13T00:07:24.401521Z DEBUG  Assigned hole #38 to x/y position 5/5
    at src/game.rs:257 on ThreadId(3)

  2026-07-13T00:07:24.401529Z DEBUG  Assigned hole #39 to x/y position 0/6
    at src/game.rs:257 on ThreadId(3)

  2026-07-13T00:07:24.401536Z DEBUG  Assigned hole #40 to x/y position 1/6
    at src/game.rs:257 on ThreadId(3)

  2026-07-13T00:07:24.401543Z DEBUG  Assigned hole #41 to x/y position 2/6
    at src/game.rs:257 on ThreadId(3)

  2026-07-13T00:07:24.401551Z DEBUG  Assigned hole #42 to x/y position 3/6
    at src/game.rs:257 on ThreadId(3)

  2026-07-13T00:07:24.401559Z DEBUG  Assigned hole #43 to x/y position 4/6
    at src/game.rs:257 on ThreadId(3)

  2026-07-13T00:07:24.401566Z  INFO  Naming 44 moles and assigning them to holes
    at src/game.rs:185 on ThreadId(3)

  2026-07-13T00:07:24.401578Z DEBUG  Assigned mole Howard to hole at x/y 1/2
    at src/game.rs:205 on ThreadId(3)

  2026-07-13T00:07:24.401590Z DEBUG  Assigned mole Juan to hole at x/y 5/0
    at src/game.rs:205 on ThreadId(3)

  2026-07-13T00:07:24.401604Z DEBUG  Assigned mole Jacob to hole at x/y 6/2
    at src/game.rs:205 on ThreadId(3)

  2026-07-13T00:07:24.401617Z DEBUG  Assigned mole Gregory to hole at x/y 2/5
    at src/game.rs:205 on ThreadId(3)

  2026-07-13T00:07:24.401629Z DEBUG  Assigned mole Helen to hole at x/y 5/2
    at src/game.rs:205 on ThreadId(3)

  2026-07-13T00:07:24.401650Z DEBUG  Assigned mole Nicholas to hole at x/y 0/2
    at src/game.rs:205 on ThreadId(3)

  2026-07-13T00:07:24.401662Z DEBUG  Assigned mole Sharon to hole at x/y 4/6
    at src/game.rs:205 on ThreadId(3)

  2026-07-13T00:07:24.401674Z DEBUG  Assigned mole Harold to hole at x/y 3/1
    at src/game.rs:205 on ThreadId(3)

  2026-07-13T00:07:24.401686Z DEBUG  Assigned mole Jesse to hole at x/y 1/1
    at src/game.rs:205 on ThreadId(3)

  2026-07-13T00:07:24.401699Z DEBUG  Assigned mole Nicole to hole at x/y 6/4
    at src/game.rs:205 on ThreadId(3)

  2026-07-13T00:07:24.401710Z DEBUG  Assigned mole Christine to hole at x/y 3/2
    at src/game.rs:205 on ThreadId(3)

  2026-07-13T00:07:24.401721Z DEBUG  Assigned mole Jack to hole at x/y 0/0
    at src/game.rs:205 on ThreadId(3)

  2026-07-13T00:07:24.401733Z DEBUG  Assigned mole Victoria to hole at x/y 5/5
    at src/game.rs:205 on ThreadId(3)

  2026-07-13T00:07:24.401744Z DEBUG  Assigned mole Susan to hole at x/y 3/3
    at src/game.rs:205 on ThreadId(3)

  2026-07-13T00:07:24.401755Z DEBUG  Assigned mole James to hole at x/y 2/3
    at src/game.rs:205 on ThreadId(3)

  2026-07-13T00:07:24.401766Z DEBUG  Assigned mole Kathryn to hole at x/y 4/3
    at src/game.rs:205 on ThreadId(3)

  2026-07-13T00:07:24.401777Z DEBUG  Assigned mole Dennis to hole at x/y 2/4
    at src/game.rs:205 on ThreadId(3)

  2026-07-13T00:07:24.401788Z DEBUG  Assigned mole Kyle to hole at x/y 0/1
    at src/game.rs:205 on ThreadId(3)

  2026-07-13T00:07:24.401799Z DEBUG  Assigned mole Alice to hole at x/y 3/6
    at src/game.rs:205 on ThreadId(3)

  2026-07-13T00:07:24.401810Z DEBUG  Assigned mole Douglas to hole at x/y 3/4
    at src/game.rs:205 on ThreadId(3)

  2026-07-13T00:07:24.401821Z DEBUG  Assigned mole Debra to hole at x/y 2/2
    at src/game.rs:205 on ThreadId(3)

  2026-07-13T00:07:24.401831Z DEBUG  Assigned mole Lawrence to hole at x/y 4/2
    at src/game.rs:205 on ThreadId(3)

  2026-07-13T00:07:24.401843Z DEBUG  Assigned mole Mary to hole at x/y 4/4
    at src/game.rs:205 on ThreadId(3)

  2026-07-13T00:07:24.401854Z DEBUG  Assigned mole Bruce to hole at x/y 1/5
    at src/game.rs:205 on ThreadId(3)

  2026-07-13T00:07:24.401864Z DEBUG  Assigned mole Megan to hole at x/y 0/4
    at src/game.rs:205 on ThreadId(3)

  2026-07-13T00:07:24.401874Z DEBUG  Assigned mole Shirley to hole at x/y 1/0
    at src/game.rs:205 on ThreadId(3)

  2026-07-13T00:07:24.401894Z DEBUG  Assigned mole Joyce to hole at x/y 1/6
    at src/game.rs:205 on ThreadId(3)

  2026-07-13T00:07:24.401905Z DEBUG  Assigned mole Teresa to hole at x/y 3/5
    at src/game.rs:205 on ThreadId(3)

  2026-07-13T00:07:24.401915Z DEBUG  Assigned mole Samuel to hole at x/y 0/6
    at src/game.rs:205 on ThreadId(3)

  2026-07-13T00:07:24.401925Z DEBUG  Assigned mole Ryan to hole at x/y 2/6
    at src/game.rs:205 on ThreadId(3)

  2026-07-13T00:07:24.401935Z DEBUG  Assigned mole Terry to hole at x/y 3/0
    at src/game.rs:205 on ThreadId(3)

  2026-07-13T00:07:24.401945Z DEBUG  Assigned mole Russell to hole at x/y 1/3
    at src/game.rs:205 on ThreadId(3)

  2026-07-13T00:07:24.401955Z DEBUG  Assigned mole Evelyn to hole at x/y 0/3
    at src/game.rs:205 on ThreadId(3)

  2026-07-13T00:07:24.401964Z DEBUG  Assigned mole Benjamin to hole at x/y 1/4
    at src/game.rs:205 on ThreadId(3)

  2026-07-13T00:07:24.401974Z DEBUG  Assigned mole Benjamin to hole at x/y 4/0
    at src/game.rs:205 on ThreadId(3)

  2026-07-13T00:07:24.401983Z DEBUG  Assigned mole Natalie to hole at x/y 4/1
    at src/game.rs:205 on ThreadId(3)

  2026-07-13T00:07:24.401993Z DEBUG  Assigned mole Kathleen to hole at x/y 5/1
    at src/game.rs:205 on ThreadId(3)

  2026-07-13T00:07:24.402002Z DEBUG  Assigned mole Elizabeth to hole at x/y 2/1
    at src/game.rs:205 on ThreadId(3)

  2026-07-13T00:07:24.402011Z DEBUG  Assigned mole Isabella to hole at x/y 0/5
    at src/game.rs:205 on ThreadId(3)

  2026-07-13T00:07:24.402021Z DEBUG  Assigned mole Sarah to hole at x/y 5/3
    at src/game.rs:205 on ThreadId(3)

  2026-07-13T00:07:24.402030Z DEBUG  Assigned mole Janet to hole at x/y 2/0
    at src/game.rs:205 on ThreadId(3)

  2026-07-13T00:07:24.402039Z DEBUG  Assigned mole Kenneth to hole at x/y 4/5
    at src/game.rs:205 on ThreadId(3)

  2026-07-13T00:07:24.402048Z DEBUG  Assigned mole Bryan to hole at x/y 5/4
    at src/game.rs:205 on ThreadId(3)

  2026-07-13T00:07:24.402057Z DEBUG  Assigned mole Kyle to hole at x/y 6/0
    at src/game.rs:205 on ThreadId(3)

  2026-07-13T00:07:24.484410Z  INFO  Increasing number of moles from 44 to 45
    at src/game.rs:157 on ThreadId(9)

  2026-07-13T00:07:24.484443Z  INFO  Generating 45 moles
    at src/game.rs:238 on ThreadId(9)

  2026-07-13T00:07:24.484460Z  INFO  Increasing number of holes from 44 to 45
    at src/game.rs:164 on ThreadId(9)

  2026-07-13T00:07:24.484470Z  INFO  Generating 45 holes
    at src/game.rs:244 on ThreadId(9)

  2026-07-13T00:07:24.484479Z DEBUG  Assigned hole #0 to x/y position 0/0
    at src/game.rs:257 on ThreadId(9)

  2026-07-13T00:07:24.484489Z DEBUG  Assigned hole #1 to x/y position 1/0
    at src/game.rs:257 on ThreadId(9)

  2026-07-13T00:07:24.484498Z DEBUG  Assigned hole #2 to x/y position 2/0
    at src/game.rs:257 on ThreadId(9)

  2026-07-13T00:07:24.484508Z DEBUG  Assigned hole #3 to x/y position 3/0
    at src/game.rs:257 on ThreadId(9)

  2026-07-13T00:07:24.484517Z DEBUG  Assigned hole #4 to x/y position 4/0
    at src/game.rs:257 on ThreadId(9)

  2026-07-13T00:07:24.484525Z DEBUG  Assigned hole #5 to x/y position 5/0
    at src/game.rs:257 on ThreadId(9)

  2026-07-13T00:07:24.484533Z DEBUG  Assigned hole #6 to x/y position 6/0
    at src/game.rs:257 on ThreadId(9)

  2026-07-13T00:07:24.484541Z DEBUG  Assigned hole #7 to x/y position 0/1
    at src/game.rs:257 on ThreadId(9)

  2026-07-13T00:07:24.484548Z DEBUG  Assigned hole #8 to x/y position 1/1
    at src/game.rs:257 on ThreadId(9)

  2026-07-13T00:07:24.484556Z DEBUG  Assigned hole #9 to x/y position 2/1
    at src/game.rs:257 on ThreadId(9)

  2026-07-13T00:07:24.484564Z DEBUG  Assigned hole #10 to x/y position 3/1
    at src/game.rs:257 on ThreadId(9)

  2026-07-13T00:07:24.484572Z DEBUG  Assigned hole #11 to x/y position 4/1
    at src/game.rs:257 on ThreadId(9)

  2026-07-13T00:07:24.484580Z DEBUG  Assigned hole #12 to x/y position 5/1
    at src/game.rs:257 on ThreadId(9)

  2026-07-13T00:07:24.484589Z DEBUG  Assigned hole #13 to x/y position 0/2
    at src/game.rs:257 on ThreadId(9)

  2026-07-13T00:07:24.484598Z DEBUG  Assigned hole #14 to x/y position 1/2
    at src/game.rs:257 on ThreadId(9)

  2026-07-13T00:07:24.484606Z DEBUG  Assigned hole #15 to x/y position 2/2
    at src/game.rs:257 on ThreadId(9)

  2026-07-13T00:07:24.484614Z DEBUG  Assigned hole #16 to x/y position 3/2
    at src/game.rs:257 on ThreadId(9)

  2026-07-13T00:07:24.484622Z DEBUG  Assigned hole #17 to x/y position 4/2
    at src/game.rs:257 on ThreadId(9)

  2026-07-13T00:07:24.484630Z DEBUG  Assigned hole #18 to x/y position 5/2
    at src/game.rs:257 on ThreadId(9)

  2026-07-13T00:07:24.484637Z DEBUG  Assigned hole #19 to x/y position 6/2
    at src/game.rs:257 on ThreadId(9)

  2026-07-13T00:07:24.484645Z DEBUG  Assigned hole #20 to x/y position 0/3
    at src/game.rs:257 on ThreadId(9)

  2026-07-13T00:07:24.484653Z DEBUG  Assigned hole #21 to x/y position 1/3
    at src/game.rs:257 on ThreadId(9)

  2026-07-13T00:07:24.484660Z DEBUG  Assigned hole #22 to x/y position 2/3
    at src/game.rs:257 on ThreadId(9)

  2026-07-13T00:07:24.484668Z DEBUG  Assigned hole #23 to x/y position 3/3
    at src/game.rs:257 on ThreadId(9)

  2026-07-13T00:07:24.484676Z DEBUG  Assigned hole #24 to x/y position 4/3
    at src/game.rs:257 on ThreadId(9)

  2026-07-13T00:07:24.484683Z DEBUG  Assigned hole #25 to x/y position 5/3
    at src/game.rs:257 on ThreadId(9)

  2026-07-13T00:07:24.484691Z DEBUG  Assigned hole #26 to x/y position 0/4
    at src/game.rs:257 on ThreadId(9)

  2026-07-13T00:07:24.484698Z DEBUG  Assigned hole #27 to x/y position 1/4
    at src/game.rs:257 on ThreadId(9)

  2026-07-13T00:07:24.484706Z DEBUG  Assigned hole #28 to x/y position 2/4
    at src/game.rs:257 on ThreadId(9)

  2026-07-13T00:07:24.484713Z DEBUG  Assigned hole #29 to x/y position 3/4
    at src/game.rs:257 on ThreadId(9)

  2026-07-13T00:07:24.484721Z DEBUG  Assigned hole #30 to x/y position 4/4
    at src/game.rs:257 on ThreadId(9)

  2026-07-13T00:07:24.484728Z DEBUG  Assigned hole #31 to x/y position 5/4
    at src/game.rs:257 on ThreadId(9)

  2026-07-13T00:07:24.484736Z DEBUG  Assigned hole #32 to x/y position 6/4
    at src/game.rs:257 on ThreadId(9)

  2026-07-13T00:07:24.484743Z DEBUG  Assigned hole #33 to x/y position 0/5
    at src/game.rs:257 on ThreadId(9)

  2026-07-13T00:07:24.484751Z DEBUG  Assigned hole #34 to x/y position 1/5
    at src/game.rs:257 on ThreadId(9)

  2026-07-13T00:07:24.484758Z DEBUG  Assigned hole #35 to x/y position 2/5
    at src/game.rs:257 on ThreadId(9)

  2026-07-13T00:07:24.484766Z DEBUG  Assigned hole #36 to x/y position 3/5
    at src/game.rs:257 on ThreadId(9)

  2026-07-13T00:07:24.484773Z DEBUG  Assigned hole #37 to x/y position 4/5
    at src/game.rs:257 on ThreadId(9)

  2026-07-13T00:07:24.484781Z DEBUG  Assigned hole #38 to x/y position 5/5
    at src/game.rs:257 on ThreadId(9)

  2026-07-13T00:07:24.484789Z DEBUG  Assigned hole #39 to x/y position 0/6
    at src/game.rs:257 on ThreadId(9)

  2026-07-13T00:07:24.484796Z DEBUG  Assigned hole #40 to x/y position 1/6
    at src/game.rs:257 on ThreadId(9)

  2026-07-13T00:07:24.484804Z DEBUG  Assigned hole #41 to x/y position 2/6
    at src/game.rs:257 on ThreadId(9)

  2026-07-13T00:07:24.484812Z DEBUG  Assigned hole #42 to x/y position 3/6
    at src/game.rs:257 on ThreadId(9)

  2026-07-13T00:07:24.484820Z DEBUG  Assigned hole #43 to x/y position 4/6
    at src/game.rs:257 on ThreadId(9)

  2026-07-13T00:07:24.484827Z DEBUG  Assigned hole #44 to x/y position 5/6
    at src/game.rs:257 on ThreadId(9)

  2026-07-13T00:07:24.484835Z  INFO  Naming 45 moles and assigning them to holes
    at src/game.rs:185 on ThreadId(9)

  2026-07-13T00:07:24.484849Z DEBUG  Assigned mole Howard to hole at x/y 3/0
    at src/game.rs:205 on ThreadId(9)

  2026-07-13T00:07:24.484862Z DEBUG  Assigned mole Janice to hole at x/y 6/2
    at src/game.rs:205 on ThreadId(9)

  2026-07-13T00:07:24.484887Z DEBUG  Assigned mole Doris to hole at x/y 4/1
    at src/game.rs:205 on ThreadId(9)

  2026-07-13T00:07:24.484901Z DEBUG  Assigned mole Jordan to hole at x/y 5/6
    at src/game.rs:205 on ThreadId(9)

  2026-07-13T00:07:24.484915Z DEBUG  Assigned mole Cynthia to hole at x/y 0/6
    at src/game.rs:205 on ThreadId(9)

  2026-07-13T00:07:24.484928Z DEBUG  Assigned mole Bryan to hole at x/y 1/3
    at src/game.rs:205 on ThreadId(9)

  2026-07-13T00:07:24.484941Z DEBUG  Assigned mole Rachel to hole at x/y 0/3
    at src/game.rs:205 on ThreadId(9)

  2026-07-13T00:07:24.484957Z DEBUG  Assigned mole Janet to hole at x/y 4/6
    at src/game.rs:205 on ThreadId(9)

  2026-07-13T00:07:24.484969Z DEBUG  Assigned mole Timothy to hole at x/y 2/3
    at src/game.rs:205 on ThreadId(9)

  2026-07-13T00:07:24.484982Z DEBUG  Assigned mole Cheryl to hole at x/y 5/4
    at src/game.rs:205 on ThreadId(9)

  2026-07-13T00:07:24.484994Z DEBUG  Assigned mole Kimberly to hole at x/y 1/1
    at src/game.rs:205 on ThreadId(9)

  2026-07-13T00:07:24.485008Z DEBUG  Assigned mole Austin to hole at x/y 2/1
    at src/game.rs:205 on ThreadId(9)

  2026-07-13T00:07:24.485020Z DEBUG  Assigned mole Deborah to hole at x/y 4/2
    at src/game.rs:205 on ThreadId(9)

  2026-07-13T00:07:24.485032Z DEBUG  Assigned mole Jordan to hole at x/y 3/6
    at src/game.rs:205 on ThreadId(9)

  2026-07-13T00:07:24.485044Z DEBUG  Assigned mole Jerry to hole at x/y 3/5
    at src/game.rs:205 on ThreadId(9)

  2026-07-13T00:07:24.485066Z DEBUG  Assigned mole Bradley to hole at x/y 4/4
    at src/game.rs:205 on ThreadId(9)

  2026-07-13T00:07:24.485078Z DEBUG  Assigned mole Margaret to hole at x/y 1/2
    at src/game.rs:205 on ThreadId(9)

  2026-07-13T00:07:24.485089Z DEBUG  Assigned mole Sara to hole at x/y 1/5
    at src/game.rs:205 on ThreadId(9)

  2026-07-13T00:07:24.485101Z DEBUG  Assigned mole Joe to hole at x/y 2/4
    at src/game.rs:205 on ThreadId(9)

  2026-07-13T00:07:24.485111Z DEBUG  Assigned mole Lori to hole at x/y 2/0
    at src/game.rs:205 on ThreadId(9)

  2026-07-13T00:07:24.485133Z DEBUG  Assigned mole Eric to hole at x/y 2/5
    at src/game.rs:205 on ThreadId(9)

  2026-07-13T00:07:24.485144Z DEBUG  Assigned mole Ruth to hole at x/y 3/4
    at src/game.rs:205 on ThreadId(9)

  2026-07-13T00:07:24.485155Z DEBUG  Assigned mole William to hole at x/y 0/0
    at src/game.rs:205 on ThreadId(9)

  2026-07-13T00:07:24.485166Z DEBUG  Assigned mole Gary to hole at x/y 6/4
    at src/game.rs:205 on ThreadId(9)

  2026-07-13T00:07:24.485181Z DEBUG  Assigned mole Steven to hole at x/y 0/4
    at src/game.rs:205 on ThreadId(9)

  2026-07-13T00:07:24.485191Z DEBUG  Assigned mole Maria to hole at x/y 0/2
    at src/game.rs:205 on ThreadId(9)

  2026-07-13T00:07:24.485203Z DEBUG  Assigned mole Kelly to hole at x/y 4/0
    at src/game.rs:205 on ThreadId(9)

  2026-07-13T00:07:24.485214Z DEBUG  Assigned mole Sean to hole at x/y 5/3
    at src/game.rs:205 on ThreadId(9)

  2026-07-13T00:07:24.485224Z DEBUG  Assigned mole Stephanie to hole at x/y 5/2
    at src/game.rs:205 on ThreadId(9)

  2026-07-13T00:07:24.485234Z DEBUG  Assigned mole Kathryn to hole at x/y 4/5
    at src/game.rs:205 on ThreadId(9)

  2026-07-13T00:07:24.485244Z DEBUG  Assigned mole Gabriel to hole at x/y 5/5
    at src/game.rs:205 on ThreadId(9)

  2026-07-13T00:07:24.485254Z DEBUG  Assigned mole Kathleen to hole at x/y 5/0
    at src/game.rs:205 on ThreadId(9)

  2026-07-13T00:07:24.485265Z DEBUG  Assigned mole Kathleen to hole at x/y 2/6
    at src/game.rs:205 on ThreadId(9)

  2026-07-13T00:07:24.485275Z DEBUG  Assigned mole Eric to hole at x/y 1/0
    at src/game.rs:205 on ThreadId(9)

  2026-07-13T00:07:24.485285Z DEBUG  Assigned mole Roger to hole at x/y 0/1
    at src/game.rs:205 on ThreadId(9)

  2026-07-13T00:07:24.485295Z DEBUG  Assigned mole Lauren to hole at x/y 3/2
    at src/game.rs:205 on ThreadId(9)

  2026-07-13T00:07:24.485305Z DEBUG  Assigned mole Kimberly to hole at x/y 2/2
    at src/game.rs:205 on ThreadId(9)

  2026-07-13T00:07:24.485316Z  INFO  Ran out of mole names, reloading from ./mole_names.txt
    at src/game.rs:223 on ThreadId(9)

  2026-07-13T00:07:24.485333Z  INFO  Reading mole names from file ./mole_names.txt
    at src/game.rs:279 on ThreadId(9)

  2026-07-13T00:07:24.485615Z DEBUG  Assigned mole Joan to hole at x/y 6/0
    at src/game.rs:205 on ThreadId(9)

  2026-07-13T00:07:24.486026Z ERROR  Tokio task for Game failed: JoinError::Panic(Id(13), "cannot sample empty range", ...)
    at src/main.rs:80 on ThreadId(1)

  2026-07-13T00:08:08.977627Z  INFO  Started tracing with logging to logs/mole_trace.log
    at src/main.rs:50 on ThreadId(1)

  2026-07-13T00:08:08.977951Z  INFO  *********** New Whack A Mole game run started ***********
    at src/main.rs:55 on ThreadId(1)

  2026-07-13T00:08:08.977990Z  INFO  Generating 8 moles
    at src/game.rs:238 on ThreadId(1)

  2026-07-13T00:08:08.978001Z  INFO  Reading mole names from file ./mole_names.txt
    at src/game.rs:279 on ThreadId(1)

  2026-07-13T00:08:08.978361Z  INFO  Generating 8 holes
    at src/game.rs:244 on ThreadId(1)

  2026-07-13T00:08:08.978383Z DEBUG  Assigned hole #0 to x/y position 0/0
    at src/game.rs:257 on ThreadId(1)

  2026-07-13T00:08:08.978393Z DEBUG  Assigned hole #1 to x/y position 1/0
    at src/game.rs:257 on ThreadId(1)

  2026-07-13T00:08:08.978401Z DEBUG  Assigned hole #2 to x/y position 2/0
    at src/game.rs:257 on ThreadId(1)

  2026-07-13T00:08:08.978408Z DEBUG  Assigned hole #3 to x/y position 0/1
    at src/game.rs:257 on ThreadId(1)

  2026-07-13T00:08:08.978417Z DEBUG  Assigned hole #4 to x/y position 1/1
    at src/game.rs:257 on ThreadId(1)

  2026-07-13T00:08:08.978425Z DEBUG  Assigned hole #5 to x/y position 0/2
    at src/game.rs:257 on ThreadId(1)

  2026-07-13T00:08:08.978432Z DEBUG  Assigned hole #6 to x/y position 1/2
    at src/game.rs:257 on ThreadId(1)

  2026-07-13T00:08:08.978440Z DEBUG  Assigned hole #7 to x/y position 2/2
    at src/game.rs:257 on ThreadId(1)

  2026-07-13T00:08:08.978447Z  INFO  Init: Naming 8 moles from pool of 1000 names and 8 holes
    at src/game.rs:70 on ThreadId(1)

  2026-07-13T00:08:08.978457Z  INFO  Naming 8 moles and assigning them to holes
    at src/game.rs:185 on ThreadId(1)

  2026-07-13T00:08:08.978504Z DEBUG  Assigned mole Judith to hole at x/y 0/0
    at src/game.rs:205 on ThreadId(1)

  2026-07-13T00:08:08.978514Z DEBUG  Assigned mole Deborah to hole at x/y 0/1
    at src/game.rs:205 on ThreadId(1)

  2026-07-13T00:08:08.978524Z DEBUG  Assigned mole Donna to hole at x/y 2/2
    at src/game.rs:205 on ThreadId(1)

  2026-07-13T00:08:08.978532Z DEBUG  Assigned mole Lori to hole at x/y 2/0
    at src/game.rs:205 on ThreadId(1)

  2026-07-13T00:08:08.978541Z DEBUG  Assigned mole Sarah to hole at x/y 1/2
    at src/game.rs:205 on ThreadId(1)

  2026-07-13T00:08:08.978551Z DEBUG  Assigned mole Christina to hole at x/y 0/2
    at src/game.rs:205 on ThreadId(1)

  2026-07-13T00:08:08.978559Z DEBUG  Assigned mole Daniel to hole at x/y 1/1
    at src/game.rs:205 on ThreadId(1)

  2026-07-13T00:08:08.978567Z DEBUG  Assigned mole Albert to hole at x/y 1/0
    at src/game.rs:205 on ThreadId(1)

  2026-07-13T00:08:08.978575Z  INFO  Initialized game with 8 moles and 8 holes
    at src/main.rs:64 on ThreadId(1)

  2026-07-13T00:08:08.979184Z  INFO  Spawned game task
    at src/main.rs:73 on ThreadId(1)

  2026-07-13T00:08:08.979202Z  INFO  Spawned renderer task
    at src/main.rs:75 on ThreadId(1)

  2026-07-13T00:08:08.979225Z  INFO  Entered Game::run() with tick interval 50ms
    at src/game.rs:82 on ThreadId(11)

  2026-07-13T00:08:08.979355Z TRACE  registering event source with poller: token=Token(0), interests=READABLE
    at /Users/eric/.cargo/registry/src/index.crates.io-1949cf8c6b5b557f/mio-1.2.1/src/poll.rs:578 on ThreadId(11)

  2026-07-13T00:08:08.979430Z TRACE  registering event source with poller: token=Token(1), interests=READABLE
    at /Users/eric/.cargo/registry/src/index.crates.io-1949cf8c6b5b557f/mio-1.2.1/src/poll.rs:578 on ThreadId(11)

  2026-07-13T00:08:08.982372Z  INFO  Entered Renderer::recv_panel_updates() with tick interval 17ms
    at src/renderer.rs:130 on ThreadId(9)

  2026-07-13T00:08:17.619899Z  INFO  Increasing number of moles from 8 to 9
    at src/game.rs:157 on ThreadId(8)

  2026-07-13T00:08:17.621032Z  INFO  Generating 9 moles
    at src/game.rs:238 on ThreadId(8)

  2026-07-13T00:08:17.621071Z  INFO  Increasing number of holes from 8 to 9
    at src/game.rs:164 on ThreadId(8)

  2026-07-13T00:08:17.621094Z  INFO  Generating 9 holes
    at src/game.rs:244 on ThreadId(8)

  2026-07-13T00:08:17.621115Z DEBUG  Assigned hole #0 to x/y position 0/0
    at src/game.rs:257 on ThreadId(8)

  2026-07-13T00:08:17.621132Z DEBUG  Assigned hole #1 to x/y position 1/0
    at src/game.rs:257 on ThreadId(8)

  2026-07-13T00:08:17.621148Z DEBUG  Assigned hole #2 to x/y position 2/0
    at src/game.rs:257 on ThreadId(8)

  2026-07-13T00:08:17.621164Z DEBUG  Assigned hole #3 to x/y position 0/1
    at src/game.rs:257 on ThreadId(8)

  2026-07-13T00:08:17.621181Z DEBUG  Assigned hole #4 to x/y position 1/1
    at src/game.rs:257 on ThreadId(8)

  2026-07-13T00:08:17.621196Z DEBUG  Assigned hole #5 to x/y position 0/2
    at src/game.rs:257 on ThreadId(8)

  2026-07-13T00:08:17.621213Z DEBUG  Assigned hole #6 to x/y position 1/2
    at src/game.rs:257 on ThreadId(8)

  2026-07-13T00:08:17.621229Z DEBUG  Assigned hole #7 to x/y position 2/2
    at src/game.rs:257 on ThreadId(8)

  2026-07-13T00:08:17.621247Z DEBUG  Assigned hole #8 to x/y position 0/3
    at src/game.rs:257 on ThreadId(8)

  2026-07-13T00:08:17.621262Z  INFO  Naming 9 moles and assigning them to holes
    at src/game.rs:185 on ThreadId(8)

  2026-07-13T00:08:17.621318Z DEBUG  Assigned mole Nancy to hole at x/y 1/2
    at src/game.rs:205 on ThreadId(8)

  2026-07-13T00:08:17.621337Z DEBUG  Assigned mole Jesse to hole at x/y 1/0
    at src/game.rs:205 on ThreadId(8)

  2026-07-13T00:08:17.621350Z DEBUG  Assigned mole Kayla to hole at x/y 0/1
    at src/game.rs:205 on ThreadId(8)

  2026-07-13T00:08:17.621363Z DEBUG  Assigned mole Victoria to hole at x/y 1/1
    at src/game.rs:205 on ThreadId(8)

  2026-07-13T00:08:17.621375Z DEBUG  Assigned mole Joshua to hole at x/y 2/0
    at src/game.rs:205 on ThreadId(8)

  2026-07-13T00:08:17.621389Z DEBUG  Assigned mole Maria to hole at x/y 2/2
    at src/game.rs:205 on ThreadId(8)

  2026-07-13T00:08:17.621405Z DEBUG  Assigned mole Brittany to hole at x/y 0/3
    at src/game.rs:205 on ThreadId(8)

  2026-07-13T00:08:17.621420Z DEBUG  Assigned mole Samuel to hole at x/y 0/2
    at src/game.rs:205 on ThreadId(8)

  2026-07-13T00:08:17.621432Z DEBUG  Assigned mole Russell to hole at x/y 0/0
    at src/game.rs:205 on ThreadId(8)

  2026-07-13T00:08:19.644363Z  INFO  Decreasing number of moles from 9 to 8
    at src/game.rs:133 on ThreadId(3)

  2026-07-13T00:08:19.644608Z  INFO  Generating 8 moles
    at src/game.rs:238 on ThreadId(3)

  2026-07-13T00:08:19.644645Z  INFO  Decreasing number of holes from 9 to 8
    at src/game.rs:140 on ThreadId(3)

  2026-07-13T00:08:19.644664Z  INFO  Generating 8 holes
    at src/game.rs:244 on ThreadId(3)

  2026-07-13T00:08:19.644681Z DEBUG  Assigned hole #0 to x/y position 0/0
    at src/game.rs:257 on ThreadId(3)

  2026-07-13T00:08:19.644700Z DEBUG  Assigned hole #1 to x/y position 1/0
    at src/game.rs:257 on ThreadId(3)

  2026-07-13T00:08:19.644716Z DEBUG  Assigned hole #2 to x/y position 2/0
    at src/game.rs:257 on ThreadId(3)

  2026-07-13T00:08:19.644733Z DEBUG  Assigned hole #3 to x/y position 0/1
    at src/game.rs:257 on ThreadId(3)

  2026-07-13T00:08:19.644753Z DEBUG  Assigned hole #4 to x/y position 1/1
    at src/game.rs:257 on ThreadId(3)

  2026-07-13T00:08:19.644772Z DEBUG  Assigned hole #5 to x/y position 0/2
    at src/game.rs:257 on ThreadId(3)

  2026-07-13T00:08:19.644787Z DEBUG  Assigned hole #6 to x/y position 1/2
    at src/game.rs:257 on ThreadId(3)

  2026-07-13T00:08:19.644812Z DEBUG  Assigned hole #7 to x/y position 2/2
    at src/game.rs:257 on ThreadId(3)

  2026-07-13T00:08:19.644825Z  INFO  Naming 8 moles and assigning them to holes
    at src/game.rs:185 on ThreadId(3)

  2026-07-13T00:08:19.644893Z DEBUG  Assigned mole Larry to hole at x/y 1/0
    at src/game.rs:205 on ThreadId(3)

  2026-07-13T00:08:19.644910Z DEBUG  Assigned mole Harold to hole at x/y 0/0
    at src/game.rs:205 on ThreadId(3)

  2026-07-13T00:08:19.644925Z DEBUG  Assigned mole Gregory to hole at x/y 0/2
    at src/game.rs:205 on ThreadId(3)

  2026-07-13T00:08:19.644940Z DEBUG  Assigned mole Sarah to hole at x/y 0/1
    at src/game.rs:205 on ThreadId(3)

  2026-07-13T00:08:19.644951Z DEBUG  Assigned mole Lisa to hole at x/y 2/0
    at src/game.rs:205 on ThreadId(3)

  2026-07-13T00:08:19.644963Z DEBUG  Assigned mole Richard to hole at x/y 1/2
    at src/game.rs:205 on ThreadId(3)

  2026-07-13T00:08:19.644975Z DEBUG  Assigned mole Nancy to hole at x/y 1/1
    at src/game.rs:205 on ThreadId(3)

  2026-07-13T00:08:19.644987Z DEBUG  Assigned mole Howard to hole at x/y 2/2
    at src/game.rs:205 on ThreadId(3)

  2026-07-13T00:08:22.288318Z  INFO  Increasing number of moles from 8 to 9
    at src/game.rs:157 on ThreadId(8)

  2026-07-13T00:08:22.288497Z  INFO  Generating 9 moles
    at src/game.rs:238 on ThreadId(8)

  2026-07-13T00:08:22.288523Z  INFO  Increasing number of holes from 8 to 9
    at src/game.rs:164 on ThreadId(8)

  2026-07-13T00:08:22.288537Z  INFO  Generating 9 holes
    at src/game.rs:244 on ThreadId(8)

  2026-07-13T00:08:22.288549Z DEBUG  Assigned hole #0 to x/y position 0/0
    at src/game.rs:257 on ThreadId(8)

  2026-07-13T00:08:22.288560Z DEBUG  Assigned hole #1 to x/y position 1/0
    at src/game.rs:257 on ThreadId(8)

  2026-07-13T00:08:22.288570Z DEBUG  Assigned hole #2 to x/y position 2/0
    at src/game.rs:257 on ThreadId(8)

  2026-07-13T00:08:22.288580Z DEBUG  Assigned hole #3 to x/y position 0/1
    at src/game.rs:257 on ThreadId(8)

  2026-07-13T00:08:22.288590Z DEBUG  Assigned hole #4 to x/y position 1/1
    at src/game.rs:257 on ThreadId(8)

  2026-07-13T00:08:22.288600Z DEBUG  Assigned hole #5 to x/y position 0/2
    at src/game.rs:257 on ThreadId(8)

  2026-07-13T00:08:22.288610Z DEBUG  Assigned hole #6 to x/y position 1/2
    at src/game.rs:257 on ThreadId(8)

  2026-07-13T00:08:22.288619Z DEBUG  Assigned hole #7 to x/y position 2/2
    at src/game.rs:257 on ThreadId(8)

  2026-07-13T00:08:22.288628Z DEBUG  Assigned hole #8 to x/y position 0/3
    at src/game.rs:257 on ThreadId(8)

  2026-07-13T00:08:22.288637Z  INFO  Naming 9 moles and assigning them to holes
    at src/game.rs:185 on ThreadId(8)

  2026-07-13T00:08:22.288666Z DEBUG  Assigned mole Robert to hole at x/y 0/3
    at src/game.rs:205 on ThreadId(8)

  2026-07-13T00:08:22.288678Z DEBUG  Assigned mole Amy to hole at x/y 0/2
    at src/game.rs:205 on ThreadId(8)

  2026-07-13T00:08:22.288690Z DEBUG  Assigned mole Rebecca to hole at x/y 1/1
    at src/game.rs:205 on ThreadId(8)

  2026-07-13T00:08:22.288701Z DEBUG  Assigned mole Bradley to hole at x/y 0/0
    at src/game.rs:205 on ThreadId(8)

  2026-07-13T00:08:22.288712Z DEBUG  Assigned mole Anna to hole at x/y 1/2
    at src/game.rs:205 on ThreadId(8)

  2026-07-13T00:08:22.288726Z DEBUG  Assigned mole Amy to hole at x/y 2/0
    at src/game.rs:205 on ThreadId(8)

  2026-07-13T00:08:22.288738Z DEBUG  Assigned mole Kathleen to hole at x/y 1/0
    at src/game.rs:205 on ThreadId(8)

  2026-07-13T00:08:22.288753Z DEBUG  Assigned mole Nicole to hole at x/y 2/2
    at src/game.rs:205 on ThreadId(8)

  2026-07-13T00:08:22.288763Z DEBUG  Assigned mole Bryan to hole at x/y 0/1
    at src/game.rs:205 on ThreadId(8)

  2026-07-13T00:08:24.228054Z  INFO  Increasing number of moles from 9 to 10
    at src/game.rs:157 on ThreadId(3)

  2026-07-13T00:08:24.228165Z  INFO  Generating 10 moles
    at src/game.rs:238 on ThreadId(3)

  2026-07-13T00:08:24.228188Z  INFO  Increasing number of holes from 9 to 10
    at src/game.rs:164 on ThreadId(3)

  2026-07-13T00:08:24.228201Z  INFO  Generating 10 holes
    at src/game.rs:244 on ThreadId(3)

  2026-07-13T00:08:24.228212Z DEBUG  Assigned hole #0 to x/y position 0/0
    at src/game.rs:257 on ThreadId(3)

  2026-07-13T00:08:24.228223Z DEBUG  Assigned hole #1 to x/y position 1/0
    at src/game.rs:257 on ThreadId(3)

  2026-07-13T00:08:24.228234Z DEBUG  Assigned hole #2 to x/y position 2/0
    at src/game.rs:257 on ThreadId(3)

  2026-07-13T00:08:24.228243Z DEBUG  Assigned hole #3 to x/y position 3/0
    at src/game.rs:257 on ThreadId(3)

  2026-07-13T00:08:24.228253Z DEBUG  Assigned hole #4 to x/y position 0/1
    at src/game.rs:257 on ThreadId(3)

  2026-07-13T00:08:24.228263Z DEBUG  Assigned hole #5 to x/y position 1/1
    at src/game.rs:257 on ThreadId(3)

  2026-07-13T00:08:24.228271Z DEBUG  Assigned hole #6 to x/y position 2/1
    at src/game.rs:257 on ThreadId(3)

  2026-07-13T00:08:24.228281Z DEBUG  Assigned hole #7 to x/y position 0/2
    at src/game.rs:257 on ThreadId(3)

  2026-07-13T00:08:24.228290Z DEBUG  Assigned hole #8 to x/y position 1/2
    at src/game.rs:257 on ThreadId(3)

  2026-07-13T00:08:24.228298Z DEBUG  Assigned hole #9 to x/y position 2/2
    at src/game.rs:257 on ThreadId(3)

  2026-07-13T00:08:24.228309Z  INFO  Naming 10 moles and assigning them to holes
    at src/game.rs:185 on ThreadId(3)

  2026-07-13T00:08:24.228328Z DEBUG  Assigned mole Debra to hole at x/y 1/2
    at src/game.rs:205 on ThreadId(3)

  2026-07-13T00:08:24.228341Z DEBUG  Assigned mole Gerald to hole at x/y 2/1
    at src/game.rs:205 on ThreadId(3)

  2026-07-13T00:08:24.228353Z DEBUG  Assigned mole Pamela to hole at x/y 0/2
    at src/game.rs:205 on ThreadId(3)

  2026-07-13T00:08:24.228366Z DEBUG  Assigned mole Maria to hole at x/y 3/0
    at src/game.rs:205 on ThreadId(3)

  2026-07-13T00:08:24.228376Z DEBUG  Assigned mole Dennis to hole at x/y 2/0
    at src/game.rs:205 on ThreadId(3)

  2026-07-13T00:08:24.228387Z DEBUG  Assigned mole Logan to hole at x/y 2/2
    at src/game.rs:205 on ThreadId(3)

  2026-07-13T00:08:24.228398Z DEBUG  Assigned mole Melissa to hole at x/y 1/1
    at src/game.rs:205 on ThreadId(3)

  2026-07-13T00:08:24.228408Z DEBUG  Assigned mole Patrick to hole at x/y 1/0
    at src/game.rs:205 on ThreadId(3)

  2026-07-13T00:08:24.228419Z DEBUG  Assigned mole Billy to hole at x/y 0/0
    at src/game.rs:205 on ThreadId(3)

  2026-07-13T00:08:24.228429Z DEBUG  Assigned mole Timothy to hole at x/y 0/1
    at src/game.rs:205 on ThreadId(3)

  2026-07-13T00:08:24.633758Z  INFO  Increasing number of moles from 10 to 11
    at src/game.rs:157 on ThreadId(11)

  2026-07-13T00:08:24.633834Z  INFO  Generating 11 moles
    at src/game.rs:238 on ThreadId(11)

  2026-07-13T00:08:24.633853Z  INFO  Increasing number of holes from 10 to 11
    at src/game.rs:164 on ThreadId(11)

  2026-07-13T00:08:24.633864Z  INFO  Generating 11 holes
    at src/game.rs:244 on ThreadId(11)

  2026-07-13T00:08:24.633873Z DEBUG  Assigned hole #0 to x/y position 0/0
    at src/game.rs:257 on ThreadId(11)

  2026-07-13T00:08:24.633883Z DEBUG  Assigned hole #1 to x/y position 1/0
    at src/game.rs:257 on ThreadId(11)

  2026-07-13T00:08:24.633893Z DEBUG  Assigned hole #2 to x/y position 2/0
    at src/game.rs:257 on ThreadId(11)

  2026-07-13T00:08:24.633903Z DEBUG  Assigned hole #3 to x/y position 3/0
    at src/game.rs:257 on ThreadId(11)

  2026-07-13T00:08:24.633912Z DEBUG  Assigned hole #4 to x/y position 0/1
    at src/game.rs:257 on ThreadId(11)

  2026-07-13T00:08:24.633921Z DEBUG  Assigned hole #5 to x/y position 1/1
    at src/game.rs:257 on ThreadId(11)

  2026-07-13T00:08:24.633930Z DEBUG  Assigned hole #6 to x/y position 2/1
    at src/game.rs:257 on ThreadId(11)

  2026-07-13T00:08:24.633939Z DEBUG  Assigned hole #7 to x/y position 0/2
    at src/game.rs:257 on ThreadId(11)

  2026-07-13T00:08:24.633948Z DEBUG  Assigned hole #8 to x/y position 1/2
    at src/game.rs:257 on ThreadId(11)

  2026-07-13T00:08:24.633957Z DEBUG  Assigned hole #9 to x/y position 2/2
    at src/game.rs:257 on ThreadId(11)

  2026-07-13T00:08:24.633965Z DEBUG  Assigned hole #10 to x/y position 3/2
    at src/game.rs:257 on ThreadId(11)

  2026-07-13T00:08:24.633975Z  INFO  Naming 11 moles and assigning them to holes
    at src/game.rs:185 on ThreadId(11)

  2026-07-13T00:08:24.634017Z DEBUG  Assigned mole Randy to hole at x/y 3/0
    at src/game.rs:205 on ThreadId(11)

  2026-07-13T00:08:24.634030Z DEBUG  Assigned mole Jeremy to hole at x/y 1/1
    at src/game.rs:205 on ThreadId(11)

  2026-07-13T00:08:24.634042Z DEBUG  Assigned mole Henry to hole at x/y 1/2
    at src/game.rs:205 on ThreadId(11)

  2026-07-13T00:08:24.634054Z DEBUG  Assigned mole Bobby to hole at x/y 0/1
    at src/game.rs:205 on ThreadId(11)

  2026-07-13T00:08:24.634065Z DEBUG  Assigned mole Donna to hole at x/y 2/0
    at src/game.rs:205 on ThreadId(11)

  2026-07-13T00:08:24.634076Z DEBUG  Assigned mole Kelly to hole at x/y 3/2
    at src/game.rs:205 on ThreadId(11)

  2026-07-13T00:08:24.634088Z DEBUG  Assigned mole Mark to hole at x/y 1/0
    at src/game.rs:205 on ThreadId(11)

  2026-07-13T00:08:24.634099Z DEBUG  Assigned mole Doris to hole at x/y 0/2
    at src/game.rs:205 on ThreadId(11)

  2026-07-13T00:08:24.634110Z DEBUG  Assigned mole Tyler to hole at x/y 2/1
    at src/game.rs:205 on ThreadId(11)

  2026-07-13T00:08:24.634120Z DEBUG  Assigned mole Juan to hole at x/y 2/2
    at src/game.rs:205 on ThreadId(11)

  2026-07-13T00:08:24.634130Z DEBUG  Assigned mole Diana to hole at x/y 0/0
    at src/game.rs:205 on ThreadId(11)

  2026-07-13T00:08:24.959567Z  INFO  Increasing number of moles from 11 to 12
    at src/game.rs:157 on ThreadId(11)

  2026-07-13T00:08:24.959612Z  INFO  Generating 12 moles
    at src/game.rs:238 on ThreadId(11)

  2026-07-13T00:08:24.959628Z  INFO  Increasing number of holes from 11 to 12
    at src/game.rs:164 on ThreadId(11)

  2026-07-13T00:08:24.959640Z  INFO  Generating 12 holes
    at src/game.rs:244 on ThreadId(11)

  2026-07-13T00:08:24.959649Z DEBUG  Assigned hole #0 to x/y position 0/0
    at src/game.rs:257 on ThreadId(11)

  2026-07-13T00:08:24.959659Z DEBUG  Assigned hole #1 to x/y position 1/0
    at src/game.rs:257 on ThreadId(11)

  2026-07-13T00:08:24.959668Z DEBUG  Assigned hole #2 to x/y position 2/0
    at src/game.rs:257 on ThreadId(11)

  2026-07-13T00:08:24.959678Z DEBUG  Assigned hole #3 to x/y position 3/0
    at src/game.rs:257 on ThreadId(11)

  2026-07-13T00:08:24.959687Z DEBUG  Assigned hole #4 to x/y position 0/1
    at src/game.rs:257 on ThreadId(11)

  2026-07-13T00:08:24.959695Z DEBUG  Assigned hole #5 to x/y position 1/1
    at src/game.rs:257 on ThreadId(11)

  2026-07-13T00:08:24.959704Z DEBUG  Assigned hole #6 to x/y position 2/1
    at src/game.rs:257 on ThreadId(11)

  2026-07-13T00:08:24.959713Z DEBUG  Assigned hole #7 to x/y position 0/2
    at src/game.rs:257 on ThreadId(11)

  2026-07-13T00:08:24.959723Z DEBUG  Assigned hole #8 to x/y position 1/2
    at src/game.rs:257 on ThreadId(11)

  2026-07-13T00:08:24.959732Z DEBUG  Assigned hole #9 to x/y position 2/2
    at src/game.rs:257 on ThreadId(11)

  2026-07-13T00:08:24.959741Z DEBUG  Assigned hole #10 to x/y position 3/2
    at src/game.rs:257 on ThreadId(11)

  2026-07-13T00:08:24.959751Z DEBUG  Assigned hole #11 to x/y position 0/3
    at src/game.rs:257 on ThreadId(11)

  2026-07-13T00:08:24.959761Z  INFO  Naming 12 moles and assigning them to holes
    at src/game.rs:185 on ThreadId(11)

  2026-07-13T00:08:24.959779Z DEBUG  Assigned mole Christina to hole at x/y 0/0
    at src/game.rs:205 on ThreadId(11)

  2026-07-13T00:08:24.959791Z DEBUG  Assigned mole Kenneth to hole at x/y 2/0
    at src/game.rs:205 on ThreadId(11)

  2026-07-13T00:08:24.959802Z DEBUG  Assigned mole Ronald to hole at x/y 0/2
    at src/game.rs:205 on ThreadId(11)

  2026-07-13T00:08:24.959813Z DEBUG  Assigned mole Christina to hole at x/y 1/0
    at src/game.rs:205 on ThreadId(11)

  2026-07-13T00:08:24.959825Z DEBUG  Assigned mole Walter to hole at x/y 1/2
    at src/game.rs:205 on ThreadId(11)

  2026-07-13T00:08:24.959836Z DEBUG  Assigned mole Justin to hole at x/y 2/1
    at src/game.rs:205 on ThreadId(11)

  2026-07-13T00:08:24.959854Z DEBUG  Assigned mole Jose to hole at x/y 3/2
    at src/game.rs:205 on ThreadId(11)

  2026-07-13T00:08:24.959866Z DEBUG  Assigned mole William to hole at x/y 2/2
    at src/game.rs:205 on ThreadId(11)

  2026-07-13T00:08:24.959877Z DEBUG  Assigned mole Patricia to hole at x/y 1/1
    at src/game.rs:205 on ThreadId(11)

  2026-07-13T00:08:24.959888Z DEBUG  Assigned mole Rebecca to hole at x/y 0/1
    at src/game.rs:205 on ThreadId(11)

  2026-07-13T00:08:24.959898Z DEBUG  Assigned mole Teresa to hole at x/y 3/0
    at src/game.rs:205 on ThreadId(11)

  2026-07-13T00:08:24.959910Z DEBUG  Assigned mole Diana to hole at x/y 0/3
    at src/game.rs:205 on ThreadId(11)

  2026-07-13T00:08:25.226912Z  INFO  Increasing number of moles from 12 to 13
    at src/game.rs:157 on ThreadId(3)

  2026-07-13T00:08:25.226966Z  INFO  Generating 13 moles
    at src/game.rs:238 on ThreadId(3)

  2026-07-13T00:08:25.226984Z  INFO  Increasing number of holes from 12 to 13
    at src/game.rs:164 on ThreadId(3)

  2026-07-13T00:08:25.226996Z  INFO  Generating 13 holes
    at src/game.rs:244 on ThreadId(3)

  2026-07-13T00:08:25.227007Z DEBUG  Assigned hole #0 to x/y position 0/0
    at src/game.rs:257 on ThreadId(3)

  2026-07-13T00:08:25.227017Z DEBUG  Assigned hole #1 to x/y position 1/0
    at src/game.rs:257 on ThreadId(3)

  2026-07-13T00:08:25.227027Z DEBUG  Assigned hole #2 to x/y position 2/0
    at src/game.rs:257 on ThreadId(3)

  2026-07-13T00:08:25.227036Z DEBUG  Assigned hole #3 to x/y position 3/0
    at src/game.rs:257 on ThreadId(3)

  2026-07-13T00:08:25.227046Z DEBUG  Assigned hole #4 to x/y position 0/1
    at src/game.rs:257 on ThreadId(3)

  2026-07-13T00:08:25.227055Z DEBUG  Assigned hole #5 to x/y position 1/1
    at src/game.rs:257 on ThreadId(3)

  2026-07-13T00:08:25.227064Z DEBUG  Assigned hole #6 to x/y position 2/1
    at src/game.rs:257 on ThreadId(3)

  2026-07-13T00:08:25.227073Z DEBUG  Assigned hole #7 to x/y position 0/2
    at src/game.rs:257 on ThreadId(3)

  2026-07-13T00:08:25.227082Z DEBUG  Assigned hole #8 to x/y position 1/2
    at src/game.rs:257 on ThreadId(3)

  2026-07-13T00:08:25.227091Z DEBUG  Assigned hole #9 to x/y position 2/2
    at src/game.rs:257 on ThreadId(3)

  2026-07-13T00:08:25.227100Z DEBUG  Assigned hole #10 to x/y position 3/2
    at src/game.rs:257 on ThreadId(3)

  2026-07-13T00:08:25.227109Z DEBUG  Assigned hole #11 to x/y position 0/3
    at src/game.rs:257 on ThreadId(3)

  2026-07-13T00:08:25.227118Z DEBUG  Assigned hole #12 to x/y position 1/3
    at src/game.rs:257 on ThreadId(3)

  2026-07-13T00:08:25.227128Z  INFO  Naming 13 moles and assigning them to holes
    at src/game.rs:185 on ThreadId(3)

  2026-07-13T00:08:25.227143Z DEBUG  Assigned mole Scott to hole at x/y 0/3
    at src/game.rs:205 on ThreadId(3)

  2026-07-13T00:08:25.227157Z DEBUG  Assigned mole Dorothy to hole at x/y 3/0
    at src/game.rs:205 on ThreadId(3)

  2026-07-13T00:08:25.227169Z DEBUG  Assigned mole Frances to hole at x/y 1/2
    at src/game.rs:205 on ThreadId(3)

  2026-07-13T00:08:25.227181Z DEBUG  Assigned mole Richard to hole at x/y 0/1
    at src/game.rs:205 on ThreadId(3)

  2026-07-13T00:08:25.227192Z DEBUG  Assigned mole Jerry to hole at x/y 2/1
    at src/game.rs:205 on ThreadId(3)

  2026-07-13T00:08:25.227202Z DEBUG  Assigned mole Susan to hole at x/y 3/2
    at src/game.rs:205 on ThreadId(3)

  2026-07-13T00:08:25.227213Z DEBUG  Assigned mole Pamela to hole at x/y 2/0
    at src/game.rs:205 on ThreadId(3)

  2026-07-13T00:08:25.227224Z DEBUG  Assigned mole Charles to hole at x/y 1/0
    at src/game.rs:205 on ThreadId(3)

  2026-07-13T00:08:25.227234Z DEBUG  Assigned mole Gary to hole at x/y 2/2
    at src/game.rs:205 on ThreadId(3)

  2026-07-13T00:08:25.227245Z DEBUG  Assigned mole Charles to hole at x/y 1/3
    at src/game.rs:205 on ThreadId(3)

  2026-07-13T00:08:25.227255Z DEBUG  Assigned mole Jeremy to hole at x/y 1/1
    at src/game.rs:205 on ThreadId(3)

  2026-07-13T00:08:25.227266Z DEBUG  Assigned mole Alexander to hole at x/y 0/2
    at src/game.rs:205 on ThreadId(3)

  2026-07-13T00:08:25.227276Z DEBUG  Assigned mole Olivia to hole at x/y 0/0
    at src/game.rs:205 on ThreadId(3)

  2026-07-13T00:08:25.631944Z  INFO  Increasing number of moles from 13 to 14
    at src/game.rs:157 on ThreadId(3)

  2026-07-13T00:08:25.631996Z  INFO  Generating 14 moles
    at src/game.rs:238 on ThreadId(3)

  2026-07-13T00:08:25.632010Z  INFO  Increasing number of holes from 13 to 14
    at src/game.rs:164 on ThreadId(3)

  2026-07-13T00:08:25.632021Z  INFO  Generating 14 holes
    at src/game.rs:244 on ThreadId(3)

  2026-07-13T00:08:25.632032Z DEBUG  Assigned hole #0 to x/y position 0/0
    at src/game.rs:257 on ThreadId(3)

  2026-07-13T00:08:25.632043Z DEBUG  Assigned hole #1 to x/y position 1/0
    at src/game.rs:257 on ThreadId(3)

  2026-07-13T00:08:25.632053Z DEBUG  Assigned hole #2 to x/y position 2/0
    at src/game.rs:257 on ThreadId(3)

  2026-07-13T00:08:25.632063Z DEBUG  Assigned hole #3 to x/y position 3/0
    at src/game.rs:257 on ThreadId(3)

  2026-07-13T00:08:25.632072Z DEBUG  Assigned hole #4 to x/y position 0/1
    at src/game.rs:257 on ThreadId(3)

  2026-07-13T00:08:25.632081Z DEBUG  Assigned hole #5 to x/y position 1/1
    at src/game.rs:257 on ThreadId(3)

  2026-07-13T00:08:25.632090Z DEBUG  Assigned hole #6 to x/y position 2/1
    at src/game.rs:257 on ThreadId(3)

  2026-07-13T00:08:25.632098Z DEBUG  Assigned hole #7 to x/y position 0/2
    at src/game.rs:257 on ThreadId(3)

  2026-07-13T00:08:25.632107Z DEBUG  Assigned hole #8 to x/y position 1/2
    at src/game.rs:257 on ThreadId(3)

  2026-07-13T00:08:25.632116Z DEBUG  Assigned hole #9 to x/y position 2/2
    at src/game.rs:257 on ThreadId(3)

  2026-07-13T00:08:25.632124Z DEBUG  Assigned hole #10 to x/y position 3/2
    at src/game.rs:257 on ThreadId(3)

  2026-07-13T00:08:25.632133Z DEBUG  Assigned hole #11 to x/y position 0/3
    at src/game.rs:257 on ThreadId(3)

  2026-07-13T00:08:25.632142Z DEBUG  Assigned hole #12 to x/y position 1/3
    at src/game.rs:257 on ThreadId(3)

  2026-07-13T00:08:25.632150Z DEBUG  Assigned hole #13 to x/y position 2/3
    at src/game.rs:257 on ThreadId(3)

  2026-07-13T00:08:25.632159Z  INFO  Naming 14 moles and assigning them to holes
    at src/game.rs:185 on ThreadId(3)

  2026-07-13T00:08:25.632172Z DEBUG  Assigned mole Marilyn to hole at x/y 1/1
    at src/game.rs:205 on ThreadId(3)

  2026-07-13T00:08:25.632184Z DEBUG  Assigned mole Janice to hole at x/y 0/0
    at src/game.rs:205 on ThreadId(3)

  2026-07-13T00:08:25.632213Z DEBUG  Assigned mole Samantha to hole at x/y 2/0
    at src/game.rs:205 on ThreadId(3)

  2026-07-13T00:08:25.632226Z DEBUG  Assigned mole Gloria to hole at x/y 1/2
    at src/game.rs:205 on ThreadId(3)

  2026-07-13T00:08:25.632237Z DEBUG  Assigned mole Jeffrey to hole at x/y 1/0
    at src/game.rs:205 on ThreadId(3)

  2026-07-13T00:08:25.632247Z DEBUG  Assigned mole Robert to hole at x/y 3/0
    at src/game.rs:205 on ThreadId(3)

  2026-07-13T00:08:25.632258Z DEBUG  Assigned mole Jeffrey to hole at x/y 2/3
    at src/game.rs:205 on ThreadId(3)

  2026-07-13T00:08:25.632268Z DEBUG  Assigned mole Teresa to hole at x/y 2/2
    at src/game.rs:205 on ThreadId(3)

  2026-07-13T00:08:25.632279Z DEBUG  Assigned mole Henry to hole at x/y 3/2
    at src/game.rs:205 on ThreadId(3)

  2026-07-13T00:08:25.632289Z DEBUG  Assigned mole Beverly to hole at x/y 0/1
    at src/game.rs:205 on ThreadId(3)

  2026-07-13T00:08:25.632301Z DEBUG  Assigned mole Samantha to hole at x/y 0/3
    at src/game.rs:205 on ThreadId(3)

  2026-07-13T00:08:25.632311Z DEBUG  Assigned mole George to hole at x/y 0/2
    at src/game.rs:205 on ThreadId(3)

  2026-07-13T00:08:25.632321Z DEBUG  Assigned mole Christine to hole at x/y 1/3
    at src/game.rs:205 on ThreadId(3)

  2026-07-13T00:08:25.632331Z DEBUG  Assigned mole Edward to hole at x/y 2/1
    at src/game.rs:205 on ThreadId(3)

  2026-07-13T00:11:52.171212Z  INFO  Started tracing with logging to logs/mole_trace.log
    at src/main.rs:50 on ThreadId(1)

  2026-07-13T00:11:52.172000Z  INFO  *********** New Whack A Mole game run started ***********
    at src/main.rs:55 on ThreadId(1)

  2026-07-13T00:11:52.172053Z  INFO  Generating 8 moles
    at src/game.rs:237 on ThreadId(1)

  2026-07-13T00:11:52.172067Z  INFO  Reading mole names from file ./mole_names.txt
    at src/game.rs:278 on ThreadId(1)

  2026-07-13T00:11:52.172589Z  INFO  Generating 8 holes
    at src/game.rs:243 on ThreadId(1)

  2026-07-13T00:11:52.172621Z DEBUG  Assigned hole #0 to x/y position 0/0
    at src/game.rs:256 on ThreadId(1)

  2026-07-13T00:11:52.172632Z DEBUG  Assigned hole #1 to x/y position 1/0
    at src/game.rs:256 on ThreadId(1)

  2026-07-13T00:11:52.172641Z DEBUG  Assigned hole #2 to x/y position 2/0
    at src/game.rs:256 on ThreadId(1)

  2026-07-13T00:11:52.172649Z DEBUG  Assigned hole #3 to x/y position 0/1
    at src/game.rs:256 on ThreadId(1)

  2026-07-13T00:11:52.172657Z DEBUG  Assigned hole #4 to x/y position 1/1
    at src/game.rs:256 on ThreadId(1)

  2026-07-13T00:11:52.172665Z DEBUG  Assigned hole #5 to x/y position 0/2
    at src/game.rs:256 on ThreadId(1)

  2026-07-13T00:11:52.172672Z DEBUG  Assigned hole #6 to x/y position 1/2
    at src/game.rs:256 on ThreadId(1)

  2026-07-13T00:11:52.172680Z DEBUG  Assigned hole #7 to x/y position 2/2
    at src/game.rs:256 on ThreadId(1)

  2026-07-13T00:11:52.172688Z  INFO  Init: Naming 8 moles from pool of 1000 names and 8 holes
    at src/game.rs:70 on ThreadId(1)

  2026-07-13T00:11:52.172700Z  INFO  Naming 8 moles and assigning them to holes
    at src/game.rs:184 on ThreadId(1)

  2026-07-13T00:11:52.172748Z DEBUG  Assigned mole Maria to hole at x/y 1/0
    at src/game.rs:204 on ThreadId(1)

  2026-07-13T00:11:52.172758Z DEBUG  Assigned mole Daniel to hole at x/y 0/0
    at src/game.rs:204 on ThreadId(1)

  2026-07-13T00:11:52.172767Z DEBUG  Assigned mole Elizabeth to hole at x/y 0/1
    at src/game.rs:204 on ThreadId(1)

  2026-07-13T00:11:52.172776Z DEBUG  Assigned mole Henry to hole at x/y 1/2
    at src/game.rs:204 on ThreadId(1)

  2026-07-13T00:11:52.172784Z DEBUG  Assigned mole Kenneth to hole at x/y 2/0
    at src/game.rs:204 on ThreadId(1)

  2026-07-13T00:11:52.172792Z DEBUG  Assigned mole Michelle to hole at x/y 0/2
    at src/game.rs:204 on ThreadId(1)

  2026-07-13T00:11:52.172801Z DEBUG  Assigned mole Jacob to hole at x/y 2/2
    at src/game.rs:204 on ThreadId(1)

  2026-07-13T00:11:52.172808Z DEBUG  Assigned mole Victoria to hole at x/y 1/1
    at src/game.rs:204 on ThreadId(1)

  2026-07-13T00:11:52.172816Z  INFO  Initialized game with 8 moles and 8 holes
    at src/main.rs:64 on ThreadId(1)

  2026-07-13T00:11:52.173327Z  INFO  Spawned game task
    at src/main.rs:73 on ThreadId(1)

  2026-07-13T00:11:52.173342Z  INFO  Spawned renderer task
    at src/main.rs:75 on ThreadId(1)

  2026-07-13T00:11:52.173357Z  INFO  Entered Game::run() with tick interval 50ms
    at src/game.rs:82 on ThreadId(11)

  2026-07-13T00:11:52.173466Z TRACE  registering event source with poller: token=Token(0), interests=READABLE
    at /Users/eric/.cargo/registry/src/index.crates.io-1949cf8c6b5b557f/mio-1.2.1/src/poll.rs:578 on ThreadId(11)

  2026-07-13T00:11:52.173523Z TRACE  registering event source with poller: token=Token(1), interests=READABLE
    at /Users/eric/.cargo/registry/src/index.crates.io-1949cf8c6b5b557f/mio-1.2.1/src/poll.rs:578 on ThreadId(11)

  2026-07-13T00:11:52.178921Z  INFO  Entered Renderer::recv_panel_updates() with tick interval 17ms
    at src/renderer.rs:130 on ThreadId(10)

  2026-07-13T00:11:56.886427Z  INFO  Increasing number of moles from 8 to 9
    at src/game.rs:156 on ThreadId(11)

  2026-07-13T00:11:56.886620Z  INFO  Generating 9 moles
    at src/game.rs:237 on ThreadId(11)

  2026-07-13T00:11:56.886656Z  INFO  Increasing number of holes from 8 to 9
    at src/game.rs:163 on ThreadId(11)

  2026-07-13T00:11:56.886674Z  INFO  Generating 9 holes
    at src/game.rs:243 on ThreadId(11)

  2026-07-13T00:11:56.886689Z DEBUG  Assigned hole #0 to x/y position 0/0
    at src/game.rs:256 on ThreadId(11)

  2026-07-13T00:11:56.886701Z DEBUG  Assigned hole #1 to x/y position 1/0
    at src/game.rs:256 on ThreadId(11)

  2026-07-13T00:11:56.886712Z DEBUG  Assigned hole #2 to x/y position 2/0
    at src/game.rs:256 on ThreadId(11)

  2026-07-13T00:11:56.886725Z DEBUG  Assigned hole #3 to x/y position 0/1
    at src/game.rs:256 on ThreadId(11)

  2026-07-13T00:11:56.886737Z DEBUG  Assigned hole #4 to x/y position 1/1
    at src/game.rs:256 on ThreadId(11)

  2026-07-13T00:11:56.886748Z DEBUG  Assigned hole #5 to x/y position 0/2
    at src/game.rs:256 on ThreadId(11)

  2026-07-13T00:11:56.886759Z DEBUG  Assigned hole #6 to x/y position 1/2
    at src/game.rs:256 on ThreadId(11)

  2026-07-13T00:11:56.886770Z DEBUG  Assigned hole #7 to x/y position 2/2
    at src/game.rs:256 on ThreadId(11)

  2026-07-13T00:11:56.886781Z DEBUG  Assigned hole #8 to x/y position 0/3
    at src/game.rs:256 on ThreadId(11)

  2026-07-13T00:11:56.886796Z  INFO  Naming 9 moles and assigning them to holes
    at src/game.rs:184 on ThreadId(11)

  2026-07-13T00:11:56.886855Z DEBUG  Assigned mole Sarah to hole at x/y 2/2
    at src/game.rs:204 on ThreadId(11)

  2026-07-13T00:11:56.886874Z DEBUG  Assigned mole Nicole to hole at x/y 1/0
    at src/game.rs:204 on ThreadId(11)

  2026-07-13T00:11:56.886888Z DEBUG  Assigned mole Lori to hole at x/y 2/0
    at src/game.rs:204 on ThreadId(11)

  2026-07-13T00:11:56.886900Z DEBUG  Assigned mole Linda to hole at x/y 0/3
    at src/game.rs:204 on ThreadId(11)

  2026-07-13T00:11:56.886913Z DEBUG  Assigned mole Andrew to hole at x/y 0/1
    at src/game.rs:204 on ThreadId(11)

  2026-07-13T00:11:56.886925Z DEBUG  Assigned mole Bryan to hole at x/y 1/2
    at src/game.rs:204 on ThreadId(11)

  2026-07-13T00:11:56.886937Z DEBUG  Assigned mole Dorothy to hole at x/y 0/2
    at src/game.rs:204 on ThreadId(11)

  2026-07-13T00:11:56.886948Z DEBUG  Assigned mole Patricia to hole at x/y 1/1
    at src/game.rs:204 on ThreadId(11)

  2026-07-13T00:11:56.886960Z DEBUG  Assigned mole Catherine to hole at x/y 0/0
    at src/game.rs:204 on ThreadId(11)

  2026-07-13T00:12:07.686295Z  INFO  Increasing number of moles from 9 to 10
    at src/game.rs:156 on ThreadId(10)

  2026-07-13T00:12:07.686469Z  INFO  Generating 10 moles
    at src/game.rs:237 on ThreadId(10)

  2026-07-13T00:12:07.686499Z  INFO  Increasing number of holes from 9 to 10
    at src/game.rs:163 on ThreadId(10)

  2026-07-13T00:12:07.686514Z  INFO  Generating 10 holes
    at src/game.rs:243 on ThreadId(10)

  2026-07-13T00:12:07.686527Z DEBUG  Assigned hole #0 to x/y position 0/0
    at src/game.rs:256 on ThreadId(10)

  2026-07-13T00:12:07.686540Z DEBUG  Assigned hole #1 to x/y position 1/0
    at src/game.rs:256 on ThreadId(10)

  2026-07-13T00:12:07.686552Z DEBUG  Assigned hole #2 to x/y position 2/0
    at src/game.rs:256 on ThreadId(10)

  2026-07-13T00:12:07.686563Z DEBUG  Assigned hole #3 to x/y position 3/0
    at src/game.rs:256 on ThreadId(10)

  2026-07-13T00:12:07.686574Z DEBUG  Assigned hole #4 to x/y position 0/1
    at src/game.rs:256 on ThreadId(10)

  2026-07-13T00:12:07.686585Z DEBUG  Assigned hole #5 to x/y position 1/1
    at src/game.rs:256 on ThreadId(10)

  2026-07-13T00:12:07.686596Z DEBUG  Assigned hole #6 to x/y position 2/1
    at src/game.rs:256 on ThreadId(10)

  2026-07-13T00:12:07.686608Z DEBUG  Assigned hole #7 to x/y position 0/2
    at src/game.rs:256 on ThreadId(10)

  2026-07-13T00:12:07.686621Z DEBUG  Assigned hole #8 to x/y position 1/2
    at src/game.rs:256 on ThreadId(10)

  2026-07-13T00:12:07.686632Z DEBUG  Assigned hole #9 to x/y position 2/2
    at src/game.rs:256 on ThreadId(10)

  2026-07-13T00:12:07.686644Z  INFO  Naming 10 moles and assigning them to holes
    at src/game.rs:184 on ThreadId(10)

  2026-07-13T00:12:07.686718Z DEBUG  Assigned mole Mary to hole at x/y 1/0
    at src/game.rs:204 on ThreadId(10)

  2026-07-13T00:12:07.686735Z DEBUG  Assigned mole Theresa to hole at x/y 2/2
    at src/game.rs:204 on ThreadId(10)

  2026-07-13T00:12:07.686751Z DEBUG  Assigned mole Helen to hole at x/y 0/2
    at src/game.rs:204 on ThreadId(10)

  2026-07-13T00:12:07.686767Z DEBUG  Assigned mole Bobby to hole at x/y 0/1
    at src/game.rs:204 on ThreadId(10)

  2026-07-13T00:12:07.686779Z DEBUG  Assigned mole Charles to hole at x/y 1/1
    at src/game.rs:204 on ThreadId(10)

  2026-07-13T00:12:07.686793Z DEBUG  Assigned mole Diane to hole at x/y 3/0
    at src/game.rs:204 on ThreadId(10)

  2026-07-13T00:12:07.686807Z DEBUG  Assigned mole Cynthia to hole at x/y 0/0
    at src/game.rs:204 on ThreadId(10)

  2026-07-13T00:12:07.686821Z DEBUG  Assigned mole Anna to hole at x/y 2/1
    at src/game.rs:204 on ThreadId(10)

  2026-07-13T00:12:07.686833Z DEBUG  Assigned mole Kathleen to hole at x/y 1/2
    at src/game.rs:204 on ThreadId(10)

  2026-07-13T00:12:07.686844Z DEBUG  Assigned mole Katherine to hole at x/y 2/0
    at src/game.rs:204 on ThreadId(10)

  2026-07-13T00:12:21.664466Z  INFO  Increasing number of moles from 10 to 11
    at src/game.rs:156 on ThreadId(11)

  2026-07-13T00:12:21.664638Z  INFO  Generating 11 moles
    at src/game.rs:237 on ThreadId(11)

  2026-07-13T00:12:21.664674Z  INFO  Increasing number of holes from 10 to 11
    at src/game.rs:163 on ThreadId(11)

  2026-07-13T00:12:21.664689Z  INFO  Generating 11 holes
    at src/game.rs:243 on ThreadId(11)

  2026-07-13T00:12:21.664701Z DEBUG  Assigned hole #0 to x/y position 0/0
    at src/game.rs:256 on ThreadId(11)

  2026-07-13T00:12:21.664714Z DEBUG  Assigned hole #1 to x/y position 1/0
    at src/game.rs:256 on ThreadId(11)

  2026-07-13T00:12:21.664725Z DEBUG  Assigned hole #2 to x/y position 2/0
    at src/game.rs:256 on ThreadId(11)

  2026-07-13T00:12:21.664737Z DEBUG  Assigned hole #3 to x/y position 3/0
    at src/game.rs:256 on ThreadId(11)

  2026-07-13T00:12:21.664749Z DEBUG  Assigned hole #4 to x/y position 0/1
    at src/game.rs:256 on ThreadId(11)

  2026-07-13T00:12:21.664760Z DEBUG  Assigned hole #5 to x/y position 1/1
    at src/game.rs:256 on ThreadId(11)

  2026-07-13T00:12:21.664770Z DEBUG  Assigned hole #6 to x/y position 2/1
    at src/game.rs:256 on ThreadId(11)

  2026-07-13T00:12:21.664781Z DEBUG  Assigned hole #7 to x/y position 0/2
    at src/game.rs:256 on ThreadId(11)

  2026-07-13T00:12:21.664791Z DEBUG  Assigned hole #8 to x/y position 1/2
    at src/game.rs:256 on ThreadId(11)

  2026-07-13T00:12:21.664801Z DEBUG  Assigned hole #9 to x/y position 2/2
    at src/game.rs:256 on ThreadId(11)

  2026-07-13T00:12:21.664811Z DEBUG  Assigned hole #10 to x/y position 3/2
    at src/game.rs:256 on ThreadId(11)

  2026-07-13T00:12:21.664822Z  INFO  Naming 11 moles and assigning them to holes
    at src/game.rs:184 on ThreadId(11)

  2026-07-13T00:12:21.664851Z DEBUG  Assigned mole Raymond to hole at x/y 0/0
    at src/game.rs:204 on ThreadId(11)

  2026-07-13T00:12:21.664866Z DEBUG  Assigned mole Gabriel to hole at x/y 2/0
    at src/game.rs:204 on ThreadId(11)

  2026-07-13T00:12:21.664878Z DEBUG  Assigned mole Diana to hole at x/y 2/2
    at src/game.rs:204 on ThreadId(11)

  2026-07-13T00:12:21.664895Z DEBUG  Assigned mole Noah to hole at x/y 1/2
    at src/game.rs:204 on ThreadId(11)

  2026-07-13T00:12:21.664908Z DEBUG  Assigned mole Marie to hole at x/y 3/2
    at src/game.rs:204 on ThreadId(11)

  2026-07-13T00:12:21.664921Z DEBUG  Assigned mole Paul to hole at x/y 1/1
    at src/game.rs:204 on ThreadId(11)

  2026-07-13T00:12:21.664933Z DEBUG  Assigned mole Sean to hole at x/y 3/0
    at src/game.rs:204 on ThreadId(11)

  2026-07-13T00:12:21.664945Z DEBUG  Assigned mole Daniel to hole at x/y 0/1
    at src/game.rs:204 on ThreadId(11)

  2026-07-13T00:12:21.664957Z DEBUG  Assigned mole Lisa to hole at x/y 0/2
    at src/game.rs:204 on ThreadId(11)

  2026-07-13T00:12:21.664968Z DEBUG  Assigned mole Andrew to hole at x/y 1/0
    at src/game.rs:204 on ThreadId(11)

  2026-07-13T00:12:21.664980Z DEBUG  Assigned mole Johnny to hole at x/y 2/1
    at src/game.rs:204 on ThreadId(11)

  2026-07-13T00:12:26.146087Z  INFO  Increasing number of moles from 11 to 12
    at src/game.rs:156 on ThreadId(10)

  2026-07-13T00:12:26.146196Z  INFO  Generating 12 moles
    at src/game.rs:237 on ThreadId(10)

  2026-07-13T00:12:26.146223Z  INFO  Increasing number of holes from 11 to 12
    at src/game.rs:163 on ThreadId(10)

  2026-07-13T00:12:26.146238Z  INFO  Generating 12 holes
    at src/game.rs:243 on ThreadId(10)

  2026-07-13T00:12:26.146252Z DEBUG  Assigned hole #0 to x/y position 0/0
    at src/game.rs:256 on ThreadId(10)

  2026-07-13T00:12:26.146265Z DEBUG  Assigned hole #1 to x/y position 1/0
    at src/game.rs:256 on ThreadId(10)

  2026-07-13T00:12:26.146277Z DEBUG  Assigned hole #2 to x/y position 2/0
    at src/game.rs:256 on ThreadId(10)

  2026-07-13T00:12:26.146293Z DEBUG  Assigned hole #3 to x/y position 3/0
    at src/game.rs:256 on ThreadId(10)

  2026-07-13T00:12:26.146310Z DEBUG  Assigned hole #4 to x/y position 0/1
    at src/game.rs:256 on ThreadId(10)

  2026-07-13T00:12:26.146322Z DEBUG  Assigned hole #5 to x/y position 1/1
    at src/game.rs:256 on ThreadId(10)

  2026-07-13T00:12:26.146333Z DEBUG  Assigned hole #6 to x/y position 2/1
    at src/game.rs:256 on ThreadId(10)

  2026-07-13T00:12:26.146344Z DEBUG  Assigned hole #7 to x/y position 0/2
    at src/game.rs:256 on ThreadId(10)

  2026-07-13T00:12:26.146356Z DEBUG  Assigned hole #8 to x/y position 1/2
    at src/game.rs:256 on ThreadId(10)

  2026-07-13T00:12:26.146367Z DEBUG  Assigned hole #9 to x/y position 2/2
    at src/game.rs:256 on ThreadId(10)

  2026-07-13T00:12:26.146378Z DEBUG  Assigned hole #10 to x/y position 3/2
    at src/game.rs:256 on ThreadId(10)

  2026-07-13T00:12:26.146389Z DEBUG  Assigned hole #11 to x/y position 0/3
    at src/game.rs:256 on ThreadId(10)

  2026-07-13T00:12:26.146401Z  INFO  Naming 12 moles and assigning them to holes
    at src/game.rs:184 on ThreadId(10)

  2026-07-13T00:12:26.146421Z DEBUG  Assigned mole Theresa to hole at x/y 0/3
    at src/game.rs:204 on ThreadId(10)

  2026-07-13T00:12:26.146436Z DEBUG  Assigned mole Patricia to hole at x/y 1/2
    at src/game.rs:204 on ThreadId(10)

  2026-07-13T00:12:26.146450Z DEBUG  Assigned mole Marilyn to hole at x/y 3/2
    at src/game.rs:204 on ThreadId(10)

  2026-07-13T00:12:26.146463Z DEBUG  Assigned mole Isabella to hole at x/y 2/0
    at src/game.rs:204 on ThreadId(10)

  2026-07-13T00:12:26.146478Z DEBUG  Assigned mole Marie to hole at x/y 1/1
    at src/game.rs:204 on ThreadId(10)

  2026-07-13T00:12:26.146491Z DEBUG  Assigned mole Diana to hole at x/y 0/2
    at src/game.rs:204 on ThreadId(10)

  2026-07-13T00:12:26.146504Z DEBUG  Assigned mole Harold to hole at x/y 2/2
    at src/game.rs:204 on ThreadId(10)

  2026-07-13T00:12:26.146518Z DEBUG  Assigned mole Barbara to hole at x/y 3/0
    at src/game.rs:204 on ThreadId(10)

  2026-07-13T00:12:26.146530Z DEBUG  Assigned mole Melissa to hole at x/y 0/0
    at src/game.rs:204 on ThreadId(10)

  2026-07-13T00:12:26.146543Z DEBUG  Assigned mole Ruth to hole at x/y 1/0
    at src/game.rs:204 on ThreadId(10)

  2026-07-13T00:12:26.146556Z DEBUG  Assigned mole Benjamin to hole at x/y 0/1
    at src/game.rs:204 on ThreadId(10)

  2026-07-13T00:12:26.146568Z DEBUG  Assigned mole Charles to hole at x/y 2/1
    at src/game.rs:204 on ThreadId(10)

  2026-07-13T00:12:28.219555Z  INFO  Increasing number of moles from 12 to 13
    at src/game.rs:156 on ThreadId(10)

  2026-07-13T00:12:28.219668Z  INFO  Generating 13 moles
    at src/game.rs:237 on ThreadId(10)

  2026-07-13T00:12:28.219694Z  INFO  Increasing number of holes from 12 to 13
    at src/game.rs:163 on ThreadId(10)

  2026-07-13T00:12:28.219709Z  INFO  Generating 13 holes
    at src/game.rs:243 on ThreadId(10)

  2026-07-13T00:12:28.219721Z DEBUG  Assigned hole #0 to x/y position 0/0
    at src/game.rs:256 on ThreadId(10)

  2026-07-13T00:12:28.219734Z DEBUG  Assigned hole #1 to x/y position 1/0
    at src/game.rs:256 on ThreadId(10)

  2026-07-13T00:12:28.219747Z DEBUG  Assigned hole #2 to x/y position 2/0
    at src/game.rs:256 on ThreadId(10)

  2026-07-13T00:12:28.219763Z DEBUG  Assigned hole #3 to x/y position 3/0
    at src/game.rs:256 on ThreadId(10)

  2026-07-13T00:12:28.219777Z DEBUG  Assigned hole #4 to x/y position 0/1
    at src/game.rs:256 on ThreadId(10)

  2026-07-13T00:12:28.219789Z DEBUG  Assigned hole #5 to x/y position 1/1
    at src/game.rs:256 on ThreadId(10)

  2026-07-13T00:12:28.219800Z DEBUG  Assigned hole #6 to x/y position 2/1
    at src/game.rs:256 on ThreadId(10)

  2026-07-13T00:12:28.219811Z DEBUG  Assigned hole #7 to x/y position 0/2
    at src/game.rs:256 on ThreadId(10)

  2026-07-13T00:12:28.219822Z DEBUG  Assigned hole #8 to x/y position 1/2
    at src/game.rs:256 on ThreadId(10)

  2026-07-13T00:12:28.219833Z DEBUG  Assigned hole #9 to x/y position 2/2
    at src/game.rs:256 on ThreadId(10)

  2026-07-13T00:12:28.219844Z DEBUG  Assigned hole #10 to x/y position 3/2
    at src/game.rs:256 on ThreadId(10)

  2026-07-13T00:12:28.219855Z DEBUG  Assigned hole #11 to x/y position 0/3
    at src/game.rs:256 on ThreadId(10)

  2026-07-13T00:12:28.219865Z DEBUG  Assigned hole #12 to x/y position 1/3
    at src/game.rs:256 on ThreadId(10)

  2026-07-13T00:12:28.219877Z  INFO  Naming 13 moles and assigning them to holes
    at src/game.rs:184 on ThreadId(10)

  2026-07-13T00:12:28.219899Z DEBUG  Assigned mole Samuel to hole at x/y 1/3
    at src/game.rs:204 on ThreadId(10)

  2026-07-13T00:12:28.219918Z DEBUG  Assigned mole Nancy to hole at x/y 0/0
    at src/game.rs:204 on ThreadId(10)

  2026-07-13T00:12:28.219936Z DEBUG  Assigned mole Lori to hole at x/y 2/2
    at src/game.rs:204 on ThreadId(10)

  2026-07-13T00:12:28.219957Z DEBUG  Assigned mole Bryan to hole at x/y 0/1
    at src/game.rs:204 on ThreadId(10)

  2026-07-13T00:12:28.219974Z DEBUG  Assigned mole Mark to hole at x/y 0/3
    at src/game.rs:204 on ThreadId(10)

  2026-07-13T00:12:28.219995Z DEBUG  Assigned mole Eugene to hole at x/y 1/2
    at src/game.rs:204 on ThreadId(10)

  2026-07-13T00:12:28.220012Z DEBUG  Assigned mole Elizabeth to hole at x/y 3/2
    at src/game.rs:204 on ThreadId(10)

  2026-07-13T00:12:28.220030Z DEBUG  Assigned mole Donald to hole at x/y 0/2
    at src/game.rs:204 on ThreadId(10)

  2026-07-13T00:12:28.220048Z DEBUG  Assigned mole Bobby to hole at x/y 3/0
    at src/game.rs:204 on ThreadId(10)

  2026-07-13T00:12:28.220072Z DEBUG  Assigned mole Shirley to hole at x/y 2/1
    at src/game.rs:204 on ThreadId(10)

  2026-07-13T00:12:28.220090Z DEBUG  Assigned mole Janet to hole at x/y 1/0
    at src/game.rs:204 on ThreadId(10)

  2026-07-13T00:12:28.220124Z DEBUG  Assigned mole Robert to hole at x/y 1/1
    at src/game.rs:204 on ThreadId(10)

  2026-07-13T00:12:28.220140Z DEBUG  Assigned mole Nancy to hole at x/y 2/0
    at src/game.rs:204 on ThreadId(10)

  2026-07-13T00:12:29.048543Z  INFO  Increasing number of moles from 13 to 14
    at src/game.rs:156 on ThreadId(11)

  2026-07-13T00:12:29.048666Z  INFO  Generating 14 moles
    at src/game.rs:237 on ThreadId(11)

  2026-07-13T00:12:29.048692Z  INFO  Increasing number of holes from 13 to 14
    at src/game.rs:163 on ThreadId(11)

  2026-07-13T00:12:29.048706Z  INFO  Generating 14 holes
    at src/game.rs:243 on ThreadId(11)

  2026-07-13T00:12:29.048719Z DEBUG  Assigned hole #0 to x/y position 0/0
    at src/game.rs:256 on ThreadId(11)

  2026-07-13T00:12:29.048731Z DEBUG  Assigned hole #1 to x/y position 1/0
    at src/game.rs:256 on ThreadId(11)

  2026-07-13T00:12:29.048742Z DEBUG  Assigned hole #2 to x/y position 2/0
    at src/game.rs:256 on ThreadId(11)

  2026-07-13T00:12:29.048753Z DEBUG  Assigned hole #3 to x/y position 3/0
    at src/game.rs:256 on ThreadId(11)

  2026-07-13T00:12:29.048765Z DEBUG  Assigned hole #4 to x/y position 0/1
    at src/game.rs:256 on ThreadId(11)

  2026-07-13T00:12:29.048776Z DEBUG  Assigned hole #5 to x/y position 1/1
    at src/game.rs:256 on ThreadId(11)

  2026-07-13T00:12:29.048786Z DEBUG  Assigned hole #6 to x/y position 2/1
    at src/game.rs:256 on ThreadId(11)

  2026-07-13T00:12:29.048797Z DEBUG  Assigned hole #7 to x/y position 0/2
    at src/game.rs:256 on ThreadId(11)

  2026-07-13T00:12:29.048808Z DEBUG  Assigned hole #8 to x/y position 1/2
    at src/game.rs:256 on ThreadId(11)

  2026-07-13T00:12:29.048818Z DEBUG  Assigned hole #9 to x/y position 2/2
    at src/game.rs:256 on ThreadId(11)

  2026-07-13T00:12:29.048828Z DEBUG  Assigned hole #10 to x/y position 3/2
    at src/game.rs:256 on ThreadId(11)

  2026-07-13T00:12:29.048838Z DEBUG  Assigned hole #11 to x/y position 0/3
    at src/game.rs:256 on ThreadId(11)

  2026-07-13T00:12:29.048848Z DEBUG  Assigned hole #12 to x/y position 1/3
    at src/game.rs:256 on ThreadId(11)

  2026-07-13T00:12:29.048858Z DEBUG  Assigned hole #13 to x/y position 2/3
    at src/game.rs:256 on ThreadId(11)

  2026-07-13T00:12:29.048869Z  INFO  Naming 14 moles and assigning them to holes
    at src/game.rs:184 on ThreadId(11)

  2026-07-13T00:12:29.048889Z DEBUG  Assigned mole Jesse to hole at x/y 0/1
    at src/game.rs:204 on ThreadId(11)

  2026-07-13T00:12:29.048905Z DEBUG  Assigned mole Sandra to hole at x/y 2/0
    at src/game.rs:204 on ThreadId(11)

  2026-07-13T00:12:29.048918Z DEBUG  Assigned mole Joe to hole at x/y 2/3
    at src/game.rs:204 on ThreadId(11)

  2026-07-13T00:12:29.048934Z DEBUG  Assigned mole Ryan to hole at x/y 1/1
    at src/game.rs:204 on ThreadId(11)

  2026-07-13T00:12:29.048951Z DEBUG  Assigned mole Jaq to hole at x/y 1/2
    at src/game.rs:204 on ThreadId(11)

  2026-07-13T00:12:29.048965Z DEBUG  Assigned mole Ryan to hole at x/y 1/3
    at src/game.rs:204 on ThreadId(11)

  2026-07-13T00:12:29.048978Z DEBUG  Assigned mole Keith to hole at x/y 2/1
    at src/game.rs:204 on ThreadId(11)

  2026-07-13T00:12:29.048991Z DEBUG  Assigned mole Linda to hole at x/y 2/2
    at src/game.rs:204 on ThreadId(11)

  2026-07-13T00:12:29.049003Z DEBUG  Assigned mole Jordan to hole at x/y 3/0
    at src/game.rs:204 on ThreadId(11)

  2026-07-13T00:12:29.049017Z DEBUG  Assigned mole Sarah to hole at x/y 3/2
    at src/game.rs:204 on ThreadId(11)

  2026-07-13T00:12:29.049028Z DEBUG  Assigned mole Billy to hole at x/y 0/3
    at src/game.rs:204 on ThreadId(11)

  2026-07-13T00:12:29.049040Z DEBUG  Assigned mole Cheryl to hole at x/y 0/2
    at src/game.rs:204 on ThreadId(11)

  2026-07-13T00:12:29.049051Z DEBUG  Assigned mole Ralph to hole at x/y 0/0
    at src/game.rs:204 on ThreadId(11)

  2026-07-13T00:12:29.049079Z DEBUG  Assigned mole Debra to hole at x/y 1/0
    at src/game.rs:204 on ThreadId(11)

  2026-07-13T00:12:29.587166Z  INFO  Increasing number of moles from 14 to 15
    at src/game.rs:156 on ThreadId(6)

  2026-07-13T00:12:29.587341Z  INFO  Generating 15 moles
    at src/game.rs:237 on ThreadId(6)

  2026-07-13T00:12:29.587364Z  INFO  Increasing number of holes from 14 to 15
    at src/game.rs:163 on ThreadId(6)

  2026-07-13T00:12:29.587377Z  INFO  Generating 15 holes
    at src/game.rs:243 on ThreadId(6)

  2026-07-13T00:12:29.587389Z DEBUG  Assigned hole #0 to x/y position 0/0
    at src/game.rs:256 on ThreadId(6)

  2026-07-13T00:12:29.587401Z DEBUG  Assigned hole #1 to x/y position 1/0
    at src/game.rs:256 on ThreadId(6)

  2026-07-13T00:12:29.587412Z DEBUG  Assigned hole #2 to x/y position 2/0
    at src/game.rs:256 on ThreadId(6)

  2026-07-13T00:12:29.587422Z DEBUG  Assigned hole #3 to x/y position 3/0
    at src/game.rs:256 on ThreadId(6)

  2026-07-13T00:12:29.587433Z DEBUG  Assigned hole #4 to x/y position 0/1
    at src/game.rs:256 on ThreadId(6)

  2026-07-13T00:12:29.587444Z DEBUG  Assigned hole #5 to x/y position 1/1
    at src/game.rs:256 on ThreadId(6)

  2026-07-13T00:12:29.587454Z DEBUG  Assigned hole #6 to x/y position 2/1
    at src/game.rs:256 on ThreadId(6)

  2026-07-13T00:12:29.587464Z DEBUG  Assigned hole #7 to x/y position 0/2
    at src/game.rs:256 on ThreadId(6)

  2026-07-13T00:12:29.587474Z DEBUG  Assigned hole #8 to x/y position 1/2
    at src/game.rs:256 on ThreadId(6)

  2026-07-13T00:12:29.587484Z DEBUG  Assigned hole #9 to x/y position 2/2
    at src/game.rs:256 on ThreadId(6)

  2026-07-13T00:12:29.587494Z DEBUG  Assigned hole #10 to x/y position 3/2
    at src/game.rs:256 on ThreadId(6)

  2026-07-13T00:12:29.587504Z DEBUG  Assigned hole #11 to x/y position 0/3
    at src/game.rs:256 on ThreadId(6)

  2026-07-13T00:12:29.587520Z DEBUG  Assigned hole #12 to x/y position 1/3
    at src/game.rs:256 on ThreadId(6)

  2026-07-13T00:12:29.587532Z DEBUG  Assigned hole #13 to x/y position 2/3
    at src/game.rs:256 on ThreadId(6)

  2026-07-13T00:12:29.587542Z DEBUG  Assigned hole #14 to x/y position 0/4
    at src/game.rs:256 on ThreadId(6)

  2026-07-13T00:12:29.587553Z  INFO  Naming 15 moles and assigning them to holes
    at src/game.rs:184 on ThreadId(6)

  2026-07-13T00:12:29.587605Z DEBUG  Assigned mole Evelyn to hole at x/y 3/0
    at src/game.rs:204 on ThreadId(6)

  2026-07-13T00:12:29.587620Z DEBUG  Assigned mole Henry to hole at x/y 1/3
    at src/game.rs:204 on ThreadId(6)

  2026-07-13T00:12:29.587633Z DEBUG  Assigned mole Russell to hole at x/y 1/1
    at src/game.rs:204 on ThreadId(6)

  2026-07-13T00:12:29.587647Z DEBUG  Assigned mole Sharon to hole at x/y 1/0
    at src/game.rs:204 on ThreadId(6)

  2026-07-13T00:12:29.587661Z DEBUG  Assigned mole Joseph to hole at x/y 0/1
    at src/game.rs:204 on ThreadId(6)

  2026-07-13T00:12:29.587673Z DEBUG  Assigned mole Tyler to hole at x/y 2/2
    at src/game.rs:204 on ThreadId(6)

  2026-07-13T00:12:29.587685Z DEBUG  Assigned mole Sean to hole at x/y 0/3
    at src/game.rs:204 on ThreadId(6)

  2026-07-13T00:12:29.587699Z DEBUG  Assigned mole Debra to hole at x/y 2/3
    at src/game.rs:204 on ThreadId(6)

  2026-07-13T00:12:29.587712Z DEBUG  Assigned mole Katherine to hole at x/y 0/0
    at src/game.rs:204 on ThreadId(6)

  2026-07-13T00:12:29.587724Z DEBUG  Assigned mole Carolyn to hole at x/y 1/2
    at src/game.rs:204 on ThreadId(6)

  2026-07-13T00:12:29.587735Z DEBUG  Assigned mole Brittany to hole at x/y 0/2
    at src/game.rs:204 on ThreadId(6)

  2026-07-13T00:12:29.587747Z DEBUG  Assigned mole Sean to hole at x/y 0/4
    at src/game.rs:204 on ThreadId(6)

  2026-07-13T00:12:29.587759Z DEBUG  Assigned mole Gary to hole at x/y 3/2
    at src/game.rs:204 on ThreadId(6)

  2026-07-13T00:12:29.587770Z DEBUG  Assigned mole Kenneth to hole at x/y 2/0
    at src/game.rs:204 on ThreadId(6)

  2026-07-13T00:12:29.587781Z DEBUG  Assigned mole Douglas to hole at x/y 2/1
    at src/game.rs:204 on ThreadId(6)

  2026-07-13T00:12:32.061741Z  INFO  Increasing number of moles from 15 to 16
    at src/game.rs:156 on ThreadId(11)

  2026-07-13T00:12:32.061879Z  INFO  Generating 16 moles
    at src/game.rs:237 on ThreadId(11)

  2026-07-13T00:12:32.061908Z  INFO  Increasing number of holes from 15 to 16
    at src/game.rs:163 on ThreadId(11)

  2026-07-13T00:12:32.061924Z  INFO  Generating 16 holes
    at src/game.rs:243 on ThreadId(11)

  2026-07-13T00:12:32.061937Z DEBUG  Assigned hole #0 to x/y position 0/0
    at src/game.rs:256 on ThreadId(11)

  2026-07-13T00:12:32.061949Z DEBUG  Assigned hole #1 to x/y position 1/0
    at src/game.rs:256 on ThreadId(11)

  2026-07-13T00:12:32.061960Z DEBUG  Assigned hole #2 to x/y position 2/0
    at src/game.rs:256 on ThreadId(11)

  2026-07-13T00:12:32.061971Z DEBUG  Assigned hole #3 to x/y position 3/0
    at src/game.rs:256 on ThreadId(11)

  2026-07-13T00:12:32.061983Z DEBUG  Assigned hole #4 to x/y position 0/1
    at src/game.rs:256 on ThreadId(11)

  2026-07-13T00:12:32.061994Z DEBUG  Assigned hole #5 to x/y position 1/1
    at src/game.rs:256 on ThreadId(11)

  2026-07-13T00:12:32.062005Z DEBUG  Assigned hole #6 to x/y position 2/1
    at src/game.rs:256 on ThreadId(11)

  2026-07-13T00:12:32.062015Z DEBUG  Assigned hole #7 to x/y position 0/2
    at src/game.rs:256 on ThreadId(11)

  2026-07-13T00:12:32.062026Z DEBUG  Assigned hole #8 to x/y position 1/2
    at src/game.rs:256 on ThreadId(11)

  2026-07-13T00:12:32.062037Z DEBUG  Assigned hole #9 to x/y position 2/2
    at src/game.rs:256 on ThreadId(11)

  2026-07-13T00:12:32.062048Z DEBUG  Assigned hole #10 to x/y position 3/2
    at src/game.rs:256 on ThreadId(11)

  2026-07-13T00:12:32.062059Z DEBUG  Assigned hole #11 to x/y position 0/3
    at src/game.rs:256 on ThreadId(11)

  2026-07-13T00:12:32.062069Z DEBUG  Assigned hole #12 to x/y position 1/3
    at src/game.rs:256 on ThreadId(11)

  2026-07-13T00:12:32.062082Z DEBUG  Assigned hole #13 to x/y position 2/3
    at src/game.rs:256 on ThreadId(11)

  2026-07-13T00:12:32.062094Z DEBUG  Assigned hole #14 to x/y position 0/4
    at src/game.rs:256 on ThreadId(11)

  2026-07-13T00:12:32.062104Z DEBUG  Assigned hole #15 to x/y position 1/4
    at src/game.rs:256 on ThreadId(11)

  2026-07-13T00:12:32.062119Z  INFO  Naming 16 moles and assigning them to holes
    at src/game.rs:184 on ThreadId(11)

  2026-07-13T00:12:32.062144Z DEBUG  Assigned mole Gregory to hole at x/y 3/2
    at src/game.rs:204 on ThreadId(11)

  2026-07-13T00:12:32.062159Z DEBUG  Assigned mole Barbara to hole at x/y 1/2
    at src/game.rs:204 on ThreadId(11)

  2026-07-13T00:12:32.062172Z DEBUG  Assigned mole Jerry to hole at x/y 0/0
    at src/game.rs:204 on ThreadId(11)

  2026-07-13T00:12:32.062187Z DEBUG  Assigned mole Carol to hole at x/y 3/0
    at src/game.rs:204 on ThreadId(11)

  2026-07-13T00:12:32.062200Z DEBUG  Assigned mole Robert to hole at x/y 2/3
    at src/game.rs:204 on ThreadId(11)

  2026-07-13T00:12:32.062213Z DEBUG  Assigned mole Lawrence to hole at x/y 0/4
    at src/game.rs:204 on ThreadId(11)

  2026-07-13T00:12:32.062225Z DEBUG  Assigned mole Teresa to hole at x/y 0/2
    at src/game.rs:204 on ThreadId(11)

  2026-07-13T00:12:32.062239Z DEBUG  Assigned mole Debra to hole at x/y 1/1
    at src/game.rs:204 on ThreadId(11)

  2026-07-13T00:12:32.062252Z DEBUG  Assigned mole Patrick to hole at x/y 1/4
    at src/game.rs:204 on ThreadId(11)

  2026-07-13T00:12:32.062265Z DEBUG  Assigned mole Austin to hole at x/y 2/2
    at src/game.rs:204 on ThreadId(11)

  2026-07-13T00:12:32.062277Z DEBUG  Assigned mole Austin to hole at x/y 1/0
    at src/game.rs:204 on ThreadId(11)

  2026-07-13T00:12:32.062289Z DEBUG  Assigned mole Nicole to hole at x/y 0/1
    at src/game.rs:204 on ThreadId(11)

  2026-07-13T00:12:32.062304Z DEBUG  Assigned mole Louis to hole at x/y 2/1
    at src/game.rs:204 on ThreadId(11)

  2026-07-13T00:12:32.062316Z DEBUG  Assigned mole Shirley to hole at x/y 2/0
    at src/game.rs:204 on ThreadId(11)

  2026-07-13T00:12:32.062332Z DEBUG  Assigned mole Marilyn to hole at x/y 1/3
    at src/game.rs:204 on ThreadId(11)

  2026-07-13T00:12:32.062348Z DEBUG  Assigned mole Robert to hole at x/y 0/3
    at src/game.rs:204 on ThreadId(11)

  2026-07-13T00:12:33.467416Z  INFO  Increasing number of moles from 16 to 17
    at src/game.rs:156 on ThreadId(6)

  2026-07-13T00:12:33.467488Z  INFO  Generating 17 moles
    at src/game.rs:237 on ThreadId(6)

  2026-07-13T00:12:33.467513Z  INFO  Increasing number of holes from 16 to 17
    at src/game.rs:163 on ThreadId(6)

  2026-07-13T00:12:33.467525Z  INFO  Generating 17 holes
    at src/game.rs:243 on ThreadId(6)

  2026-07-13T00:12:33.467536Z DEBUG  Assigned hole #0 to x/y position 0/0
    at src/game.rs:256 on ThreadId(6)

  2026-07-13T00:12:33.467548Z DEBUG  Assigned hole #1 to x/y position 1/0
    at src/game.rs:256 on ThreadId(6)

  2026-07-13T00:12:33.467559Z DEBUG  Assigned hole #2 to x/y position 2/0
    at src/game.rs:256 on ThreadId(6)

  2026-07-13T00:12:33.467569Z DEBUG  Assigned hole #3 to x/y position 3/0
    at src/game.rs:256 on ThreadId(6)

  2026-07-13T00:12:33.467580Z DEBUG  Assigned hole #4 to x/y position 4/0
    at src/game.rs:256 on ThreadId(6)

  2026-07-13T00:12:33.467590Z DEBUG  Assigned hole #5 to x/y position 0/1
    at src/game.rs:256 on ThreadId(6)

  2026-07-13T00:12:33.467600Z DEBUG  Assigned hole #6 to x/y position 1/1
    at src/game.rs:256 on ThreadId(6)

  2026-07-13T00:12:33.467610Z DEBUG  Assigned hole #7 to x/y position 2/1
    at src/game.rs:256 on ThreadId(6)

  2026-07-13T00:12:33.467621Z DEBUG  Assigned hole #8 to x/y position 3/1
    at src/game.rs:256 on ThreadId(6)

  2026-07-13T00:12:33.467631Z DEBUG  Assigned hole #9 to x/y position 0/2
    at src/game.rs:256 on ThreadId(6)

  2026-07-13T00:12:33.467641Z DEBUG  Assigned hole #10 to x/y position 1/2
    at src/game.rs:256 on ThreadId(6)

  2026-07-13T00:12:33.467651Z DEBUG  Assigned hole #11 to x/y position 2/2
    at src/game.rs:256 on ThreadId(6)

  2026-07-13T00:12:33.467661Z DEBUG  Assigned hole #12 to x/y position 3/2
    at src/game.rs:256 on ThreadId(6)

  2026-07-13T00:12:33.467671Z DEBUG  Assigned hole #13 to x/y position 4/2
    at src/game.rs:256 on ThreadId(6)

  2026-07-13T00:12:33.467681Z DEBUG  Assigned hole #14 to x/y position 0/3
    at src/game.rs:256 on ThreadId(6)

  2026-07-13T00:12:33.467691Z DEBUG  Assigned hole #15 to x/y position 1/3
    at src/game.rs:256 on ThreadId(6)

  2026-07-13T00:12:33.467702Z DEBUG  Assigned hole #16 to x/y position 2/3
    at src/game.rs:256 on ThreadId(6)

  2026-07-13T00:12:33.467713Z  INFO  Naming 17 moles and assigning them to holes
    at src/game.rs:184 on ThreadId(6)

  2026-07-13T00:12:33.467728Z DEBUG  Assigned mole Alexis to hole at x/y 0/3
    at src/game.rs:204 on ThreadId(6)

  2026-07-13T00:12:33.467742Z DEBUG  Assigned mole Judith to hole at x/y 2/0
    at src/game.rs:204 on ThreadId(6)

  2026-07-13T00:12:33.467757Z DEBUG  Assigned mole Stephanie to hole at x/y 4/0
    at src/game.rs:204 on ThreadId(6)

  2026-07-13T00:12:33.467769Z DEBUG  Assigned mole Ronald to hole at x/y 2/2
    at src/game.rs:204 on ThreadId(6)

  2026-07-13T00:12:33.467787Z DEBUG  Assigned mole Jason to hole at x/y 1/3
    at src/game.rs:204 on ThreadId(6)

  2026-07-13T00:12:33.467800Z DEBUG  Assigned mole Shirley to hole at x/y 2/1
    at src/game.rs:204 on ThreadId(6)

  2026-07-13T00:12:33.467813Z DEBUG  Assigned mole Lori to hole at x/y 0/2
    at src/game.rs:204 on ThreadId(6)

  2026-07-13T00:12:33.467825Z DEBUG  Assigned mole Bradley to hole at x/y 4/2
    at src/game.rs:204 on ThreadId(6)

  2026-07-13T00:12:33.467837Z DEBUG  Assigned mole Teresa to hole at x/y 3/2
    at src/game.rs:204 on ThreadId(6)

  2026-07-13T00:12:33.467849Z DEBUG  Assigned mole Ethan to hole at x/y 3/0
    at src/game.rs:204 on ThreadId(6)

  2026-07-13T00:12:33.467863Z DEBUG  Assigned mole Stephanie to hole at x/y 3/1
    at src/game.rs:204 on ThreadId(6)

  2026-07-13T00:12:33.467876Z DEBUG  Assigned mole Amanda to hole at x/y 0/1
    at src/game.rs:204 on ThreadId(6)

  2026-07-13T00:12:33.467887Z DEBUG  Assigned mole Edward to hole at x/y 1/0
    at src/game.rs:204 on ThreadId(6)

  2026-07-13T00:12:33.467899Z DEBUG  Assigned mole Victoria to hole at x/y 0/0
    at src/game.rs:204 on ThreadId(6)

  2026-07-13T00:12:33.467910Z DEBUG  Assigned mole Diane to hole at x/y 2/3
    at src/game.rs:204 on ThreadId(6)

  2026-07-13T00:12:33.467921Z DEBUG  Assigned mole James to hole at x/y 1/1
    at src/game.rs:204 on ThreadId(6)

  2026-07-13T00:12:33.467932Z DEBUG  Assigned mole Jason to hole at x/y 1/2
    at src/game.rs:204 on ThreadId(6)

